{
  "horizon": 95,
  "lower_objective": 5.541134440416897,
  "lower_values": [
    5.309853812573512,
    5.701422880876907,
    5.701422880876907,
    5.701422880876907,
    5.701422880876907,
    5.131261306420245
  ],
  "method": "deterministic_joint_state_belief_propagation",
  "objective_estimate": 5.541369471169643,
  "status": "same_as_normal_no_violations",
  "tail_interval_width": 0.00047006150549222525,
  "total_belief_nodes": 8370,
  "unrestricted_upper_minus_restricted_lower": 0.008582990454915063,
  "upper_objective": 5.541604501922389,
  "upper_values": [
    5.310323874079005,
    5.7018929423824,
    5.7018929423824,
    5.7018929423824,
    5.7018929423824,
    5.131731367925738
  ]
}