{
  "horizon": 94,
  "lower_objective": 5.046575224958534,
  "lower_values": [
    5.222528051058698,
    4.859571520919602,
    5.222528051058698,
    5.222528051058698,
    5.222528051058698,
    4.529767624596809
  ],
  "method": "deterministic_joint_state_belief_propagation",
  "objective_estimate": 5.046825124748803,
  "status": "ok",
  "tail_interval_width": 0.0004997995805382516,
  "total_belief_nodes": 21543,
  "upper_objective": 5.0470750245390725,
  "upper_values": [
    5.223027850639237,
    4.860071320500141,
    5.223027850639237,
    5.223027850639237,
    5.223027850639237,
    4.530267424177346
  ]
}