{
  "alpha_vector_count": 5,
  "analysis_discounted_tail_bound": 9.67774912024056e-09,
  "analysis_horizon": 197,
  "analysis_total_belief_nodes": 7948,
  "beta": 0.0,
  "beta_index": 0,
  "discounted_transmission_occupancy": 3.3075177021740956,
  "epsilon": 0.09000000000000001,
  "epsilon_index": 8,
  "gamma": 0.9,
  "gamma_index": 0,
  "index": 8,
  "margin": -0.7371000000000003,
  "margin_region": "m<0",
  "mdp_seed": 1111,
  "normal_minus_restricted_lower": 0.06194715871622769,
  "normal_minus_restricted_upper": 0.06294675787733439,
  "normal_minus_restricted_value": 0.06244695829678015,
  "normal_policy_horizon": 94,
  "normal_policy_interval_width": 0.0004997995805382516,
  "normal_policy_lower_bound": 5.046575224958534,
  "normal_policy_total_belief_nodes": 21543,
  "normal_policy_upper_bound": 5.0470750245390725,
  "normal_policy_value": 5.046825124748803,
  "point_id": "g0_b00_e08",
  "restricted_lower_bound_status": "ok",
  "restricted_policy_horizon": 94,
  "restricted_policy_interval_width": 0.0004997995805684496,
  "restricted_policy_lower_bound": 4.984128266661738,
  "restricted_policy_total_belief_nodes": 12693,
  "restricted_policy_upper_bound": 4.984628066242307,
  "reused_solver_checkpoint": false,
  "root_gap": 0.01098681512953349,
  "sampled_belief_count": 6609961,
  "sarsop_gap": 0.01083514727764534,
  "sarsop_lower_bound": 5.04682924814391,
  "sarsop_upper_bound": 5.057664395421555,
  "solver_elapsed_seconds": 458.716922044754,
  "solver_iterations": 229,
  "solver_stop_reason": "precision",
  "status": "ok",
  "unrestricted_upper_minus_restricted_lower": 0.07353612875981685,
  "violation_count": 41,
  "violation_discounted_event_occupancy": 1.3804369663521094,
  "violation_first_depth_max": 18,
  "violation_first_depth_min": 0
}