{
  "horizon": 95,
  "lower_objective": 4.681265161911796,
  "lower_values": [
    4.308872728658169,
    5.053657595165424,
    4.308872728658169,
    4.308872728658169,
    5.053657595165424,
    5.053657595165424
  ],
  "method": "deterministic_joint_state_belief_propagation",
  "objective_estimate": 4.681500192664544,
  "status": "ok",
  "tail_interval_width": 0.0004700615054940016,
  "total_belief_nodes": 11307,
  "upper_objective": 4.68173522341729,
  "upper_values": [
    4.309342790163664,
    5.054127656670915,
    4.309342790163664,
    4.309342790163664,
    5.054127656670915,
    5.054127656670915
  ]
}