{
  "horizon": 95,
  "lower_objective": 2.0745216777876583,
  "lower_values": [
    1.9906311698403087,
    2.0434580570625367,
    1.9592391658341315,
    1.9906311698403087,
    2.0434580570625367,
    2.4197124470861286
  ],
  "method": "deterministic_joint_state_belief_propagation",
  "objective_estimate": 2.074756708540405,
  "status": "ok",
  "tail_interval_width": 0.0004700615054935575,
  "total_belief_nodes": 49423,
  "upper_objective": 2.074991739293152,
  "upper_values": [
    1.9911012313458012,
    2.0439281185680302,
    1.959709227339625,
    1.9911012313458012,
    2.0439281185680302,
    2.420182508591623
  ]
}