{
  "horizon": 95,
  "lower_objective": 2.265248659205289,
  "lower_values": [
    2.2070841125538614,
    2.2070841125538614,
    2.620944845487992,
    2.1422106595282986,
    2.2070841125538614,
    2.2070841125538614
  ],
  "method": "deterministic_joint_state_belief_propagation",
  "objective_estimate": 2.2654836899580357,
  "status": "same_as_normal_no_violations",
  "tail_interval_width": 0.00047006150549311343,
  "total_belief_nodes": 54049,
  "unrestricted_upper_minus_restricted_lower": 0.010639870256144768,
  "upper_objective": 2.2657187207107823,
  "upper_values": [
    2.2075541740593536,
    2.2075541740593536,
    2.6214149069934862,
    2.142680721033794,
    2.2075541740593536,
    2.2075541740593536
  ]
}