{
  "horizon": 95,
  "lower_objective": 3.8269710133648576,
  "lower_values": [
    3.716943623666771,
    3.996727437679659,
    3.5377565198166265,
    3.716943623666771,
    3.996727437679659,
    3.996727437679659
  ],
  "method": "deterministic_joint_state_belief_propagation",
  "objective_estimate": 3.8272060441176046,
  "status": "ok",
  "tail_interval_width": 0.0004700615054944457,
  "total_belief_nodes": 49968,
  "upper_objective": 3.827441074870352,
  "upper_values": [
    3.7174136851722652,
    3.9971974991851544,
    3.53822658132212,
    3.7174136851722652,
    3.9971974991851544,
    3.9971974991851544
  ]
}