{
  "horizon": 95,
  "lower_objective": 4.279135866035048,
  "lower_values": [
    4.474797157435461,
    3.9416138597669366,
    4.154404932068487,
    4.474797157435461,
    4.154404932068487,
    4.474797157435461
  ],
  "method": "deterministic_joint_state_belief_propagation",
  "objective_estimate": 4.279370896787794,
  "status": "ok",
  "tail_interval_width": 0.00047006150549311343,
  "total_belief_nodes": 26013,
  "upper_objective": 4.279605927540541,
  "upper_values": [
    4.475267218940955,
    3.942083921272429,
    4.154874993573978,
    4.475267218940955,
    4.154874993573978,
    4.475267218940955
  ]
}