{
  "horizon": 95,
  "lower_objective": 3.4741928752126046,
  "lower_values": [
    4.037956482563096,
    3.320972337068024,
    3.320972337068024,
    4.037956482563096,
    2.806327274945366,
    3.320972337068024
  ],
  "method": "deterministic_joint_state_belief_propagation",
  "objective_estimate": 3.474427905965352,
  "status": "same_as_normal_no_violations",
  "tail_interval_width": 0.0004700615054944457,
  "total_belief_nodes": 26984,
  "unrestricted_upper_minus_restricted_lower": 0.011116041607136307,
  "upper_objective": 3.474662936718099,
  "upper_values": [
    4.038426544068589,
    3.321442398573519,
    3.321442398573519,
    4.038426544068589,
    2.8067973364508605,
    3.321442398573519
  ]
}