{
  "horizon": 94,
  "lower_objective": 5.065282117253382,
  "lower_values": [
    5.239788134826515,
    4.886006283070958,
    5.239788134826515,
    5.239788134826515,
    5.239788134826515,
    4.546533881143275
  ],
  "method": "deterministic_joint_state_belief_propagation",
  "objective_estimate": 5.065532017043667,
  "status": "ok",
  "tail_interval_width": 0.000499799580570226,
  "total_belief_nodes": 18755,
  "unrestricted_upper_minus_restricted_lower": 0.039703614023978595,
  "upper_objective": 5.065781916833952,
  "upper_values": [
    5.240287934407051,
    4.886506082651492,
    5.240287934407051,
    5.240287934407051,
    5.240287934407051,
    4.547033680724024
  ]
}