{
  "horizon": 94,
  "lower_objective": 5.1121745386221225,
  "lower_values": [
    5.287554320852372,
    4.933205539485532,
    5.287554320852372,
    5.287554320852372,
    5.287554320852372,
    4.589624408837713
  ],
  "method": "deterministic_joint_state_belief_propagation",
  "objective_estimate": 5.11242443841239,
  "status": "ok",
  "tail_interval_width": 0.0004997995805346989,
  "total_belief_nodes": 16393,
  "upper_objective": 5.112674338202657,
  "upper_values": [
    5.288054120432908,
    4.933705339066068,
    5.288054120432908,
    5.288054120432908,
    5.288054120432908,
    4.590124208418247
  ]
}