{
  "horizon": 94,
  "lower_objective": 5.097349390580561,
  "lower_values": [
    5.272201300283005,
    4.919394316085354,
    5.272201300283005,
    5.272201300283005,
    5.272201300283005,
    4.5758968262659945
  ],
  "method": "deterministic_joint_state_belief_propagation",
  "objective_estimate": 5.097599290370844,
  "status": "ok",
  "tail_interval_width": 0.0004997995805648969,
  "total_belief_nodes": 10280,
  "unrestricted_upper_minus_restricted_lower": 0.02494168033203703,
  "upper_objective": 5.097849190161126,
  "upper_values": [
    5.272701099863539,
    4.919894115665889,
    5.272701099863539,
    5.272701099863539,
    5.272701099863539,
    4.576396625846714
  ]
}