{
  "alpha_vector_count": 8,
  "analysis_discounted_tail_bound": 9.67774912024056e-09,
  "analysis_horizon": 197,
  "analysis_total_belief_nodes": 5949,
  "beta": 0.0,
  "beta_index": 0,
  "discounted_transmission_occupancy": 6.577734370416953,
  "epsilon": 0.020000000000000004,
  "epsilon_index": 1,
  "gamma": 0.9,
  "gamma_index": 0,
  "index": 1,
  "margin": -0.1764000000000001,
  "margin_region": "m<0",
  "mdp_seed": 1111,
  "normal_minus_restricted_lower": 0.014325348460996423,
  "normal_minus_restricted_upper": 0.015324947622096019,
  "normal_minus_restricted_value": 0.014825148041546221,
  "normal_policy_horizon": 94,
  "normal_policy_interval_width": 0.0004997995805346989,
  "normal_policy_lower_bound": 5.1121745386221225,
  "normal_policy_total_belief_nodes": 16393,
  "normal_policy_upper_bound": 5.112674338202657,
  "normal_policy_value": 5.11242443841239,
  "point_id": "g0_b00_e01",
  "restricted_lower_bound_status": "ok",
  "restricted_policy_horizon": 94,
  "restricted_policy_interval_width": 0.0004997995805648969,
  "restricted_policy_lower_bound": 5.097349390580561,
  "restricted_policy_total_belief_nodes": 10280,
  "restricted_policy_upper_bound": 5.097849190161126,
  "reused_solver_checkpoint": false,
  "root_gap": 0.0105417009151597,
  "sampled_belief_count": 712468,
  "sarsop_gap": 0.010423294817905493,
  "sarsop_lower_bound": 5.111867776094693,
  "sarsop_upper_bound": 5.122291070912598,
  "solver_elapsed_seconds": 4.098989009857178,
  "solver_iterations": 36,
  "solver_stop_reason": "precision",
  "status": "ok",
  "unrestricted_upper_minus_restricted_lower": 0.02494168033203703,
  "violation_count": 35,
  "violation_discounted_event_occupancy": 4.777406769017712,
  "violation_first_depth_max": 12,
  "violation_first_depth_min": 0
}