{
  "horizon": 95,
  "lower_objective": 2.4416865852492355,
  "lower_values": [
    2.3087492185581393,
    2.30865957412773,
    2.7076957852770422,
    2.30865957412773,
    2.7076957852770422,
    2.30865957412773
  ],
  "method": "deterministic_joint_state_belief_propagation",
  "objective_estimate": 2.441921616001982,
  "status": "ok",
  "tail_interval_width": 0.0004700615054935575,
  "total_belief_nodes": 27078,
  "upper_objective": 2.442156646754729,
  "upper_values": [
    2.3092192800636324,
    2.3091296356332247,
    2.7081658467825345,
    2.3091296356332247,
    2.7081658467825345,
    2.3091296356332247
  ]
}