{
  "horizon": 95,
  "lower_objective": 3.900554821072303,
  "lower_values": [
    3.9684744174376325,
    3.9684744174376325,
    3.9684744174376325,
    3.5609568392456588,
    3.9684744174376325,
    3.9684744174376325
  ],
  "method": "deterministic_joint_state_belief_propagation",
  "objective_estimate": 3.90078985182505,
  "status": "ok",
  "tail_interval_width": 0.0004700615054935575,
  "total_belief_nodes": 28469,
  "upper_objective": 3.9010248825777967,
  "upper_values": [
    3.968944478943125,
    3.968944478943125,
    3.968944478943125,
    3.5614269007511536,
    3.968944478943125,
    3.968944478943125
  ]
}