{
  "horizon": 95,
  "lower_objective": 2.559589276988226,
  "lower_values": [
    2.428514232375929,
    2.8285317239538976,
    2.41490033085658,
    2.8285317239538976,
    2.428514232375929,
    2.4285434184131254
  ],
  "method": "deterministic_joint_state_belief_propagation",
  "objective_estimate": 2.559824307740974,
  "status": "same_as_normal_no_violations",
  "tail_interval_width": 0.0004700615054948898,
  "total_belief_nodes": 570,
  "unrestricted_upper_minus_restricted_lower": 0.0024012783925027037,
  "upper_objective": 2.560059338493721,
  "upper_values": [
    2.4289842938814226,
    2.829001785459393,
    2.4153703923620755,
    2.829001785459393,
    2.4289842938814226,
    2.4290134799186194
  ]
}