{
  "horizon": 95,
  "lower_objective": 2.7755540337191915,
  "lower_values": [
    2.300377905720561,
    3.217728432217847,
    2.871459680812945,
    2.5208388219379083,
    2.871459680812945,
    2.871459680812945
  ],
  "method": "deterministic_joint_state_belief_propagation",
  "objective_estimate": 2.7757890644719385,
  "status": "ok",
  "tail_interval_width": 0.0004700615054940016,
  "total_belief_nodes": 51853,
  "upper_objective": 2.7760240952246855,
  "upper_values": [
    2.3008479672260544,
    3.21819849372334,
    2.871929742318439,
    2.5213088834434005,
    2.871929742318439,
    2.871929742318439
  ]
}