{
  "action_encoding": {
    "formula": "action = prescription_index * n_receiver_actions + receiver_action",
    "solver_jpo_action_offset": 1,
    "state_zero_bit": "most_significant"
  },
  "bounds": {
    "gap": 10.609794255218034,
    "lower_objective": 40.950612542488614,
    "lower_values": [
      41.140427573264994,
      40.67613229401731,
      41.13088096135173,
      41.140427573264994,
      41.13088096135173,
      40.48492589168093
    ],
    "root_gap": 10.609838090606312,
    "root_lower_objective": 40.95061254248861,
    "root_upper_objective": 51.56045063309492,
    "upper_objective": 51.56040679770665,
    "upper_values": [
      51.78857342084937,
      51.396533593546515,
      51.72473787705608,
      51.714892035563814,
      51.676390116812144,
      51.06131374241195
    ]
  },
  "initialization": {
    "initial_beliefs": [
      [
        1.0,
        0.0,
        0.0,
        0.0,
        0.0,
        0.0
      ],
      [
        0.0,
        1.0,
        0.0,
        0.0,
        0.0,
        0.0
      ],
      [
        0.0,
        0.0,
        1.0,
        0.0,
        0.0,
        0.0
      ],
      [
        0.0,
        0.0,
        0.0,
        1.0,
        0.0,
        0.0
      ],
      [
        0.0,
        0.0,
        0.0,
        0.0,
        1.0,
        0.0
      ],
      [
        0.0,
        0.0,
        0.0,
        0.0,
        0.0,
        1.0
      ]
    ],
    "initial_weights": [
      0.16666666666666666,
      0.16666666666666666,
      0.16666666666666666,
      0.16666666666666666,
      0.16666666666666666,
      0.16666666666666666
    ],
    "kind": "single synthetic root revealing a uniformly sampled physical state",
    "root_value_scale": "V_root / gamma, gamma=0.99"
  },
  "model": {
    "beta": 0.05,
    "epsilon": 0.07,
    "gamma": 0.99,
    "mdp_density": 0.5,
    "mdp_seed": 1111,
    "mdp_sha256": "580f9fa806b22e34e0f0d1010a1012409199158e69e3f71c129e1c5119fb8d6a",
    "n_jpo_actions": 128,
    "n_prescriptions": 64,
    "n_receiver_actions": 2,
    "n_states": 6
  },
  "runtime": {
    "julia": "1.12.6",
    "native_sarsop": "0.1.4",
    "pomdp_tools": "1.1.0",
    "pomdps": "1.0.0"
  },
  "solver": {
    "delta": 0.0001,
    "export_beliefs": false,
    "initial_bound_max_time": 30.0,
    "initial_bound_residual": 1e-08,
    "initial_upper_bound": "fully_observable",
    "kappa": 0.5,
    "max_steps": 1000000,
    "max_time": 500.0,
    "precision": 0.01,
    "prune_threshold": 0.1,
    "search_epsilon": 0.01,
    "use_binning": true
  },
  "training": {
    "alpha_count": 6,
    "belief_count": 6209932,
    "elapsed_seconds": 543.216628074646,
    "history": [
      {
        "elapsed_seconds": 1.0967254638671875e-05,
        "initial_gap": 10151.685969110493,
        "initial_lower_objective": -10099.999999999984,
        "initial_upper_objective": 51.68596911050958,
        "iteration": 0,
        "root_gap": 10050.169109419388,
        "root_lower": -9998.999999999984,
        "root_upper": 51.169109419404485
      },
      {
        "elapsed_seconds": 0.0004620552062988281,
        "initial_gap": 26.711134436216597,
        "initial_lower_objective": 24.974834674292985,
        "initial_upper_objective": 51.68596911050958,
        "iteration": 1,
        "root_gap": 26.44402309185443,
        "root_lower": 24.725086327550056,
        "root_upper": 51.169109419404485
      },
      {
        "elapsed_seconds": 2.083665132522583,
        "initial_gap": 21.67362386416536,
        "initial_lower_objective": 30.01234524634422,
        "initial_upper_objective": 51.68596911050958,
        "iteration": 2,
        "root_gap": 21.456887625523706,
        "root_lower": 29.71222179388078,
        "root_upper": 51.169109419404485
      },
      {
        "elapsed_seconds": 8.131417036056519,
        "initial_gap": 20.607659633934905,
        "initial_lower_objective": 31.066471500282784,
        "initial_upper_objective": 51.67413113421769,
        "iteration": 3,
        "root_gap": 20.401583037595554,
        "root_lower": 30.755806785279955,
        "root_upper": 51.15738982287551
      },
      {
        "elapsed_seconds": 14.66738510131836,
        "initial_gap": 18.709149675978246,
        "initial_lower_objective": 32.938924868786174,
        "initial_upper_objective": 51.64807454476442,
        "iteration": 4,
        "root_gap": 18.52205817921846,
        "root_lower": 32.60953562009831,
        "root_upper": 51.131593799316775
      },
      {
        "elapsed_seconds": 29.39209508895874,
        "initial_gap": 17.822486888402928,
        "initial_lower_objective": 33.81073080759538,
        "initial_upper_objective": 51.633217695998304,
        "iteration": 5,
        "root_gap": 17.644262019518898,
        "root_lower": 33.47262349951942,
        "root_upper": 51.11688551903832
      },
      {
        "elapsed_seconds": 49.91057109832764,
        "initial_gap": 17.093298989692443,
        "initial_lower_objective": 34.51403951584405,
        "initial_upper_objective": 51.60733850553649,
        "iteration": 6,
        "root_gap": 16.922365999795517,
        "root_lower": 34.16889912068561,
        "root_upper": 51.091265120481125
      },
      {
        "elapsed_seconds": 70.48926901817322,
        "initial_gap": 16.035857895481772,
        "initial_lower_objective": 35.56128119475939,
        "initial_upper_objective": 51.597139090241164,
        "iteration": 7,
        "root_gap": 15.875499316526955,
        "root_lower": 35.205668382811794,
        "root_upper": 51.08116769933875
      },
      {
        "elapsed_seconds": 100.09388518333435,
        "initial_gap": 14.469015493741129,
        "initial_lower_objective": 37.1252126470977,
        "initial_upper_objective": 51.59422814083882,
        "iteration": 8,
        "root_gap": 14.324325338803718,
        "root_lower": 36.75396052062672,
        "root_upper": 51.07828585943044
      },
      {
        "elapsed_seconds": 137.41948103904724,
        "initial_gap": 14.103196622538986,
        "initial_lower_objective": 37.46866746531428,
        "initial_upper_objective": 51.57186408785327,
        "iteration": 9,
        "root_gap": 13.962164656313597,
        "root_lower": 37.09398079066114,
        "root_upper": 51.05614544697474
      },
      {
        "elapsed_seconds": 182.5662660598755,
        "initial_gap": 13.57566329677111,
        "initial_lower_objective": 37.99330494292487,
        "initial_upper_objective": 51.568968239695984,
        "iteration": 10,
        "root_gap": 13.439906663803399,
        "root_lower": 37.613371893495625,
        "root_upper": 51.05327855729902
      },
      {
        "elapsed_seconds": 222.11955213546753,
        "initial_gap": 12.933071983963126,
        "initial_lower_objective": 38.632540728205264,
        "initial_upper_objective": 51.565612712168395,
        "iteration": 11,
        "root_gap": 12.803741264123495,
        "root_lower": 38.24621532092321,
        "root_upper": 51.04995658504671
      },
      {
        "elapsed_seconds": 268.01630115509033,
        "initial_gap": 12.556319055888867,
        "initial_lower_objective": 39.00883113586495,
        "initial_upper_objective": 51.565150191753816,
        "iteration": 12,
        "root_gap": 12.430755865329978,
        "root_lower": 38.6187428245063,
        "root_upper": 51.04949868983628
      },
      {
        "elapsed_seconds": 330.14431405067444,
        "initial_gap": 12.101942508456176,
        "initial_lower_objective": 39.462722629028505,
        "initial_upper_objective": 51.56466513748468,
        "iteration": 13,
        "root_gap": 11.980923083371614,
        "root_lower": 39.06809540273822,
        "root_upper": 51.04901848610984
      },
      {
        "elapsed_seconds": 401.47424817085266,
        "initial_gap": 11.745150102745356,
        "initial_lower_objective": 39.81939838828262,
        "initial_upper_objective": 51.56454849102798,
        "iteration": 14,