{
  "horizon": 95,
  "lower_objective": 3.2632912542145416,
  "lower_values": [
    3.0418490057875416,
    3.0418490057875416,
    3.4330836470931088,
    3.4330836470931088,
    3.1967985724328414,
    3.4330836470931088
  ],
  "method": "deterministic_joint_state_belief_propagation",
  "objective_estimate": 3.2635262849672886,
  "status": "ok",
  "tail_interval_width": 0.0004700615054940016,
  "total_belief_nodes": 32990,
  "upper_objective": 3.2637613157200356,
  "upper_values": [
    3.042319067293037,
    3.042319067293037,
    3.4335537085986014,
    3.4335537085986014,
    3.1972686339383367,
    3.4335537085986014
  ]
}