{
  "horizon": 95,
  "lower_objective": 2.2436785599011473,
  "lower_values": [
    2.1855232674186276,
    2.1855232674186276,
    2.599589194325689,
    2.1203890954066855,
    2.1855232674186276,
    2.1855232674186276
  ],
  "method": "deterministic_joint_state_belief_propagation",
  "objective_estimate": 2.2439135906538934,
  "status": "ok",
  "tail_interval_width": 0.00047006150549266934,
  "total_belief_nodes": 54049,
  "upper_objective": 2.24414862140664,
  "upper_values": [
    2.1859933289241202,
    2.1859933289241202,
    2.6000592558311824,
    2.120859156912178,
    2.1859933289241202,
    2.1859933289241202
  ]
}