{
  "horizon": 95,
  "lower_objective": 1.1845317316417563,
  "lower_values": [
    1.0923881811787097,
    1.0923881811787097,
    1.0923881811787097,
    1.7128827159543654,
    1.1617427417345199,
    0.9554003886255242
  ],
  "method": "deterministic_joint_state_belief_propagation",
  "objective_estimate": 1.1847667623945028,
  "status": "same_as_normal_no_violations",
  "tail_interval_width": 0.00047006150549266934,
  "total_belief_nodes": 59428,
  "unrestricted_upper_minus_restricted_lower": 0.010838791333212194,
  "upper_objective": 1.185001793147249,
  "upper_values": [
    1.0928582426842022,
    1.0928582426842022,
    1.0928582426842022,
    1.713352777459859,
    1.1622128032400112,
    0.9558704501310179
  ]
}