{
  "horizon": 95,
  "lower_objective": 2.3089197787077693,
  "lower_values": [
    2.074319192650809,
    2.275020381668245,
    2.275020381668245,
    2.275020381668245,
    2.679117952922828,
    2.275020381668245
  ],
  "method": "deterministic_joint_state_belief_propagation",
  "objective_estimate": 2.309154809460516,
  "status": "ok",
  "tail_interval_width": 0.00047006150549266934,
  "total_belief_nodes": 12699,
  "upper_objective": 2.309389840213262,
  "upper_values": [
    2.0747892541563013,
    2.275490443173737,
    2.275490443173737,
    2.275490443173737,
    2.679588014428322,
    2.275490443173737
  ]
}