{
  "action_encoding": {
    "formula": "action = prescription_index * n_receiver_actions + receiver_action",
    "solver_jpo_action_offset": 1,
    "state_zero_bit": "most_significant"
  },
  "bounds": {
    "gap": 0.06286312514575165,
    "lower_objective": 2.0008699624130517,
    "lower_values": [
      1.7751111105295418,
      1.9506684820628548,
      2.3085776067781754,
      1.961947897430312,
      1.7003370709005214,
      2.3085776067769057
    ],
    "root_gap": 0.06320290234556615,
    "root_lower_objective": 2.0008699624171804,
    "root_upper_objective": 2.0640728647627467,
    "upper_objective": 2.0637330875588034,
    "upper_values": [
      1.837359053243531,
      2.0148145435078137,
      2.363705044398823,
      2.0244078656586213,
      1.7657220251656174,
      2.3763899933784143
    ]
  },
  "initialization": {
    "initial_beliefs": [
      [
        1.0,
        0.0,
        0.0,
        0.0,
        0.0,
        0.0
      ],
      [
        0.0,
        1.0,
        0.0,
        0.0,
        0.0,
        0.0
      ],
      [
        0.0,
        0.0,
        1.0,
        0.0,
        0.0,
        0.0
      ],
      [
        0.0,
        0.0,
        0.0,
        1.0,
        0.0,
        0.0
      ],
      [
        0.0,
        0.0,
        0.0,
        0.0,
        1.0,
        0.0
      ],
      [
        0.0,
        0.0,
        0.0,
        0.0,
        0.0,
        1.0
      ]
    ],
    "initial_weights": [
      0.16666666666666666,
      0.16666666666666666,
      0.16666666666666666,
      0.16666666666666666,
      0.16666666666666666,
      0.16666666666666666
    ],
    "kind": "single synthetic root revealing a uniformly sampled physical state",
    "root_value_scale": "V_root / gamma, gamma=0.9"
  },
  "model": {
    "beta": 0.05,
    "epsilon": 0.030000000000000006,
    "gamma": 0.9,
    "mdp_density": 0.5,
    "mdp_seed": 1638621136,
    "mdp_sha256": "30be6ff6860d2cd50ee0b43be8bf5d71bffc5fbe9fe965939b696c5d4a491487",
    "n_jpo_actions": 128,
    "n_prescriptions": 64,
    "n_receiver_actions": 2,
    "n_states": 6
  },
  "runtime": {
    "julia": "1.12.6",
    "native_sarsop": "0.1.4",
    "pomdp_tools": "1.1.0",
    "pomdps": "1.0.0"
  },
  "solver": {
    "delta": 0.0001,
    "export_beliefs": false,
    "initial_bound_max_time": 30.0,
    "initial_bound_residual": 1e-08,
    "initial_upper_bound": "fully_observable",
    "kappa": 0.5,
    "max_steps": 1000000,
    "max_time": 600.0,
    "precision": 0.01,
    "prune_threshold": 0.1,
    "search_epsilon": 0.01,
    "use_binning": true
  },
  "training": {
    "alpha_count": 8,
    "belief_count": 703438,
    "elapsed_seconds": 946.1848740577698,
    "history": [
      {
        "elapsed_seconds": 1.5974044799804688e-05,
        "initial_gap": 112.06886560309829,
        "initial_lower_objective": -110.00000000000004,
        "initial_upper_objective": 2.068865603098241,
        "iteration": 0,
        "root_gap": 100.86197904278846,
        "root_lower": -99.00000000000004,
        "root_upper": 1.8619790427884166
      },
      {
        "elapsed_seconds": 0.03407692909240723,
        "initial_gap": 0.520505754773218,
        "initial_lower_objective": 1.5483598483250227,
        "initial_upper_objective": 2.068865603098241,
        "iteration": 1,
        "root_gap": 0.4684551792958962,
        "root_lower": 1.3935238634925204,
        "root_upper": 1.8619790427884166
      },
      {
        "elapsed_seconds": 0.06397891044616699,
        "initial_gap": 0.08763959029293414,
        "initial_lower_objective": 1.9812260128053065,
        "initial_upper_objective": 2.068865603098241,
        "iteration": 2,
        "root_gap": 0.07887563126364072,
        "root_lower": 1.783103411524776,
        "root_upper": 1.8619790427884166
      },
      {
        "elapsed_seconds": 0.11711907386779785,
        "initial_gap": 0.0717337287769383,
        "initial_lower_objective": 1.9971318708013293,
        "initial_upper_objective": 2.0688655995782677,
        "iteration": 3,
        "root_gap": 0.06456035589924447,
        "root_lower": 1.7974186837211963,
        "root_upper": 1.8619790396204408
      },
      {
        "elapsed_seconds": 0.12452507019042969,
        "initial_gap": 0.07152601474750472,
        "initial_lower_objective": 1.9973395822189204,
        "initial_upper_objective": 2.068865596966425,
        "iteration": 4,
        "root_gap": 0.06437341327275425,
        "root_lower": 1.7976056239970284,
        "root_upper": 1.8619790372697826
      },
      {
        "elapsed_seconds": 0.13522911071777344,
        "initial_gap": 0.07152359925502338,
        "initial_lower_objective": 1.9973419977114018,
        "initial_upper_objective": 2.068865596966425,
        "iteration": 5,
        "root_gap": 0.06437123932952105,
        "root_lower": 1.7976077979402616,
        "root_upper": 1.8619790372697826
      },
      {
        "elapsed_seconds": 0.14237213134765625,
        "initial_gap": 0.07152359504330105,
        "initial_lower_objective": 1.997342001923124,
        "initial_upper_objective": 2.068865596966425,
        "iteration": 6,
        "root_gap": 0.06437123553897095,
        "root_lower": 1.7976078017308117,
        "root_upper": 1.8619790372697826
      },
      {
        "elapsed_seconds": 0.15330004692077637,
        "initial_gap": 0.07044308834744199,
        "initial_lower_objective": 1.998422508618983,
        "initial_upper_objective": 2.068865596966425,
        "iteration": 7,
        "root_gap": 0.06339877951269779,
        "root_lower": 1.7985802577570849,
        "root_upper": 1.8619790372697826
      },
      {
        "elapsed_seconds": 0.1878800392150879,
        "initial_gap": 0.06950183625577792,
        "initial_lower_objective": 1.9993637607106471,
        "initial_upper_objective": 2.068865596966425,
        "iteration": 8,
        "root_gap": 0.06255165263020013,
        "root_lower": 1.7994273846395825,
        "root_upper": 1.8619790372697826
      },
      {
        "elapsed_seconds": 0.2276449203491211,
        "initial_gap": 0.06922424559666357,
        "initial_lower_objective": 1.9996413513697615,
        "initial_upper_objective": 2.068865596966425,
        "iteration": 9,
        "root_gap": 0.06230182103699722,
        "root_lower": 1.7996772162327854,
        "root_upper": 1.8619790372697826
      },
      {
        "elapsed_seconds": 0.23630309104919434,
        "initial_gap": 0.06917796290166559,
        "initial_lower_objective": 1.9996876340647596,
        "initial_upper_objective": 2.068865596966425,
        "iteration": 10,
        "root_gap": 0.062260166611499024,
        "root_lower": 1.7997188706582836,
        "root_upper": 1.8619790372697826
      },
      {
        "elapsed_seconds": 0.2539370059967041,
        "initial_gap": 0.0691638778516553,
        "initial_lower_objective": 1.99970171911477,
        "initial_upper_objective": 2.068865596966425,
        "iteration": 11,
        "root_gap": 0.062247490066489775,
        "root_lower": 1.7997315472032929,
        "root_upper": 1.8619790372697826
      },
      {
        "elapsed_seconds": 0.2612941265106201,
        "initial_gap": 0.0691638778516553,
        "initial_lower_objective": 1.99970171911477,
        "initial_upper_objective": 2.068865596966425,
        "iteration": 12,
        "root_gap": 0.062247490066489775,
        "root_lower": 1.7997315472032929,
        "root_upper": 1.8619790372697826
      },
      {
        "elapsed_seconds": 0.3980550765991211,
        "initial_gap": 0.06824357341896706,
        "initial_lower_objective": 2.000622023547458,
        "initial_upper_objective": 2.068865596966425,
        "iteration": 13,
        "root_gap": 0.06141921607707035,
        "root_lower": 1.8005598211927123,
        "root_upper": 1.8619790372697826
      },
      {
        "elapsed_seconds": 0.4142439365386963,
        "initial_gap": 0.06823378841643438,
        "initial_lower_objective": 2.000631808549991,