{
  "horizon": 95,
  "lower_objective": 3.182918889730662,
  "lower_values": [
    3.249908078135115,
    2.8591858616936663,
    2.9578692315151778,
    3.249908078135115,
    3.249908078135115,
    3.5307340107697835
  ],
  "method": "deterministic_joint_state_belief_propagation",
  "objective_estimate": 3.1831539204834076,
  "status": "ok",
  "tail_interval_width": 0.00047006150549178116,
  "total_belief_nodes": 59148,
  "upper_objective": 3.1833889512361537,
  "upper_values": [
    3.250378139640606,
    2.8596559231991585,
    2.958339293020671,
    3.250378139640606,
    3.250378139640606,
    3.5312040722752767
  ]
}