{
  "horizon": 95,
  "lower_objective": 3.71498180887069,
  "lower_values": [
    3.5065329476984948,
    4.1618995353669055,
    3.5065329476984948,
    4.1618995353669055,
    3.4263410823679012,
    3.526684804725439
  ],
  "method": "deterministic_joint_state_belief_propagation",
  "objective_estimate": 3.7152168396234364,
  "status": "ok",
  "tail_interval_width": 0.0004700615054935575,
  "total_belief_nodes": 66314,
  "upper_objective": 3.7154518703761834,
  "upper_values": [
    3.5070030092039883,
    4.162369596872398,
    3.5070030092039883,
    4.162369596872398,
    3.4268111438733952,
    3.527154866230933
  ]
}