{
  "alpha_vector_count": 6,
  "analysis_discounted_tail_bound": 9.67774912024056e-09,
  "analysis_horizon": 197,
  "analysis_total_belief_nodes": 18088,
  "beta": 0.05,
  "candidate_index": 13,
  "discounted_transmission_occupancy": 1.240173944657117,
  "epsilon": 0.07,
  "epsilon_index": 6,
  "gamma": 0.9,
  "index": 136,
  "margin": -0.5359000000000002,
  "margin_region": "m<0",
  "mdp_seed": 1823514311,
  "normal_minus_restricted_lower": 0.040297238893981735,
  "normal_minus_restricted_upper": 0.04123736190496885,
  "normal_minus_restricted_value": 0.04076730039947529,
  "normal_policy_horizon": 95,
  "normal_policy_interval_width": 0.00047006150549311343,
  "normal_policy_lower_bound": 3.8590354779201164,
  "normal_policy_total_belief_nodes": 47606,
  "normal_policy_upper_bound": 3.8595055394256095,
  "normal_policy_value": 3.859270508672863,
  "point_id": "seed_1823514311_e06",
  "restricted_policy_horizon": 95,
  "restricted_policy_interval_width": 0.0004700615054940016,
  "restricted_policy_lower_bound": 3.8182681775206406,
  "restricted_policy_status": "ok",
  "restricted_policy_total_belief_nodes": 34619,
  "restricted_policy_upper_bound": 3.8187382390261346,
  "restricted_policy_value": 3.8185032082733876,
  "reused_solver_checkpoint": false,
  "root_gap": 0.02700398455621607,
  "sampled_belief_count": 5809000,
  "sarsop_gap": 0.027003984556215777,
  "sarsop_gap_within_acceptance_threshold": true,
  "sarsop_lower_bound": 3.8592349840322555,
  "sarsop_upper_bound": 3.8862389685884713,
  "solver_elapsed_seconds": 601.4789719581604,
  "solver_iterations": 287,
  "solver_stop_reason": "max_time",
  "status": "ok",
  "violation_count": 19,
  "violation_discounted_event_occupancy": 0.5906459222656217,
  "violation_first_depth_max": 16,
  "violation_first_depth_min": 0
}