{
  "action_encoding": {
    "formula": "action = prescription_index * n_receiver_actions + receiver_action",
    "solver_jpo_action_offset": 1,
    "state_zero_bit": "most_significant"
  },
  "bounds": {
    "gap": 0.14383723134482196,
    "lower_objective": 2.8405786954747736,
    "lower_values": [
      3.0770919630428293,
      2.817091511819082,
      3.077414116690906,
      2.6054089937765363,
      2.817091511819082,
      2.649374075700206
    ],
    "root_gap": 0.1451765170591083,
    "root_lower_objective": 2.8405786954747736,
    "root_upper_objective": 2.9857552125338818,
    "upper_objective": 2.9844159268195956,
    "upper_values": [
      3.229512885969008,
      2.969551712948927,
      3.2128905778655703,
      2.737680129524089,
      2.9604338642157706,
      2.7964263903942097
    ]
  },
  "initialization": {
    "initial_beliefs": [
      [
        1.0,
        0.0,
        0.0,
        0.0,
        0.0,
        0.0
      ],
      [
        0.0,
        1.0,
        0.0,
        0.0,
        0.0,
        0.0
      ],
      [
        0.0,
        0.0,
        1.0,
        0.0,
        0.0,
        0.0
      ],
      [
        0.0,
        0.0,
        0.0,
        1.0,
        0.0,
        0.0
      ],
      [
        0.0,
        0.0,
        0.0,
        0.0,
        1.0,
        0.0
      ],
      [
        0.0,
        0.0,
        0.0,
        0.0,
        0.0,
        1.0
      ]
    ],
    "initial_weights": [
      0.16666666666666666,
      0.16666666666666666,
      0.16666666666666666,
      0.16666666666666666,
      0.16666666666666666,
      0.16666666666666666
    ],
    "kind": "single synthetic root revealing a uniformly sampled physical state",
    "root_value_scale": "V_root / gamma, gamma=0.9"
  },
  "model": {
    "beta": 0.05,
    "epsilon": 0.04000000000000001,
    "gamma": 0.9,
    "mdp_density": 0.5,
    "mdp_seed": 1073505471,
    "mdp_sha256": "ae5f6ae926f73beac3390331646f3480572191c63c47222abdb14e4a2068ae76",
    "n_jpo_actions": 128,
    "n_prescriptions": 64,
    "n_receiver_actions": 2,
    "n_states": 6
  },
  "runtime": {
    "julia": "1.12.6",
    "native_sarsop": "0.1.4",
    "pomdp_tools": "1.1.0",
    "pomdps": "1.0.0"
  },
  "solver": {
    "delta": 0.0001,
    "export_beliefs": false,
    "initial_bound_max_time": 30.0,
    "initial_bound_residual": 1e-08,
    "initial_upper_bound": "fully_observable",
    "kappa": 0.5,
    "max_steps": 1000000,
    "max_time": 600.0,
    "precision": 0.01,
    "prune_threshold": 0.1,
    "search_epsilon": 0.01,
    "use_binning": true
  },
  "training": {
    "alpha_count": 9,
    "belief_count": 576115,
    "elapsed_seconds": 838.4705009460449,
    "history": [
      {
        "elapsed_seconds": 2.5987625122070312e-05,
        "initial_gap": 113.00073054884926,
        "initial_lower_objective": -110.00000000000004,
        "initial_upper_objective": 3.0007305488492255,
        "iteration": 0,
        "root_gap": 101.70065749396434,
        "root_lower": -99.00000000000004,
        "root_upper": 2.700657493964303
      },
      {
        "elapsed_seconds": 0.04024815559387207,
        "initial_gap": 0.9927987389416513,
        "initial_lower_objective": 2.007931809907574,
        "initial_upper_objective": 3.0007305488492255,
        "iteration": 1,
        "root_gap": 0.8935188650474861,
        "root_lower": 1.8071386289168168,
        "root_upper": 2.700657493964303
      },
      {
        "elapsed_seconds": 0.0697031021118164,
        "initial_gap": 0.2231874812166273,
        "initial_lower_objective": 2.7775430676325983,
        "initial_upper_objective": 3.0007305488492255,
        "iteration": 2,
        "root_gap": 0.20086873309496456,
        "root_lower": 2.4997887608693383,
        "root_upper": 2.700657493964303
      },
      {
        "elapsed_seconds": 0.11144208908081055,
        "initial_gap": 0.17363663569489893,
        "initial_lower_objective": 2.8270939117103455,
        "initial_upper_objective": 3.0007305474052446,
        "iteration": 3,
        "root_gap": 0.15627297212540903,
        "root_lower": 2.544384520539311,
        "root_upper": 2.70065749266472
      },
      {
        "elapsed_seconds": 0.1218709945678711,
        "initial_gap": 0.17110939373413903,
        "initial_lower_objective": 2.829621152227125,
        "initial_upper_objective": 3.0007305459612637,
        "iteration": 4,
        "root_gap": 0.15399845436072512,
        "root_lower": 2.5466590370044124,
        "root_upper": 2.7006574913651376
      },
      {
        "elapsed_seconds": 0.20834612846374512,
        "initial_gap": 0.1607594010691783,
        "initial_lower_objective": 2.8379937201524528,
        "initial_upper_objective": 2.9987531212216307,
        "iteration": 5,
        "root_gap": 0.14468346096226048,
        "root_lower": 2.5541943481372074,
        "root_upper": 2.698877809099468
      },
      {
        "elapsed_seconds": 0.22886300086975098,
        "initial_gap": 0.16039331207594623,
        "initial_lower_objective": 2.8383598091456848,
        "initial_upper_objective": 2.9987531212216307,
        "iteration": 6,
        "root_gap": 0.1443539808683516,
        "root_lower": 2.5545238282311162,
        "root_upper": 2.698877809099468
      },
      {
        "elapsed_seconds": 0.34923315048217773,
        "initial_gap": 0.15961605655239086,
        "initial_lower_objective": 2.83913706466924,
        "initial_upper_objective": 2.9987531212216307,
        "iteration": 7,
        "root_gap": 0.1436544508971518,
        "root_lower": 2.555223358202316,
        "root_upper": 2.698877809099468
      },
      {
        "elapsed_seconds": 0.529447078704834,
        "initial_gap": 0.15937369663529655,
        "initial_lower_objective": 2.839379424586334,
        "initial_upper_objective": 2.9987531212216307,
        "iteration": 8,
        "root_gap": 0.1434363269717669,
        "root_lower": 2.555441482127701,
        "root_upper": 2.698877809099468
      },
      {
        "elapsed_seconds": 0.7491199970245361,
        "initial_gap": 0.15696897293471332,
        "initial_lower_objective": 2.839445904259955,
        "initial_upper_objective": 2.996414877194668,
        "iteration": 9,
        "root_gap": 0.141272075641242,
        "root_lower": 2.5555013138339593,
        "root_upper": 2.6967733894752013
      },
      {
        "elapsed_seconds": 0.9626960754394531,
        "initial_gap": 0.1537224479227264,
        "initial_lower_objective": 2.839520549147259,
        "initial_upper_objective": 2.9932429970699856,
        "iteration": 10,
        "root_gap": 0.13835020313045376,
        "root_lower": 2.555568494232533,
        "root_upper": 2.693918697362987
      },
      {
        "elapsed_seconds": 1.3677661418914795,
        "initial_gap": 0.15044815964260413,
        "initial_lower_objective": 2.8401062235749266,
        "initial_upper_objective": 2.990554383217531,
        "iteration": 11,
        "root_gap": 0.13540334367834372,
        "root_lower": 2.556095601217434,
        "root_upper": 2.691498944895778
      },
      {
        "elapsed_seconds": 1.6659140586853027,
        "initial_gap": 0.14708235387770183,
        "initial_lower_objective": 2.840317232758866,
        "initial_upper_objective": 2.987399586636568,
        "iteration": 12,
        "root_gap": 0.13237411848993164,
        "root_lower": 2.5562855094829797,
        "root_upper": 2.6886596279729114
      },
      {
        "elapsed_seconds": 2.0543830394744873,
        "initial_gap": 0.14535663709186636,
        "initial_lower_objective": 2.8403985754420153,
        "initial_upper_objective": 2.9857552125338818,
        "iteration": 13,
        "root_gap": 0.13082097338267973,
        "root_lower": 2.556358717897814,
        "root_upper": 2.6871796912804937
      },
      {
        "elapsed_seconds": 2.517815113067627,
        "initial_gap": 0.14532163775061552,
        "initial_lower_objective": 2.8404335747832663,