{
  "horizon": 95,
  "lower_objective": 1.391657389781105,
  "lower_values": [
    1.4852113715734052,
    1.298103407988805,
    1.298103407988805,
    1.4852113715734052,
    1.298103407988805,
    1.4852113715734052
  ],
  "method": "deterministic_joint_state_belief_propagation",
  "objective_estimate": 1.3918924205338516,
  "status": "same_as_normal_no_violations",
  "tail_interval_width": 0.0004700615054928914,
  "total_belief_nodes": 23334,
  "unrestricted_upper_minus_restricted_lower": 0.010751560840980279,
  "upper_objective": 1.392127451286598,
  "upper_values": [
    1.4856814330788983,
    1.2985734694942976,
    1.2985734694942976,
    1.4856814330788983,
    1.2985734694942976,
    1.4856814330788983
  ]
}