{
  "horizon": 95,
  "lower_objective": 3.418862647332475,
  "lower_values": [
    3.6234833506684128,
    3.6234833506684128,
    3.1664781749689195,
    3.309769482051776,
    3.6234833506684128,
    3.1664781749689195
  ],
  "method": "deterministic_joint_state_belief_propagation",
  "objective_estimate": 3.419097678085222,
  "status": "ok",
  "tail_interval_width": 0.00047006150549311343,
  "total_belief_nodes": 32035,
  "upper_objective": 3.419332708837968,
  "upper_values": [
    3.623953412173906,
    3.623953412173906,
    3.1669482364744126,
    3.3102395435572682,
    3.623953412173906,
    3.1669482364744126
  ]
}