{
  "alpha_vector_count": 10,
  "analysis_discounted_tail_bound": 9.67774912024056e-09,
  "analysis_horizon": 197,
  "analysis_total_belief_nodes": 28297,
  "beta": 0.05,
  "candidate_index": 34,
  "discounted_transmission_occupancy": 1.8455997164384461,
  "epsilon": 0.07,
  "epsilon_index": 6,
  "gamma": 0.9,
  "index": 346,
  "margin": -0.5359000000000002,
  "margin_region": "m<0",
  "mdp_seed": 2051696463,
  "normal_minus_restricted_lower": 0.009634337828929418,
  "normal_minus_restricted_upper": 0.010574460839914757,
  "normal_minus_restricted_value": 0.010104399334422531,
  "normal_policy_horizon": 95,
  "normal_policy_interval_width": 0.00047006150549266934,
  "normal_policy_lower_bound": 2.4923484871930195,
  "normal_policy_total_belief_nodes": 65756,
  "normal_policy_upper_bound": 2.492818548698512,
  "normal_policy_value": 2.492583517945766,
  "point_id": "seed_2051696463_e06",
  "restricted_policy_horizon": 95,
  "restricted_policy_interval_width": 0.00047006150549266934,
  "restricted_policy_lower_bound": 2.4822440878585974,
  "restricted_policy_status": "ok",
  "restricted_policy_total_belief_nodes": 65748,
  "restricted_policy_upper_bound": 2.48271414936409,
  "restricted_policy_value": 2.4824791186113435,
  "reused_solver_checkpoint": false,
  "root_gap": 0.06516284747343597,
  "sampled_belief_count": 6878152,
  "sarsop_gap": 0.06516284747343626,
  "sarsop_gap_within_acceptance_threshold": true,
  "sarsop_lower_bound": 2.492481279800713,
  "sarsop_upper_bound": 2.5576441272741492,
  "solver_elapsed_seconds": 605.1610679626465,
  "solver_iterations": 241,
  "solver_stop_reason": "max_time",
  "status": "ok",
  "violation_count": 73,
  "violation_discounted_event_occupancy": 0.1798643113752256,
  "violation_first_depth_max": 57,
  "violation_first_depth_min": 1
}