{
  "horizon": 95,
  "lower_objective": 1.4198247080992257,
  "lower_values": [
    1.392433482737969,
    1.3013817510752013,
    1.3811071598836429,
    1.392433482737969,
    1.830214352988096,
    1.2213780191724763
  ],
  "method": "deterministic_joint_state_belief_propagation",
  "objective_estimate": 1.4200597388519722,
  "status": "same_as_normal_no_violations",
  "tail_interval_width": 0.0004700615054928914,
  "total_belief_nodes": 105389,
  "unrestricted_upper_minus_restricted_lower": 0.06392753189275169,
  "upper_objective": 1.4202947696047186,
  "upper_values": [
    1.392903544243462,
    1.3018518125806944,
    1.3815772213891355,
    1.392903544243462,
    1.8306844144935885,
    1.22184808067797
  ]
}