{
  "horizon": 95,
  "lower_objective": 3.846421824290846,
  "lower_values": [
    4.375857378186902,
    3.155238942826429,
    4.375857378186902,
    4.375857378186902,
    3.5359851079760736,
    3.2597347603818676
  ],
  "method": "deterministic_joint_state_belief_propagation",
  "objective_estimate": 3.8466568550435922,
  "status": "ok",
  "tail_interval_width": 0.00047006150549266934,
  "total_belief_nodes": 46979,
  "unrestricted_upper_minus_restricted_lower": 0.03904389229339911,
  "upper_objective": 3.846891885796339,
  "upper_values": [
    4.376327439692394,
    3.1557090043319223,
    4.376327439692394,
    4.376327439692394,
    3.5364551694815685,
    3.2602048218873603
  ]
}