{
  "alpha_vector_count": 6,
  "analysis_discounted_tail_bound": 9.67774912024056e-09,
  "analysis_horizon": 197,
  "analysis_total_belief_nodes": 17757,
  "beta": 0.05,
  "candidate_index": 13,
  "discounted_transmission_occupancy": 1.3091532732320519,
  "epsilon": 0.09000000000000001,
  "epsilon_index": 8,
  "gamma": 0.9,
  "index": 138,
  "margin": -0.6871000000000003,
  "margin_region": "m<0",
  "mdp_seed": 1823514311,
  "normal_minus_restricted_lower": 0.0016230007039190752,
  "normal_minus_restricted_upper": 0.002563123714905746,
  "normal_minus_restricted_value": 0.0020930622094126328,
  "normal_policy_horizon": 95,
  "normal_policy_interval_width": 0.0004700615054940016,
  "normal_policy_lower_bound": 3.848514886500258,
  "normal_policy_total_belief_nodes": 47006,
  "normal_policy_upper_bound": 3.848984948005752,
  "normal_policy_value": 3.848749917253005,
  "point_id": "seed_1823514311_e08",
  "restricted_policy_horizon": 95,
  "restricted_policy_interval_width": 0.00047006150549266934,
  "restricted_policy_lower_bound": 3.846421824290846,
  "restricted_policy_status": "ok",
  "restricted_policy_total_belief_nodes": 46979,
  "restricted_policy_upper_bound": 3.846891885796339,
  "restricted_policy_value": 3.8466568550435922,
  "reused_solver_checkpoint": false,
  "root_gap": 0.03675192794570354,
  "sampled_belief_count": 6786949,
  "sarsop_gap": 0.03675192794570359,
  "sarsop_gap_within_acceptance_threshold": true,
  "sarsop_lower_bound": 3.8487137886385416,
  "sarsop_upper_bound": 3.885465716584245,
  "solver_elapsed_seconds": 605.2562880516052,
  "solver_iterations": 308,
  "solver_stop_reason": "max_time",
  "status": "ok",
  "violation_count": 1,
  "violation_discounted_event_occupancy": 0.028528912540723164,
  "violation_first_depth_max": 0,
  "violation_first_depth_min": 0
}