{
  "horizon": 95,
  "lower_objective": 2.753816101059988,
  "lower_values": [
    2.2765681173827614,
    3.196688266195023,
    2.8523962192570695,
    2.4924515650109362,
    2.8523962192570695,
    2.8523962192570695
  ],
  "method": "deterministic_joint_state_belief_propagation",
  "objective_estimate": 2.7540511318127354,
  "status": "ok",
  "tail_interval_width": 0.0004700615054944457,
  "total_belief_nodes": 51382,
  "unrestricted_upper_minus_restricted_lower": 0.043089895332443895,
  "upper_objective": 2.7542861625654824,
  "upper_values": [
    2.2770381788882554,
    3.1971583277005178,
    2.852866280762564,
    2.4929216265164307,
    2.852866280762564,
    2.852866280762564
  ]
}