{
  "horizon": 95,
  "lower_objective": 4.735722320968026,
  "lower_values": [
    4.3589978303770165,
    5.112446811559037,
    4.3589978303770165,
    4.3589978303770165,
    5.112446811559037,
    5.112446811559037
  ],
  "method": "deterministic_joint_state_belief_propagation",
  "objective_estimate": 4.7359573517207725,
  "status": "same_as_normal_no_violations",
  "tail_interval_width": 0.0004700615054940016,
  "total_belief_nodes": 13611,
  "unrestricted_upper_minus_restricted_lower": 0.010006339868283476,
  "upper_objective": 4.73619238247352,
  "upper_values": [
    4.359467891882511,
    5.11291687306453,
    4.359467891882511,
    4.359467891882511,
    5.11291687306453,
    5.11291687306453
  ]
}