{
  "horizon": 1224,
  "lower_objective": 46.95286580660627,
  "lower_values": [
    47.12929885253768,
    46.77896875282209,
    47.12929885253768,
    47.12929885253768,
    47.12929885253768,
    46.4210306766648
  ],
  "method": "deterministic_joint_state_belief_propagation",
  "objective_estimate": 46.953115522327444,
  "status": "ok",
  "tail_interval_width": 0.000499431442356979,
  "total_belief_nodes": 463872,
  "upper_objective": 46.953365238048626,
  "upper_values": [
    47.12979828398004,
    46.77946818426444,
    47.12979828398004,
    47.12979828398004,
    47.12979828398004,
    46.42153010810718
  ]
}