{
  "horizon": 1224,
  "lower_objective": 47.171042616340934,
  "lower_values": [
    47.34651606839145,
    46.996562976758426,
    47.34651606839145,
    47.34651606839145,
    47.34651606839145,
    46.64362844772137
  ],
  "method": "deterministic_joint_state_belief_propagation",
  "objective_estimate": 47.17129233206187,
  "status": "ok",
  "tail_interval_width": 0.0004994314418595991,
  "total_belief_nodes": 320715,
  "unrestricted_upper_minus_restricted_lower": 4.282031813532974,
  "upper_objective": 47.17154204778279,
  "upper_values": [
    47.34701549983332,
    46.9970624082003,
    47.34701549983332,
    47.34701549983332,
    47.34701549983332,
    46.64412787916321
  ]
}