{
  "alpha_vector_count": 4,
  "analysis_discounted_tail_bound": 9.90526314525898e-09,
  "analysis_horizon": 2292,
  "analysis_total_belief_nodes": 100481,
  "beta": 0.1,
  "beta_index": 2,
  "discounted_transmission_occupancy": 34.28275641703003,
  "epsilon": 0.08,
  "epsilon_index": 7,
  "gamma": 0.99,
  "gamma_index": 1,
  "index": 67,
  "margin": -7.1863999999999955,
  "margin_region": "m<0",
  "mdp_seed": 1111,
  "normal_minus_restricted_lower": 0.2715376915062535,
  "normal_minus_restricted_upper": 0.27253655438979507,
  "normal_minus_restricted_value": 0.27203712294802074,
  "normal_policy_horizon": 1224,
  "normal_policy_interval_width": 0.0004994314416819634,
  "normal_policy_lower_bound": 47.44307973928905,
  "normal_policy_total_belief_nodes": 320735,
  "normal_policy_upper_bound": 47.44357917073073,
  "normal_policy_value": 47.44332945500989,
  "point_id": "g1_b02_e07",
  "restricted_lower_bound_status": "ok",
  "restricted_policy_horizon": 1224,
  "restricted_policy_interval_width": 0.0004994314418595991,
  "restricted_policy_lower_bound": 47.171042616340934,
  "restricted_policy_total_belief_nodes": 320715,
  "restricted_policy_upper_bound": 47.17154204778279,
  "reused_solver_checkpoint": false,
  "root_gap": 5.903877962249695,
  "sampled_belief_count": 6607252,
  "sarsop_gap": 5.902537247762396,
  "sarsop_lower_bound": 45.55053718211151,
  "sarsop_upper_bound": 51.45307442987391,
  "solver_elapsed_seconds": 547.6109139919281,
  "solver_iterations": 17,
  "solver_stop_reason": "max_time",
  "status": "ok",
  "unrestricted_upper_minus_restricted_lower": 4.282031813532974,
  "violation_count": 1,
  "violation_discounted_event_occupancy": 2.55277364563755,
  "violation_first_depth_max": 0,
  "violation_first_depth_min": 0
}