{
  "horizon": 95,
  "lower_objective": 1.86730755055647,
  "lower_values": [
    1.6587114687888007,
    1.6587114687888007,
    1.8155158979601798,
    1.8155158979601798,
    2.042688670842878,
    2.212701898997983
  ],
  "method": "deterministic_joint_state_belief_propagation",
  "objective_estimate": 1.8675425813092168,
  "status": "ok",
  "tail_interval_width": 0.00047006150549311343,
  "total_belief_nodes": 61173,
  "upper_objective": 1.8677776120619631,
  "upper_values": [
    1.6591815302942952,
    1.6591815302942952,
    1.815985959465672,
    1.815985959465672,
    2.04315873234837,
    2.213171960503475
  ]
}