iteration	elapsed_seconds	root_lower	root_upper	root_gap
0.0	8.821487426757812e-6	-99.00000000000004	2.3553681814874956	101.35536818148753
1.0	0.026124000549316406	2.35535386991975	2.3553681814874956	1.431156774556186e-5
