{
  "horizon": 95,
  "lower_objective": 1.8679547084965553,
  "lower_values": [
    1.888275011891357,
    2.2263581811617894,
    1.8759914894780518,
    1.7390345228160446,
    1.7390345228160446,
    1.7390345228160446
  ],
  "method": "deterministic_joint_state_belief_propagation",
  "objective_estimate": 1.8681897392493185,
  "status": "same_as_normal_no_violations",
  "tail_interval_width": 0.0004700615055264201,
  "total_belief_nodes": 28291,
  "unrestricted_upper_minus_restricted_lower": 0.011205711582600308,
  "upper_objective": 1.8684247700020817,
  "upper_values": [
    1.8887450733969473,
    2.226828242667283,
    1.876461550983648,
    1.7395045843215378,
    1.7395045843215378,
    1.7395045843215378
  ]
}