{
  "horizon": 95,
  "lower_objective": 2.7576281452336486,
  "lower_values": [
    2.277423371436206,
    3.1999591330482584,
    2.8548147847989833,
    2.50394201252048,
    2.8548147847989833,
    2.8548147847989833
  ],
  "method": "deterministic_joint_state_belief_propagation",
  "objective_estimate": 2.7578631759863956,
  "status": "ok",
  "tail_interval_width": 0.00047006150549311343,
  "total_belief_nodes": 51949,
  "upper_objective": 2.7580982067391417,
  "upper_values": [
    2.277893432941699,
    3.200429194553752,
    2.855284846304476,
    2.504412074025974,
    2.855284846304476,
    2.855284846304476
  ]
}