{
  "alpha_vector_count": 4,
  "analysis_discounted_tail_bound": 9.67774912024056e-09,
  "analysis_horizon": 197,
  "analysis_total_belief_nodes": 24824,
  "beta": 0.05,
  "candidate_index": 47,
  "discounted_transmission_occupancy": 1.0053019539886061,
  "epsilon": 0.09000000000000001,
  "epsilon_index": 8,
  "gamma": 0.9,
  "index": 478,
  "margin": -0.6871000000000003,
  "margin_region": "m<0",
  "mdp_seed": 622777685,
  "normal_minus_restricted_lower": 0.0061029627039603795,
  "normal_minus_restricted_upper": 0.007043085714946606,
  "normal_minus_restricted_value": 0.006573024209453937,
  "normal_policy_horizon": 95,
  "normal_policy_interval_width": 0.00047006150549311343,
  "normal_policy_lower_bound": 2.7576281452336486,
  "normal_policy_total_belief_nodes": 51949,
  "normal_policy_upper_bound": 2.7580982067391417,
  "normal_policy_value": 2.7578631759863956,
  "point_id": "seed_622777685_e08",
  "restricted_policy_horizon": 95,
  "restricted_policy_interval_width": 0.00047006150549311343,
  "restricted_policy_lower_bound": 2.751055121024195,
  "restricted_policy_status": "ok",
  "restricted_policy_total_belief_nodes": 51877,
  "restricted_policy_upper_bound": 2.7515251825296883,
  "restricted_policy_value": 2.7512901517769417,
  "reused_solver_checkpoint": false,
  "root_gap": 0.01066276393628761,
  "sampled_belief_count": 5349373,
  "sarsop_gap": 0.010617298777439999,
  "sarsop_gap_within_acceptance_threshold": true,
  "sarsop_lower_bound": 2.757775607058683,
  "sarsop_upper_bound": 2.768392905836123,
  "solver_elapsed_seconds": 539.7938940525055,
  "solver_iterations": 637,
  "solver_stop_reason": "precision",
  "status": "ok",
  "violation_count": 1,
  "violation_discounted_event_occupancy": 0.11352496546161123,
  "violation_first_depth_max": 0,
  "violation_first_depth_min": 0
}