{
  "horizon": 95,
  "lower_objective": 2.257288685209837,
  "lower_values": [
    2.199129860565321,
    2.199129860565321,
    2.613047732460143,
    2.1341649365375956,
    2.199129860565321,
    2.199129860565321
  ],
  "method": "deterministic_joint_state_belief_propagation",
  "objective_estimate": 2.257523715962583,
  "status": "ok",
  "tail_interval_width": 0.00047006150549266934,
  "total_belief_nodes": 54049,
  "upper_objective": 2.2577587467153295,
  "upper_values": [
    2.1995999220708127,
    2.1995999220708127,
    2.6135177939656375,
    2.134634998043089,
    2.1995999220708127,
    2.1995999220708127
  ]
}