{
  "horizon": 95,
  "lower_objective": 2.072197595041793,
  "lower_values": [
    1.988450433275477,
    2.0411722441856033,
    1.9565690771839768,
    1.988450433275477,
    2.0411722441856033,
    2.41737113814462
  ],
  "method": "deterministic_joint_state_belief_propagation",
  "objective_estimate": 2.0724326257945394,
  "status": "ok",
  "tail_interval_width": 0.00047006150549311343,
  "total_belief_nodes": 49423,
  "upper_objective": 2.072667656547286,
  "upper_values": [
    1.988920494780969,
    2.0416423056910955,
    1.957039138689471,
    1.988920494780969,
    2.0416423056910955,
    2.4178411996501143
  ]
}