{
  "horizon": 1229,
  "lower_objective": 47.12230788632763,
  "lower_values": [
    47.29476346324012,
    46.94491191063109,
    47.29476346324012,
    47.29476346324012,
    47.29476346324012,
    46.609881554374255
  ],
  "method": "deterministic_joint_state_belief_propagation",
  "objective_estimate": 47.12255605969064,
  "status": "ok",
  "tail_interval_width": 0.0004963467260097332,
  "total_belief_nodes": 480505,
  "upper_objective": 47.12280423305364,
  "upper_values": [
    47.295259809965465,
    46.945408257356426,
    47.295259809965465,
    47.295259809965465,
    47.295259809965465,
    46.6103779011036
  ]
}