{
  "horizon": 95,
  "lower_objective": 3.2766580673232495,
  "lower_values": [
    3.055236004939772,
    3.055236004939772,
    3.4466816685642025,
    3.4466816685642025,
    3.209431388367348,
    3.4466816685642025
  ],
  "method": "deterministic_joint_state_belief_propagation",
  "objective_estimate": 3.2768930980759965,
  "status": "same_as_normal_no_violations",
  "tail_interval_width": 0.00047006150549311343,
  "total_belief_nodes": 30350,
  "unrestricted_upper_minus_restricted_lower": 0.008723175624504087,
  "upper_objective": 3.2771281288287426,
  "upper_values": [
    3.055706066445266,
    3.055706066445266,
    3.4471517300696934,
    3.4471517300696934,
    3.2099014498728433,
    3.4471517300696934
  ]
}