{
  "horizon": 95,
  "lower_objective": 3.8397631048003147,
  "lower_values": [
    3.729963976046475,
    4.009244523192379,
    3.5509171071318026,
    3.729963976046475,
    4.009244523192379,
    4.009244523192379
  ],
  "method": "deterministic_joint_state_belief_propagation",
  "objective_estimate": 3.8399981355530612,
  "status": "same_as_normal_no_violations",
  "tail_interval_width": 0.0004700615054935575,
  "total_belief_nodes": 49982,
  "unrestricted_upper_minus_restricted_lower": 0.010879172988564889,
  "upper_objective": 3.8402331663058082,
  "upper_values": [
    3.730434037551968,
    4.009714584697872,
    3.5513871686372975,
    3.730434037551968,
    4.009714584697872,
    4.009714584697872
  ]
}