iteration	elapsed_seconds	root_lower	root_upper	root_gap
0.0	1.7881393432617188e-5	-99.00000000000004	2.23832164152778	101.23832164152782
1.0	0.02783799171447754	1.9925757577732692	2.23832164152778	0.24574588375451056
2.0	0.04360795021057129	2.225922588121269	2.23832164152778	0.012399053406510596
3.0	0.062042951583862305	2.226889585255114	2.236375989472866	0.009486404217752042
