{
  "horizon": 95,
  "lower_objective": 3.8551986566271372,
  "lower_values": [
    3.7361905083532,
    4.0951824867999465,
    3.7322554411033306,
    4.0951824867999465,
    3.7361905083532,
    3.7361905083532
  ],
  "method": "deterministic_joint_state_belief_propagation",
  "objective_estimate": 3.8554336873798842,
  "status": "ok",
  "tail_interval_width": 0.0004700615054948898,
  "total_belief_nodes": 44734,
  "upper_objective": 3.855668718132632,
  "upper_values": [
    3.7366605698586954,
    4.095652548305441,
    3.7327255026088255,
    4.095652548305441,
    3.7366605698586954,
    3.7366605698586954
  ]
}