{
  "horizon": 95,
  "lower_objective": 3.838308176842255,
  "lower_values": [
    3.7148329914931235,
    4.083241191986911,
    3.718867702600338,
    4.083241191986911,
    3.7148329914931235,
    3.7148329914931235
  ],
  "method": "deterministic_joint_state_belief_propagation",
  "objective_estimate": 3.8385432075950012,
  "status": "ok",
  "tail_interval_width": 0.00047006150549311343,
  "total_belief_nodes": 44536,
  "unrestricted_upper_minus_restricted_lower": 0.12825044489779547,
  "upper_objective": 3.8387782383477482,
  "upper_values": [
    3.715303052998616,
    4.083711253492406,
    3.7193377641058314,
    4.083711253492406,
    3.715303052998616,
    3.715303052998616
  ]
}