{
  "horizon": 95,
  "lower_objective": 1.433144954445086,
  "lower_values": [
    1.4059940951301502,
    1.3168873175138285,
    1.3935745560115833,
    1.4059940951301502,
    1.8441502857647305,
    1.2322693771200735
  ],
  "method": "deterministic_joint_state_belief_propagation",
  "objective_estimate": 1.4333799851978326,
  "status": "ok",
  "tail_interval_width": 0.00047006150549311343,
  "total_belief_nodes": 105854,
  "upper_objective": 1.4336150159505792,
  "upper_values": [
    1.4064641566356437,
    1.3173573790193205,
    1.3940446175170762,
    1.4064641566356437,
    1.8446203472702236,
    1.232739438625568
  ]
}