{
  "horizon": 96,
  "lower_objective": 4.6285766747625186,
  "lower_values": [
    4.802612052334227,
    4.4367495083923245,
    4.802612052334227,
    4.802612052334227,
    4.802612052334227,
    4.124262330845881
  ],
  "method": "deterministic_joint_state_belief_propagation",
  "objective_estimate": 4.628806420134702,
  "status": "ok",
  "tail_interval_width": 0.0004594907443680185,
  "total_belief_nodes": 38866,
  "upper_objective": 4.629036165506887,
  "upper_values": [
    4.803071543078595,
    4.437208999136691,
    4.803071543078595,
    4.803071543078595,
    4.803071543078595,
    4.124721821590249
  ]
}