{
  "horizon": 95,
  "lower_objective": 3.259877925057224,
  "lower_values": [
    3.0384214011446113,
    3.0384214011446113,
    3.4296153280705393,
    3.4296153280705393,
    3.1935787638425057,
    3.4296153280705393
  ],
  "method": "deterministic_joint_state_belief_propagation",
  "objective_estimate": 3.260112955809971,
  "status": "ok",
  "tail_interval_width": 0.0004700615054935575,
  "total_belief_nodes": 34692,
  "upper_objective": 3.2603479865627176,
  "upper_values": [
    3.038891462650105,
    3.038891462650105,
    3.4300853895760324,
    3.4300853895760324,
    3.194048825347999,
    3.4300853895760324
  ]
}