{
  "horizon": 95,
  "lower_objective": 2.504480098981283,
  "lower_values": [
    2.5500542221547056,
    2.5500542221547056,
    2.5500542221547056,
    2.7707557217912635,
    2.2888918364862247,
    2.317070369146095
  ],
  "method": "deterministic_joint_state_belief_propagation",
  "objective_estimate": 2.5047151297340293,
  "status": "ok",
  "tail_interval_width": 0.00047006150549266934,
  "total_belief_nodes": 66876,
  "upper_objective": 2.504950160486776,
  "upper_values": [
    2.550524283660197,
    2.550524283660197,
    2.550524283660197,
    2.771225783296757,
    2.289361897991718,
    2.3175404306515883
  ]
}