{
  "horizon": 95,
  "lower_objective": 1.0867732598927784,
  "lower_values": [
    0.918319273576666,
    0.918319273576666,
    1.2940255241116523,
    1.2940255241116523,
    1.0479749819900173,
    1.0479749819900173
  ],
  "method": "deterministic_joint_state_belief_propagation",
  "objective_estimate": 1.0870082906455247,
  "status": "ok",
  "tail_interval_width": 0.00047006150549266934,
  "total_belief_nodes": 79610,
  "upper_objective": 1.087243321398271,
  "upper_values": [
    0.9187893350821593,
    0.9187893350821593,
    1.2944955856171445,
    1.2944955856171445,
    1.0484450434955095,
    1.0484450434955095
  ]
}