{
  "horizon": 1215,
  "lower_objective": 50.880130638898216,
  "lower_values": [
    51.0512573952204,
    50.71326007840846,
    51.05323766528484,
    51.0512573952204,
    51.05323766528484,
    50.35853363397038
  ],
  "method": "deterministic_joint_state_belief_propagation",
  "objective_estimate": 50.880379370894026,
  "status": "ok",
  "tail_interval_width": 0.000497463991614211,
  "total_belief_nodes": 1109550,
  "upper_objective": 50.88062810288983,
  "upper_values": [
    51.05175485921285,
    50.713757542400366,
    51.05373512927655,
    51.05175485921285,
    51.05373512927655,
    50.35903109795984
  ]
}