{
  "horizon": 95,
  "lower_objective": 3.476642931263241,
  "lower_values": [
    4.040804118328066,
    3.3233143382938275,
    3.3233143382938275,
    4.040804118328066,
    2.8083063360418326,
    3.3233143382938275
  ],
  "method": "deterministic_joint_state_belief_propagation",
  "objective_estimate": 3.476877962015987,
  "status": "same_as_normal_no_violations",
  "tail_interval_width": 0.00047006150549266934,
  "total_belief_nodes": 26984,
  "unrestricted_upper_minus_restricted_lower": 0.010758955157637029,
  "upper_objective": 3.477112992768734,
  "upper_values": [
    4.041274179833557,
    3.323784399799321,
    3.323784399799321,
    4.041274179833557,
    2.8087763975473243,
    3.323784399799321
  ]
}