{
  "horizon": 95,
  "lower_objective": 5.479835408372334,
  "lower_values": [
    5.207292783423088,
    5.207292783423088,
    5.616106720846957,
    5.616106720846957,
    5.616106720846957,
    5.616106720846957
  ],
  "method": "deterministic_joint_state_belief_propagation",
  "objective_estimate": 5.480070439125081,
  "status": "ok",
  "tail_interval_width": 0.00047006150549577796,
  "total_belief_nodes": 20594,
  "upper_objective": 5.4803054698778295,
  "upper_values": [
    5.207762844928587,
    5.207762844928587,
    5.616576782352451,
    5.616576782352451,
    5.616576782352451,
    5.616576782352451
  ]
}