{
  "alpha_vector_count": 6,
  "analysis_discounted_tail_bound": 9.67774912024056e-09,
  "analysis_horizon": 197,
  "analysis_total_belief_nodes": 8301,
  "beta": 0.05,
  "beta_index": 1,
  "discounted_transmission_occupancy": 3.1032622915458115,
  "epsilon": 0.08,
  "epsilon_index": 7,
  "gamma": 0.9,
  "gamma_index": 0,
  "index": 17,
  "margin": -0.6124000000000002,
  "margin_region": "m<0",
  "mdp_seed": 1111,
  "normal_minus_restricted_lower": 0.014601084884422022,
  "normal_minus_restricted_upper": 0.015541207895410913,
  "normal_minus_restricted_value": 0.015071146389916024,
  "normal_policy_horizon": 95,
  "normal_policy_interval_width": 0.00047006150549222525,
  "normal_policy_lower_bound": 4.898956774650014,
  "normal_policy_total_belief_nodes": 22679,
  "normal_policy_upper_bound": 4.899426836155506,
  "normal_policy_value": 4.89919180540276,
  "point_id": "g0_b01_e07",
  "restricted_lower_bound_status": "ok",
  "restricted_policy_horizon": 95,
  "restricted_policy_interval_width": 0.00047006150549666614,
  "restricted_policy_lower_bound": 4.883885628260095,
  "restricted_policy_total_belief_nodes": 22659,
  "restricted_policy_upper_bound": 4.8843556897655915,
  "reused_solver_checkpoint": false,
  "root_gap": 0.1811228330094572,
  "sampled_belief_count": 473173,
  "sarsop_gap": 0.17534920315959912,
  "sarsop_lower_bound": 4.899151671242334,
  "sarsop_upper_bound": 5.0745008744019335,
  "solver_elapsed_seconds": 983.6958639621735,
  "solver_iterations": 19,
  "solver_stop_reason": "max_time",
  "status": "ok",
  "unrestricted_upper_minus_restricted_lower": 0.19061524614183867,
  "violation_count": 1,
  "violation_discounted_event_occupancy": 0.23106005120722978,
  "violation_first_depth_max": 0,
  "violation_first_depth_min": 0
}