{
  "horizon": 95,
  "lower_objective": 3.7024378330805967,
  "lower_values": [
    3.494180845659228,
    4.149455342278778,
    3.494180845659228,
    4.149455342278778,
    3.4137505348259474,
    3.5136040877816206
  ],
  "method": "deterministic_joint_state_belief_propagation",
  "objective_estimate": 3.7026728638333424,
  "status": "ok",
  "tail_interval_width": 0.00047006150549178116,
  "total_belief_nodes": 66535,
  "upper_objective": 3.7029078945860885,
  "upper_values": [
    3.49465090716472,
    4.1499254037842706,
    3.49465090716472,
    4.1499254037842706,
    3.41422059633144,
    3.5140741492871124
  ]
}