{
  "horizon": 95,
  "lower_objective": 3.7239048871772265,
  "lower_values": [
    4.200183273737175,
    3.426796437146087,
    3.5340657794294112,
    4.200183273737175,
    3.5340657794294112,
    3.448134779584102
  ],
  "method": "deterministic_joint_state_belief_propagation",
  "objective_estimate": 3.724139917929973,
  "status": "ok",
  "tail_interval_width": 0.0004700615054935575,
  "total_belief_nodes": 18364,
  "upper_objective": 3.72437494868272,
  "upper_values": [
    4.200653335242667,
    3.4272664986515813,
    3.534535840934905,
    4.200653335242667,
    3.534535840934905,
    3.4486048410895958
  ]
}