{
  "horizon": 95,
  "lower_objective": 2.2460866637580663,
  "lower_values": [
    2.1697300400405197,
    2.1697300400405197,
    2.484164127843059,
    2.484164127843059,
    2.1697300400405197,
    1.9990016067407215
  ],
  "method": "deterministic_joint_state_belief_propagation",
  "objective_estimate": 2.246321694510813,
  "status": "same_as_normal_no_violations",
  "tail_interval_width": 0.0004700615054935575,
  "total_belief_nodes": 34546,
  "unrestricted_upper_minus_restricted_lower": 0.05130048669302667,
  "upper_objective": 2.24655672526356,
  "upper_values": [
    2.1702001015460137,
    2.1702001015460137,
    2.4846341893485517,
    2.4846341893485517,
    2.1702001015460137,
    1.9994716682462146
  ]
}