{
  "horizon": 95,
  "lower_objective": 2.5895519646182685,
  "lower_values": [
    2.311324150902913,
    2.2820210341263887,
    2.593041359053081,
    2.783641747875743,
    2.783641747875743,
    2.783641747875743
  ],
  "method": "deterministic_joint_state_belief_propagation",
  "objective_estimate": 2.5897869953710155,
  "status": "ok",
  "tail_interval_width": 0.0004700615054940016,
  "total_belief_nodes": 49289,
  "upper_objective": 2.5900220261237625,
  "upper_values": [
    2.3117942124084054,
    2.282491095631883,
    2.593511420558575,
    2.7841118093812374,
    2.7841118093812374,
    2.7841118093812374
  ]
}