{
  "action_encoding": {
    "formula": "action = prescription_index * n_receiver_actions + receiver_action",
    "solver_jpo_action_offset": 1,
    "state_zero_bit": "most_significant"
  },
  "bounds": {
    "gap": 0.15915289376578023,
    "lower_objective": 4.01372952331198,
    "lower_values": [
      4.502577046170294,
      3.417563283150205,
      4.502577046170294,
      4.502577046170294,
      3.417563283150205,
      3.739519435060592
    ],
    "root_gap": 0.1660829677856511,
    "root_lower_objective": 4.01372952331198,
    "root_upper_objective": 4.179812491097631,
    "upper_objective": 4.17288241707776,
    "upper_values": [
      4.639506904759163,
      3.584904722794978,
      4.669036809510324,
      4.6498723945806235,
      3.584132431446973,
      3.9098412393745043
    ]
  },
  "initialization": {
    "initial_beliefs": [
      [
        1.0,
        0.0,
        0.0,
        0.0,
        0.0,
        0.0
      ],
      [
        0.0,
        1.0,
        0.0,
        0.0,
        0.0,
        0.0
      ],
      [
        0.0,
        0.0,
        1.0,
        0.0,
        0.0,
        0.0
      ],
      [
        0.0,
        0.0,
        0.0,
        1.0,
        0.0,
        0.0
      ],
      [
        0.0,
        0.0,
        0.0,
        0.0,
        1.0,
        0.0
      ],
      [
        0.0,
        0.0,
        0.0,
        0.0,
        0.0,
        1.0
      ]
    ],
    "initial_weights": [
      0.16666666666666666,
      0.16666666666666666,
      0.16666666666666666,
      0.16666666666666666,
      0.16666666666666666,
      0.16666666666666666
    ],
    "kind": "single synthetic root revealing a uniformly sampled physical state",
    "root_value_scale": "V_root / gamma, gamma=0.9"
  },
  "model": {
    "beta": 0.05,
    "epsilon": 0.04000000000000001,
    "gamma": 0.9,
    "mdp_density": 0.5,
    "mdp_seed": 20617211,
    "mdp_sha256": "558046936c00ba332dcc7f32b87d0047513301d1f40d9ce1f61f0e2e678f7e6d",
    "n_jpo_actions": 128,
    "n_prescriptions": 64,
    "n_receiver_actions": 2,
    "n_states": 6
  },
  "runtime": {
    "julia": "1.12.6",
    "native_sarsop": "0.1.4",
    "pomdp_tools": "1.1.0",
    "pomdps": "1.0.0"
  },
  "solver": {
    "delta": 0.0001,
    "export_beliefs": false,
    "initial_bound_max_time": 30.0,
    "initial_bound_residual": 1e-08,
    "initial_upper_bound": "fully_observable",
    "kappa": 0.5,
    "max_steps": 1000000,
    "max_time": 600.0,
    "precision": 0.01,
    "prune_threshold": 0.1,
    "search_epsilon": 0.01,
    "use_binning": true
  },
  "training": {
    "alpha_count": 11,
    "belief_count": 288961,
    "elapsed_seconds": 938.3068590164185,
    "history": [
      {
        "elapsed_seconds": 1.5974044799804688e-05,
        "initial_gap": 114.19364091731914,
        "initial_lower_objective": -110.00000000000004,
        "initial_upper_objective": 4.193640917319108,
        "iteration": 0,
        "root_gap": 102.77427682558724,
        "root_lower": -99.00000000000004,
        "root_upper": 3.7742768255871972
      },
      {
        "elapsed_seconds": 0.03707313537597656,
        "initial_gap": 1.7391816351024778,
        "initial_lower_objective": 2.45445928221663,
        "initial_upper_objective": 4.193640917319108,
        "iteration": 1,
        "root_gap": 1.56526347159223,
        "root_lower": 2.2090133539949672,
        "root_upper": 3.7742768255871972
      },
      {
        "elapsed_seconds": 0.06634211540222168,
        "initial_gap": 0.36690535426388227,
        "initial_lower_objective": 3.8267355615620877,
        "initial_upper_objective": 4.19364091582597,
        "iteration": 2,
        "root_gap": 0.33021481883749404,
        "root_lower": 3.444062005405879,
        "root_upper": 3.774276824243373
      },
      {
        "elapsed_seconds": 0.11704301834106445,
        "initial_gap": 0.21211253266561442,
        "initial_lower_objective": 3.97936840648806,
        "initial_upper_objective": 4.191480939153675,
        "iteration": 3,
        "root_gap": 0.190901279399053,
        "root_lower": 3.5814315658392544,
        "root_upper": 3.7723328452383074
      },
      {
        "elapsed_seconds": 0.1970992088317871,
        "initial_gap": 0.19510072609894655,
        "initial_lower_objective": 3.9951305107726194,
        "initial_upper_objective": 4.190231236871566,
        "iteration": 4,
        "root_gap": 0.1755906534890519,
        "root_lower": 3.5956174596953576,
        "root_upper": 3.7712081131844095
      },
      {
        "elapsed_seconds": 0.311751127243042,
        "initial_gap": 0.1891497974309791,
        "initial_lower_objective": 4.001081439440587,
        "initial_upper_objective": 4.190231236871566,
        "iteration": 5,
        "root_gap": 0.17023481768788118,
        "root_lower": 3.6009732954965283,
        "root_upper": 3.7712081131844095
      },
      {
        "elapsed_seconds": 0.3178701400756836,
        "initial_gap": 0.18262701441758505,
        "initial_lower_objective": 4.001438850388858,
        "initial_upper_objective": 4.184065864806444,
        "iteration": 6,
        "root_gap": 0.16436431297582654,
        "root_lower": 3.6012949653499726,
        "root_upper": 3.765659278325799
      },
      {
        "elapsed_seconds": 0.47621703147888184,
        "initial_gap": 0.1724274034990314,
        "initial_lower_objective": 4.010915417779626,
        "initial_upper_objective": 4.183342821278657,
        "iteration": 7,
        "root_gap": 0.15518466314912827,
        "root_lower": 3.609823876001663,
        "root_upper": 3.7650085391507915
      },
      {
        "elapsed_seconds": 0.4818141460418701,
        "initial_gap": 0.17023635903229145,
        "initial_lower_objective": 4.010915417779626,
        "initial_upper_objective": 4.181151776811917,
        "iteration": 8,
        "root_gap": 0.1532127231290623,
        "root_lower": 3.609823876001663,
        "root_upper": 3.7630365991307255
      },
      {
        "elapsed_seconds": 0.48508715629577637,
        "initial_gap": 0.17023635903229145,
        "initial_lower_objective": 4.010915417779626,
        "initial_upper_objective": 4.181151776811917,
        "iteration": 9,
        "root_gap": 0.1532127231290623,
        "root_lower": 3.609823876001663,
        "root_upper": 3.7630365991307255
      },
      {
        "elapsed_seconds": 0.4899141788482666,
        "initial_gap": 0.17023635903229145,
        "initial_lower_objective": 4.010915417779626,
        "initial_upper_objective": 4.181151776811917,
        "iteration": 10,
        "root_gap": 0.1532127231290623,
        "root_lower": 3.609823876001663,
        "root_upper": 3.7630365991307255
      },
      {
        "elapsed_seconds": 0.49442315101623535,
        "initial_gap": 0.17023635903229145,
        "initial_lower_objective": 4.010915417779626,
        "initial_upper_objective": 4.181151776811917,
        "iteration": 11,
        "root_gap": 0.1532127231290623,
        "root_lower": 3.609823876001663,
        "root_upper": 3.7630365991307255
      },
      {
        "elapsed_seconds": 0.4970571994781494,
        "initial_gap": 0.17023635903229145,
        "initial_lower_objective": 4.010915417779626,
        "initial_upper_objective": 4.181151776811917,
        "iteration": 12,
        "root_gap": 0.1532127231290623,
        "root_lower": 3.609823876001663,
        "root_upper": 3.7630365991307255
      },
      {
        "elapsed_seconds": 0.49963808059692383,
        "initial_gap": 0.17023635903229145,
        "initial_lower_objective": 4.010915417779626,
        "initial_upper_objective": 4.181151776811917,
        "iteration": 13,
        "root_gap": 0.1532127231290623,
        "root_lower": 3.609823876001663,
        "root_upper": 3.7630365991307255
      },
      {
        "elapsed_seconds": 0.5022201538085938,
        "initial_gap": 0.17023635903229145,
        "initial_lower_objective": 4.010915417779626,
        "initial_upper_objective": 4.181151776811917,