{
  "horizon": 95,
  "lower_objective": 1.4230567399097633,
  "lower_values": [
    1.3957419274223533,
    1.3051668355693997,
    1.3840499453723594,
    1.3957419274223533,
    1.833607505023826,
    1.2240322986482883
  ],
  "method": "deterministic_joint_state_belief_propagation",
  "objective_estimate": 1.42329177066251,
  "status": "ok",
  "tail_interval_width": 0.0004700615054935575,
  "total_belief_nodes": 105854,
  "upper_objective": 1.423526801415257,
  "upper_values": [
    1.3962119889278475,
    1.3056368970748924,
    1.3845200068778525,
    1.3962119889278475,
    1.8340775665293192,
    1.2245023601537823
  ]
}