{
  "action_encoding": {
    "formula": "action = prescription_index * n_receiver_actions + receiver_action",
    "solver_jpo_action_offset": 1,
    "state_zero_bit": "most_significant"
  },
  "bounds": {
    "gap": 4.395547653761277,
    "lower_objective": 47.050520805122645,
    "lower_values": [
      47.21016609216939,
      46.870447667140866,
      47.24073732190689,
      47.21016609216939,
      47.24073732190689,
      46.53087033544248
    ],
    "root_gap": 4.396522649037303,
    "root_lower_objective": 47.050520805122645,
    "root_upper_objective": 51.447043454159946,
    "upper_objective": 51.44606845888392,
    "upper_values": [
      51.514083961985236,
      51.43735607666901,
      51.842118741392895,
      51.514083961985236,
      51.46378071044493,
      50.90498730082624
    ]
  },
  "initialization": {
    "initial_beliefs": [
      [
        1.0,
        0.0,
        0.0,
        0.0,
        0.0,
        0.0
      ],
      [
        0.0,
        1.0,
        0.0,
        0.0,
        0.0,
        0.0
      ],
      [
        0.0,
        0.0,
        1.0,
        0.0,
        0.0,
        0.0
      ],
      [
        0.0,
        0.0,
        0.0,
        1.0,
        0.0,
        0.0
      ],
      [
        0.0,
        0.0,
        0.0,
        0.0,
        1.0,
        0.0
      ],
      [
        0.0,
        0.0,
        0.0,
        0.0,
        0.0,
        1.0
      ]
    ],
    "initial_weights": [
      0.16666666666666666,
      0.16666666666666666,
      0.16666666666666666,
      0.16666666666666666,
      0.16666666666666666,
      0.16666666666666666
    ],
    "kind": "single synthetic root revealing a uniformly sampled physical state",
    "root_value_scale": "V_root / gamma, gamma=0.99"
  },
  "model": {
    "beta": 0.1,
    "epsilon": 0.030000000000000006,
    "gamma": 0.99,
    "mdp_density": 0.5,
    "mdp_seed": 1111,
    "mdp_sha256": "580f9fa806b22e34e0f0d1010a1012409199158e69e3f71c129e1c5119fb8d6a",
    "n_jpo_actions": 128,
    "n_prescriptions": 64,
    "n_receiver_actions": 2,
    "n_states": 6
  },
  "runtime": {
    "julia": "1.12.6",
    "native_sarsop": "0.1.4",
    "pomdp_tools": "1.1.0",
    "pomdps": "1.0.0"
  },
  "solver": {
    "delta": 0.0001,
    "export_beliefs": false,
    "initial_bound_max_time": 30.0,
    "initial_bound_residual": 1e-08,
    "initial_upper_bound": "fully_observable",
    "kappa": 0.5,
    "max_steps": 1000000,
    "max_time": 500.0,
    "precision": 0.01,
    "prune_threshold": 0.1,
    "search_epsilon": 0.01,
    "use_binning": true
  },
  "training": {
    "alpha_count": 5,
    "belief_count": 7843459,
    "elapsed_seconds": 563.1782820224762,
    "history": [
      {
        "elapsed_seconds": 8.821487426757812e-06,
        "initial_gap": 10151.685969110493,
        "initial_lower_objective": -10099.999999999984,
        "initial_upper_objective": 51.68596911050958,
        "iteration": 0,
        "root_gap": 10050.169109419388,
        "root_lower": -9998.999999999984,
        "root_upper": 51.169109419404485
      },
      {
        "elapsed_seconds": 0.0002999305725097656,
        "initial_gap": 26.711134436216597,
        "initial_lower_objective": 24.974834674292985,
        "initial_upper_objective": 51.68596911050958,
        "iteration": 1,
        "root_gap": 26.44402309185443,
        "root_lower": 24.725086327550056,
        "root_upper": 51.169109419404485
      },
      {
        "elapsed_seconds": 1.5888409614562988,
        "initial_gap": 21.129339694002137,
        "initial_lower_objective": 30.556629416507445,
        "initial_upper_objective": 51.68596911050958,
        "iteration": 2,
        "root_gap": 20.918046297062116,
        "root_lower": 30.25106312234237,
        "root_upper": 51.169109419404485
      },
      {
        "elapsed_seconds": 5.751083850860596,
        "initial_gap": 20.1693986620576,
        "initial_lower_objective": 31.50156563156608,
        "initial_upper_objective": 51.670964293623676,
        "iteration": 3,
        "root_gap": 19.967704675437023,
        "root_lower": 31.18654997525042,
        "root_upper": 51.15425465068744
      },
      {
        "elapsed_seconds": 13.153270959854126,
        "initial_gap": 14.834279137715184,
        "initial_lower_objective": 36.79747939831512,
        "initial_upper_objective": 51.631758536030304,
        "iteration": 4,
        "root_gap": 14.685936346338032,
        "root_lower": 36.42950460433197,
        "root_upper": 51.11544095067
      },
      {
        "elapsed_seconds": 21.600197792053223,
        "initial_gap": 14.625715275984197,
        "initial_lower_objective": 36.977658347800244,
        "initial_upper_objective": 51.60337362378444,
        "iteration": 5,
        "root_gap": 14.479458123224354,
        "root_lower": 36.607881764322244,
        "root_upper": 51.0873398875466
      },
      {
        "elapsed_seconds": 31.30941390991211,
        "initial_gap": 13.892610834138134,
        "initial_lower_objective": 37.71002344306517,
        "initial_upper_objective": 51.60263427720331,
        "iteration": 6,
        "root_gap": 13.753684725796752,
        "root_lower": 37.33292320863452,
        "root_upper": 51.08660793443127
      },
      {
        "elapsed_seconds": 46.38197994232178,
        "initial_gap": 13.364695924541627,
        "initial_lower_objective": 38.223398328328074,
        "initial_upper_objective": 51.5880942528697,
        "iteration": 7,
        "root_gap": 13.23104896529621,
        "root_lower": 37.841164345044795,
        "root_upper": 51.072213310341006
      },
      {
        "elapsed_seconds": 60.96094584465027,
        "initial_gap": 12.476516441293986,
        "initial_lower_objective": 39.10934048082626,
        "initial_upper_objective": 51.58585692212025,
        "iteration": 8,
        "root_gap": 12.351751276881046,
        "root_lower": 38.718247076018,
        "root_upper": 51.06999835289905
      },
      {
        "elapsed_seconds": 80.81139492988586,
        "initial_gap": 9.217384137161407,
        "initial_lower_objective": 42.33335171795558,
        "initial_upper_objective": 51.55073585511698,
        "iteration": 9,
        "root_gap": 9.125210295789792,
        "root_lower": 41.91001820077602,
        "root_upper": 51.035228496565814
      },
      {
        "elapsed_seconds": 92.64527988433838,
        "initial_gap": 9.108348585763535,
        "initial_lower_objective": 42.42247564237998,
        "initial_upper_objective": 51.530824228143516,
        "iteration": 10,
        "root_gap": 9.017265099905899,
        "root_lower": 41.99825088595618,
        "root_upper": 51.01551598586208
      },
      {
        "elapsed_seconds": 111.26842880249023,
        "initial_gap": 8.329904657103807,
        "initial_lower_objective": 43.19920817314474,
        "initial_upper_objective": 51.52911283024854,
        "iteration": 11,
        "root_gap": 8.246605610532768,
        "root_lower": 42.76721609141329,
        "root_upper": 51.01382170194606
      },
      {
        "elapsed_seconds": 141.97648000717163,
        "initial_gap": 7.968874458267069,
        "initial_lower_objective": 43.557753038417616,
        "initial_upper_objective": 51.52662749668468,
        "iteration": 12,
        "root_gap": 7.889185713684398,
        "root_lower": 43.122175508033436,
        "root_upper": 51.011361221717834
      },
      {
        "elapsed_seconds": 178.77639889717102,
        "initial_gap": 7.266168857919776,
        "initial_lower_objective": 44.25709499251353,
        "initial_upper_objective": 51.52326385043331,
        "iteration": 13,
        "root_gap": 7.193507169340577,
        "root_lower": 43.814524042588396,
        "root_upper": 51.00803121192897
      },
      {
        "elapsed_seconds": 211.79804182052612,
        "initial_gap": 6.713504152965062,
        "initial_lower_objective": 44.791336178751344,
        "initial_upper_objective": 51.50484033171641,
        "iteration": 14,