{
  "horizon": 1224,
  "lower_objective": 47.18810361938041,
  "lower_values": [
    47.361455879708,
    47.00613921495116,
    47.361455879708,
    47.361455879708,
    47.361455879708,
    46.67665898249936
  ],
  "method": "deterministic_joint_state_belief_propagation",
  "objective_estimate": 47.1883533351014,
  "status": "ok",
  "tail_interval_width": 0.0004994314419661805,
  "total_belief_nodes": 327964,
  "upper_objective": 47.18860305082238,
  "upper_values": [
    47.36195531114997,
    47.00663864639313,
    47.36195531114997,
    47.36195531114997,
    47.36195531114997,
    46.67715841394128
  ]
}