{
  "alpha_vector_count": 7,
  "analysis_discounted_tail_bound": 9.90526314525898e-09,
  "analysis_horizon": 2292,
  "analysis_total_belief_nodes": 102754,
  "beta": 0.1,
  "beta_index": 2,
  "discounted_transmission_occupancy": 34.57439725320368,
  "epsilon": 0.1,
  "epsilon_index": 9,
  "gamma": 0.99,
  "gamma_index": 1,
  "index": 69,
  "margin": -8.809999999999993,
  "margin_region": "m<0",
  "mdp_seed": 1111,
  "normal_minus_restricted_lower": 0.2855434865082316,
  "normal_minus_restricted_upper": 0.28654234939205026,
  "normal_minus_restricted_value": 0.2860429179501338,
  "normal_policy_horizon": 1224,
  "normal_policy_interval_width": 0.0004994314419661805,
  "normal_policy_lower_bound": 47.18810361938041,
  "normal_policy_total_belief_nodes": 327964,
  "normal_policy_upper_bound": 47.18860305082238,
  "normal_policy_value": 47.1883533351014,
  "point_id": "g1_b02_e09",
  "restricted_lower_bound_status": "ok",
  "restricted_policy_horizon": 1224,
  "restricted_policy_interval_width": 0.0004994314418524937,
  "restricted_policy_lower_bound": 46.90206070143033,
  "restricted_policy_total_belief_nodes": 327944,
  "restricted_policy_upper_bound": 46.90256013287218,
  "reused_solver_checkpoint": false,
  "root_gap": 4.94454265850728,
  "sampled_belief_count": 7839847,
  "sarsop_gap": 4.938922348315934,
  "sarsop_lower_bound": 46.49586056652289,
  "sarsop_upper_bound": 51.43478291483883,
  "solver_elapsed_seconds": 522.6258590221405,
  "solver_iterations": 20,
  "solver_stop_reason": "max_time",
  "status": "ok",
  "unrestricted_upper_minus_restricted_lower": 4.532722213408498,
  "violation_count": 1,
  "violation_discounted_event_occupancy": 2.436662607728046,
  "violation_first_depth_max": 0,
  "violation_first_depth_min": 0
}