{
  "horizon": 95,
  "lower_objective": 2.4517611743129937,
  "lower_values": [
    2.284466031228848,
    2.7707287187867915,
    2.0813834051191455,
    2.7707287187867915,
    2.4743691694322356,
    2.328891002524152
  ],
  "method": "deterministic_joint_state_belief_propagation",
  "objective_estimate": 2.4519962050657407,
  "status": "ok",
  "tail_interval_width": 0.0004700615054935575,
  "total_belief_nodes": 27172,
  "upper_objective": 2.4522312358184872,
  "upper_values": [
    2.2849360927343416,
    2.7711987802922837,
    2.08185346662464,
    2.7711987802922837,
    2.4748392309377287,
    2.329361064029646
  ]
}