{
  "horizon": 96,
  "lower_objective": 4.611388501635985,
  "lower_values": [
    4.785413813125404,
    4.418928726380783,
    4.785413813125404,
    4.785413813125404,
    4.785413813125404,
    4.107747030933512
  ],
  "method": "deterministic_joint_state_belief_propagation",
  "objective_estimate": 4.611618247008168,
  "status": "ok",
  "tail_interval_width": 0.00045949074436624215,
  "total_belief_nodes": 40386,
  "upper_objective": 4.611847992380351,
  "upper_values": [
    4.785873303869771,
    4.4193882171251495,
    4.785873303869771,
    4.785873303869771,
    4.785873303869771,
    4.108206521677877
  ]
}