{
  "horizon": 95,
  "lower_objective": 2.3323415620227763,
  "lower_values": [
    2.096255641163523,
    2.2987643019939163,
    2.2987643019939163,
    2.2987643019939163,
    2.7027365229974687,
    2.2987643019939163
  ],
  "method": "deterministic_joint_state_belief_propagation",
  "objective_estimate": 2.3325765927755224,
  "status": "same_as_normal_no_violations",
  "tail_interval_width": 0.00047006150549222525,
  "total_belief_nodes": 15018,
  "unrestricted_upper_minus_restricted_lower": 0.011179490096962397,
  "upper_objective": 2.3328116235282685,
  "upper_values": [
    2.0967257026690156,
    2.299234363499409,
    2.299234363499409,
    2.299234363499409,
    2.703206584502962,
    2.299234363499409
  ]
}