{
  "horizon": 95,
  "lower_objective": 3.7184095803965405,
  "lower_values": [
    4.195679813464793,
    3.415292271948363,
    3.5298747078104573,
    4.195679813464793,
    3.5298747078104573,
    3.4440561678803823
  ],
  "method": "deterministic_joint_state_belief_propagation",
  "objective_estimate": 3.7186446111492875,
  "status": "ok",
  "tail_interval_width": 0.0004700615054935575,
  "total_belief_nodes": 17880,
  "upper_objective": 3.718879641902034,
  "upper_values": [
    4.196149874970285,
    3.415762333453857,
    3.5303447693159513,
    4.196149874970285,
    3.5303447693159513,
    3.4445262293858763
  ]
}