{
  "horizon": 1215,
  "lower_objective": 51.386127107573955,
  "lower_values": [
    51.56055542044605,
    51.219093315812984,
    51.55843893255165,
    51.56055542044605,
    51.55843893255165,
    50.859680623635356
  ],
  "method": "deterministic_joint_state_belief_propagation",
  "objective_estimate": 51.38637583944718,
  "status": "ok",
  "tail_interval_width": 0.0004974637464556508,
  "total_belief_nodes": 540981,
  "upper_objective": 51.38662457132041,
  "upper_values": [
    51.561052884192506,
    51.21959077955944,
    51.55893639629811,
    51.561052884192506,
    51.55893639629811,
    50.860178087381804
  ]
}