{
  "horizon": 1215,
  "lower_objective": 45.43005141399132,
  "lower_values": [
    45.62684797287638,
    45.30354706330352,
    45.510511718876664,
    45.62684797287638,
    45.510511718876664,
    45.00204203713834
  ],
  "method": "deterministic_joint_state_belief_propagation",
  "objective_estimate": 45.43030014586458,
  "status": "ok",
  "tail_interval_width": 0.0004974637464982834,
  "total_belief_nodes": 374939,
  "unrestricted_upper_minus_restricted_lower": 6.251005122194307,
  "upper_objective": 45.43054887773782,
  "upper_values": [
    45.627345436622846,
    45.304044527050046,
    45.51100918262322,
    45.627345436622846,
    45.51100918262322,
    45.00253950088479
  ]
}