{
  "horizon": 95,
  "lower_objective": 3.9123898120698577,
  "lower_values": [
    3.980287475538324,
    3.980287475538324,
    3.980287475538324,
    3.572901494727529,
    3.980287475538324,
    3.980287475538324
  ],
  "method": "deterministic_joint_state_belief_propagation",
  "objective_estimate": 3.9126248428226047,
  "status": "ok",
  "tail_interval_width": 0.00047006150549266934,
  "total_belief_nodes": 28469,
  "upper_objective": 3.9128598735753504,
  "upper_values": [
    3.980757537043816,
    3.980757537043816,
    3.980757537043816,
    3.573371556233023,
    3.980757537043816,
    3.980757537043816
  ]
}