{
  "action_encoding": {
    "formula": "action = prescription_index * n_receiver_actions + receiver_action",
    "solver_jpo_action_offset": 1,
    "state_zero_bit": "most_significant"
  },
  "bounds": {
    "gap": 0.009149054039029991,
    "lower_objective": 9.967670657671107,
    "lower_values": [
      9.967667087437468,
      9.967679565347382,
      9.967679195761376,
      9.967653872386707,
      9.967674283664078,
      9.967669941429634
    ],
    "root_gap": 0.010412495875077433,
    "root_lower_objective": 9.967670657671109,
    "root_upper_objective": 9.978083153546185,
    "upper_objective": 9.976819711710137,
    "upper_values": [
      9.978270525237628,
      9.976115099853487,
      9.975703344592546,
      9.977303182667164,
      9.977042937464923,
      9.976483180445072
    ]
  },
  "initialization": {
    "initial_beliefs": [
      [
        1.0,
        0.0,
        0.0,
        0.0,
        0.0,
        0.0
      ],
      [
        0.0,
        1.0,
        0.0,
        0.0,
        0.0,
        0.0
      ],
      [
        0.0,
        0.0,
        1.0,
        0.0,
        0.0,
        0.0
      ],
      [
        0.0,
        0.0,
        0.0,
        1.0,
        0.0,
        0.0
      ],
      [
        0.0,
        0.0,
        0.0,
        0.0,
        1.0,
        0.0
      ],
      [
        0.0,
        0.0,
        0.0,
        0.0,
        0.0,
        1.0
      ]
    ],
    "initial_weights": [
      0.16666666666666666,
      0.16666666666666666,
      0.16666666666666666,
      0.16666666666666666,
      0.16666666666666666,
      0.16666666666666666
    ],
    "kind": "single synthetic root revealing a uniformly sampled physical state",
    "root_value_scale": "V_root / gamma, gamma=0.9"
  },
  "model": {
    "beta": 0.0,
    "epsilon": 0.01,
    "gamma": 0.9,
    "mdp_density": 0.5,
    "mdp_seed": 1111,
    "mdp_sha256": "3302114388923a1ad5dae77bc514b036cd7204712c5a85a26e260cf471b89366",
    "n_jpo_actions": 384,
    "n_prescriptions": 64,
    "n_receiver_actions": 6,
    "n_states": 6
  },
  "runtime": {
    "julia": "1.12.6",
    "native_sarsop": "0.1.4",
    "pomdp_tools": "1.1.0",
    "pomdps": "1.0.0"
  },
  "solver": {
    "delta": 0.0001,
    "export_beliefs": false,
    "initial_bound_max_time": 30.0,
    "initial_bound_residual": 1e-08,
    "initial_upper_bound": "fully_observable",
    "kappa": 0.5,
    "max_steps": 1000000,
    "max_time": 500.0,
    "precision": 0.01,
    "prune_threshold": 0.1,
    "search_epsilon": 0.01,
    "use_binning": true
  },
  "training": {
    "alpha_count": 17,
    "belief_count": 3374141,
    "elapsed_seconds": 19.84031391143799,
    "history": [
      {
        "elapsed_seconds": 1.0967254638671875e-05,
        "initial_gap": 120.00000000000004,
        "initial_lower_objective": -110.00000000000004,
        "initial_upper_objective": 10.000000000000002,
        "iteration": 0,
        "root_gap": 108.00000000000004,
        "root_lower": -99.00000000000004,
        "root_upper": 9.000000000000002
      },
      {
        "elapsed_seconds": 0.13388895988464355,
        "initial_gap": 3.730576023528918,
        "initial_lower_objective": 6.269423976471083,
        "initial_upper_objective": 10.000000000000002,
        "iteration": 1,
        "root_gap": 3.3575184211760263,
        "root_lower": 5.6424815788239755,
        "root_upper": 9.000000000000002
      },
      {
        "elapsed_seconds": 0.1976308822631836,
        "initial_gap": 1.9105247416727156,
        "initial_lower_objective": 8.089456011162754,
        "initial_upper_objective": 9.99998075283547,
        "iteration": 2,
        "root_gap": 1.7194722675054441,
        "root_lower": 7.280510410046479,
        "root_upper": 8.999982677551923
      },
      {
        "elapsed_seconds": 0.28432393074035645,
        "initial_gap": 1.1448808395458283,
        "initial_lower_objective": 8.854093909841033,
        "initial_upper_objective": 9.998974749386862,
        "iteration": 3,
        "root_gap": 1.0303927555912455,
        "root_lower": 7.96868451885693,
        "root_upper": 8.999077274448176
      },
      {
        "elapsed_seconds": 0.504615068435669,
        "initial_gap": 0.6665225360400228,
        "initial_lower_objective": 9.330518319686828,
        "initial_upper_objective": 9.99704085572685,
        "iteration": 4,
        "root_gap": 0.5998702824360205,
        "root_lower": 8.397466487718145,
        "root_upper": 8.997336770154165
      },
      {
        "elapsed_seconds": 0.6719560623168945,
        "initial_gap": 0.40664797096121436,
        "initial_lower_objective": 9.589375387158983,
        "initial_upper_objective": 9.996023358120198,
        "iteration": 5,
        "root_gap": 0.36598317386509294,
        "root_lower": 8.630437848443085,
        "root_upper": 8.996421022308178
      },
      {
        "elapsed_seconds": 1.3957529067993164,
        "initial_gap": 0.24425958937846282,
        "initial_lower_objective": 9.750428399194591,
        "initial_upper_objective": 9.994687988573055,
        "iteration": 6,
        "root_gap": 0.21983363044061655,
        "root_lower": 8.775385559275133,
        "root_upper": 8.99521918971575
      },
      {
        "elapsed_seconds": 1.584151029586792,
        "initial_gap": 0.16242656349258291,
        "initial_lower_objective": 9.831753518966872,
        "initial_upper_objective": 9.994180082459454,
        "iteration": 7,
        "root_gap": 0.14618390714332463,
        "root_lower": 8.848578167070185,
        "root_upper": 8.99476207421351
      },
      {
        "elapsed_seconds": 1.8190419673919678,
        "initial_gap": 0.13048909601721842,
        "initial_lower_objective": 9.863462617951113,
        "initial_upper_objective": 9.99395171396833,
        "iteration": 8,
        "root_gap": 0.11744018641549658,
        "root_lower": 8.877116356156002,
        "root_upper": 8.994556542571498
      },
      {
        "elapsed_seconds": 1.8413920402526855,
        "initial_gap": 0.12071664337122022,
        "initial_lower_objective": 9.873419710214977,
        "initial_upper_objective": 9.994136353586198,
        "iteration": 9,
        "root_gap": 0.1086449790340982,
        "root_lower": 8.88607773919348,
        "root_upper": 8.994722718227578
      },
      {
        "elapsed_seconds": 2.438555955886841,
        "initial_gap": 0.09643750252659128,
        "initial_lower_objective": 9.897698851038262,
        "initial_upper_objective": 9.994136353564853,
        "iteration": 10,
        "root_gap": 0.08679375227393216,
        "root_lower": 8.907928965934437,
        "root_upper": 8.994722718208369
      },
      {
        "elapsed_seconds": 2.757443904876709,
        "initial_gap": 0.07482276270611068,
        "initial_lower_objective": 9.919041885315663,
        "initial_upper_objective": 9.993864648021773,
        "iteration": 11,
        "root_gap": 0.06734048643549961,
        "root_lower": 8.927137696784097,
        "root_upper": 8.994478183219597
      },
      {
        "elapsed_seconds": 2.8688249588012695,
        "initial_gap": 0.061706039630844915,
        "initial_lower_objective": 9.931961336761828,
        "initial_upper_objective": 9.993667376392674,
        "iteration": 12,
        "root_gap": 0.055535435667760424,
        "root_lower": 8.938765203085646,
        "root_upper": 8.994300638753407
      },
      {
        "elapsed_seconds": 3.272519111633301,
        "initial_gap": 0.04846278768681797,
        "initial_lower_objective": 9.94497674980218,
        "initial_upper_objective": 9.993439537488998,
        "iteration": 13,
        "root_gap": 0.043616508918136176,
        "root_lower": 8.950479074821962,
        "root_upper": 8.994095583740098
      },
      {
        "elapsed_seconds": 3.579775094985962,
        "initial_gap": 0.04399827049007025,
        "initial_lower_objective": 9.949126461727234,
        "initial_upper_objective": 9.993124732217304,
        "iteration": 14,