{
  "beta": 1.3333333333333333,
  "beta_index": 6,
  "betas": [
    0.0,
    0.2222222222222222,
    0.4444444444444444,
    0.6666666666666666,
    0.8888888888888888,
    1.1111111111111112,
    1.3333333333333333,
    1.5555555555555554,
    1.7777777777777777,
    2.0
  ],
  "default_workers": 2,
  "density": 0.5,
  "epsilon": 0.24000000000000002,
  "epsilon_index": 7,
  "epsilons": [
    0.03,
    0.06,
    0.09,
    0.12000000000000001,
    0.15000000000000002,
    0.18000000000000002,
    0.21000000000000002,
    0.24000000000000002,
    0.27,
    0.3
  ],
  "expected_points": 100,
  "gamma": 0.9,
  "gamma_index": 0,
  "gammas": [
    0.9
  ],
  "index": 67,
  "margin": -0.30826666666666735,
  "margin_region": "m<0",
  "mdp_seed": 1111,
  "mdp_seed_sampling_seed": 20260717,
  "n_actions": 2,
  "n_states": 6,
  "name": "jpo_grid_s6_seed1111_g09_b10_e10_eps003_030_t700",
  "point_id": "g0_b06_e07",
  "reward_decay": 10.0,
  "solver": {
    "analysis_tail_tolerance": 1e-08,
    "delta": 0.0001,
    "evaluation_tail_tolerance": 1e-08,
    "export_beliefs": false,
    "initial_bound_max_time": 30.0,
    "initial_bound_residual": 1e-08,
    "initial_upper_bound": "fully_observable",
    "kappa": 0.5,
    "max_belief_nodes": 2000000,
    "max_steps": 1000000,
    "max_time": 700.0,
    "precision": 0.01,
    "prune_threshold": 0.1,
    "search_epsilon": 0.01
  }
}