{
  "horizon": 95,
  "lower_objective": 3.1063376982210507,
  "lower_values": [
    3.457007600691295,
    2.910023828952246,
    2.762609585829831,
    3.1413537442093915,
    3.457007600691295,
    2.910023828952246
  ],
  "method": "deterministic_joint_state_belief_propagation",
  "objective_estimate": 3.106572728973819,
  "status": "ok",
  "tail_interval_width": 0.00047006150553707826,
  "total_belief_nodes": 49370,
  "unrestricted_upper_minus_restricted_lower": 0.04805437236854049,
  "upper_objective": 3.1068077597265877,
  "upper_values": [
    3.4574776621967893,
    2.9104938904577407,
    2.763079647335583,
    3.1418238057148846,
    3.4574776621967893,
    2.9104938904577407
  ]
}