{
  "alpha_vector_count": 7,
  "analysis_discounted_tail_bound": 9.67774912024056e-09,
  "analysis_horizon": 197,
  "analysis_total_belief_nodes": 22188,
  "beta": 0.05,
  "candidate_index": 24,
  "discounted_transmission_occupancy": 1.7284609301388818,
  "epsilon": 0.07,
  "epsilon_index": 6,
  "gamma": 0.9,
  "index": 246,
  "margin": -0.5359000000000002,
  "margin_region": "m<0",
  "mdp_seed": 1513036094,
  "normal_minus_restricted_lower": 0.016594255620680176,
  "normal_minus_restricted_upper": 0.017534378631782754,
  "normal_minus_restricted_value": 0.017064317126231465,
  "normal_policy_horizon": 95,
  "normal_policy_interval_width": 0.00047006150556549997,
  "normal_policy_lower_bound": 3.123402015347268,
  "normal_policy_total_belief_nodes": 48935,
  "normal_policy_upper_bound": 3.1238720768528334,
  "normal_policy_value": 3.1236370461000504,
  "point_id": "seed_1513036094_e06",
  "restricted_policy_horizon": 95,
  "restricted_policy_interval_width": 0.00047006150553707826,
  "restricted_policy_lower_bound": 3.1063376982210507,
  "restricted_policy_status": "ok",
  "restricted_policy_total_belief_nodes": 49370,
  "restricted_policy_upper_bound": 3.1068077597265877,
  "restricted_policy_value": 3.106572728973819,
  "reused_solver_checkpoint": false,
  "root_gap": 0.030969589305915868,
  "sampled_belief_count": 5539906,
  "sarsop_gap": 0.030825120894647284,
  "sarsop_gap_within_acceptance_threshold": true,
  "sarsop_lower_bound": 3.123566949694944,
  "sarsop_upper_bound": 3.154392070589591,
  "solver_elapsed_seconds": 605.145015001297,
  "solver_iterations": 252,
  "solver_stop_reason": "max_time",
  "status": "ok",
  "violation_count": 255,
  "violation_discounted_event_occupancy": 0.3093897395378681,
  "violation_first_depth_max": 71,
  "violation_first_depth_min": 0
}