{
  "horizon": 95,
  "lower_objective": 2.5831756601861455,
  "lower_values": [
    2.3054661391976543,
    2.2754082810903102,
    2.5863056404601106,
    2.7772913001229336,
    2.7772913001229336,
    2.7772913001229336
  ],
  "method": "deterministic_joint_state_belief_propagation",
  "objective_estimate": 2.583410690938892,
  "status": "ok",
  "tail_interval_width": 0.00047006150549311343,
  "total_belief_nodes": 50392,
  "upper_objective": 2.5836457216916386,
  "upper_values": [
    2.3059362007031474,
    2.275878342595803,
    2.5867757019656032,
    2.7777613616284262,
    2.7777613616284262,
    2.7777613616284262
  ]
}