{
  "horizon": 95,
  "lower_objective": 2.6038591282119885,
  "lower_values": [
    2.6450191161750483,
    2.515076089321824,
    2.379710143667569,
    2.379710143667569,
    2.8518196382199603,
    2.8518196382199603
  ],
  "method": "deterministic_joint_state_belief_propagation",
  "objective_estimate": 2.6040941589647346,
  "status": "ok",
  "tail_interval_width": 0.00047006150549266934,
  "total_belief_nodes": 91067,
  "upper_objective": 2.604329189717481,
  "upper_values": [
    2.645489177680539,
    2.5155461508273165,
    2.380180205173063,
    2.380180205173063,
    2.8522896997254534,
    2.8522896997254534
  ]
}