{
  "horizon": 95,
  "lower_objective": 4.9528416295259206,
  "lower_values": [
    5.127619813963881,
    4.770937061362586,
    5.127619813963881,
    5.127619813963881,
    5.127619813963881,
    4.4356334599374145
  ],
  "method": "deterministic_joint_state_belief_propagation",
  "objective_estimate": 4.953076660278668,
  "status": "ok",
  "tail_interval_width": 0.0004700615054940016,
  "total_belief_nodes": 34282,
  "upper_objective": 4.9533116910314146,
  "upper_values": [
    5.128089875469375,
    4.771407122868082,
    5.128089875469375,
    5.128089875469375,
    5.128089875469375,
    4.436103521442907
  ]
}