{
  "action_encoding": {
    "formula": "action = prescription_index * n_receiver_actions + receiver_action",
    "solver_jpo_action_offset": 1,
    "state_zero_bit": "most_significant"
  },
  "bounds": {
    "gap": 0.011109939037559746,
    "lower_objective": 1.3920239235003347,
    "lower_values": [
      1.4856184858059138,
      1.2987113286124796,
      1.2983888605286662,
      1.4854175197203685,
      1.2983888605286662,
      1.4856184858059138
    ],
    "root_gap": 0.011109939037559573,
    "root_lower_objective": 1.3920239235003347,
    "root_upper_objective": 1.4031338625378942,
    "upper_objective": 1.4031338625378944,
    "upper_values": [
      1.4974332214171755,
      1.309284141775239,
      1.3097040041951233,
      1.4968590844317444,
      1.3096727653051803,
      1.4958499581029034
    ]
  },
  "initialization": {
    "initial_beliefs": [
      [
        1.0,
        0.0,
        0.0,
        0.0,
        0.0,
        0.0
      ],
      [
        0.0,
        1.0,
        0.0,
        0.0,
        0.0,
        0.0
      ],
      [
        0.0,
        0.0,
        1.0,
        0.0,
        0.0,
        0.0
      ],
      [
        0.0,
        0.0,
        0.0,
        1.0,
        0.0,
        0.0
      ],
      [
        0.0,
        0.0,
        0.0,
        0.0,
        1.0,
        0.0
      ],
      [
        0.0,
        0.0,
        0.0,
        0.0,
        0.0,
        1.0
      ]
    ],
    "initial_weights": [
      0.16666666666666666,
      0.16666666666666666,
      0.16666666666666666,
      0.16666666666666666,
      0.16666666666666666,
      0.16666666666666666
    ],
    "kind": "single synthetic root revealing a uniformly sampled physical state",
    "root_value_scale": "V_root / gamma, gamma=0.9"
  },
  "model": {
    "beta": 0.05,
    "epsilon": 0.020000000000000004,
    "gamma": 0.9,
    "mdp_density": 0.5,
    "mdp_seed": 1008468227,
    "mdp_sha256": "55e2e8deed69202388342519dd29911a6ff812609e12dd28ebbfc1d37a0f00d6",
    "n_jpo_actions": 128,
    "n_prescriptions": 64,
    "n_receiver_actions": 2,
    "n_states": 6
  },
  "runtime": {
    "julia": "1.12.6",
    "native_sarsop": "0.1.4",
    "pomdp_tools": "1.1.0",
    "pomdps": "1.0.0"
  },
  "solver": {
    "delta": 0.0001,
    "export_beliefs": false,
    "initial_bound_max_time": 30.0,
    "initial_bound_residual": 1e-08,
    "initial_upper_bound": "fully_observable",
    "kappa": 0.5,
    "max_steps": 1000000,
    "max_time": 600.0,
    "precision": 0.01,
    "prune_threshold": 0.1,
    "search_epsilon": 0.01,
    "use_binning": true
  },
  "training": {
    "alpha_count": 5,
    "belief_count": 233878,
    "elapsed_seconds": 0.5602960586547852,
    "history": [
      {
        "elapsed_seconds": 1.1920928955078125e-05,
        "initial_gap": 111.40968629885703,
        "initial_lower_objective": -110.00000000000004,
        "initial_upper_objective": 1.4096862988569796,
        "iteration": 0,
        "root_gap": 100.26871766897132,
        "root_lower": -99.00000000000004,
        "root_upper": 1.2687176689712816
      },
      {
        "elapsed_seconds": 0.0003800392150878906,
        "initial_gap": 0.4232143597412975,
        "initial_lower_objective": 0.986471939115682,
        "initial_upper_objective": 1.4096862988569796,
        "iteration": 1,
        "root_gap": 0.38089292376716777,
        "root_lower": 0.8878247452041138,
        "root_upper": 1.2687176689712816
      },
      {
        "elapsed_seconds": 0.01761794090270996,
        "initial_gap": 0.0412172844813267,
        "initial_lower_objective": 1.3684690143756528,
        "initial_upper_objective": 1.4096862988569796,
        "iteration": 2,
        "root_gap": 0.03709555603319403,
        "root_lower": 1.2316221129380875,
        "root_upper": 1.2687176689712816
      },
      {
        "elapsed_seconds": 0.049798011779785156,
        "initial_gap": 0.03191976148399537,
        "initial_lower_objective": 1.3763036905738755,
        "initial_upper_objective": 1.408223452057871,
        "iteration": 3,
        "root_gap": 0.028727785335595835,
        "root_lower": 1.238673321516488,
        "root_upper": 1.2674011068520838
      },
      {
        "elapsed_seconds": 0.0946359634399414,
        "initial_gap": 0.021237520047718592,
        "initial_lower_objective": 1.3853792269048353,
        "initial_upper_objective": 1.406616746952554,
        "iteration": 4,
        "root_gap": 0.019113768042946733,
        "root_lower": 1.2468413042143518,
        "root_upper": 1.2659550722572985
      },
      {
        "elapsed_seconds": 0.0998239517211914,
        "initial_gap": 0.017737286397525094,
        "initial_lower_objective": 1.3870984537039055,
        "initial_upper_objective": 1.4048357401014306,
        "iteration": 5,
        "root_gap": 0.015963557757772584,
        "root_lower": 1.248388608333515,
        "root_upper": 1.2643521660912875
      },
      {
        "elapsed_seconds": 0.16652989387512207,
        "initial_gap": 0.01568842870000056,
        "initial_lower_objective": 1.38914731140143,
        "initial_upper_objective": 1.4048357401014306,
        "iteration": 6,
        "root_gap": 0.014119585830000503,
        "root_lower": 1.250232580261287,
        "root_upper": 1.2643521660912875
      },
      {
        "elapsed_seconds": 0.1810898780822754,
        "initial_gap": 0.014471569583994636,
        "initial_lower_objective": 1.3897825821512773,
        "initial_upper_objective": 1.4042541517352718,
        "iteration": 7,
        "root_gap": 0.013024412625595172,
        "root_lower": 1.2508043239361495,
        "root_upper": 1.2638287365617447
      },
      {
        "elapsed_seconds": 0.18808388710021973,
        "initial_gap": 0.012878561644313396,
        "initial_lower_objective": 1.3910216787609002,
        "initial_upper_objective": 1.4039002404052137,
        "iteration": 8,
        "root_gap": 0.011590705479882057,
        "root_lower": 1.2519195108848102,
        "root_upper": 1.2635102163646923
      },
      {
        "elapsed_seconds": 0.19496488571166992,
        "initial_gap": 0.012723736125287556,
        "initial_lower_objective": 1.391176504279926,
        "initial_upper_objective": 1.4039002404052137,
        "iteration": 9,
        "root_gap": 0.0114513625127588,
        "root_lower": 1.2520588538519335,
        "root_upper": 1.2635102163646923
      },
      {
        "elapsed_seconds": 0.2060849666595459,
        "initial_gap": 0.012089467190257903,
        "initial_lower_objective": 1.3912886741634238,
        "initial_upper_objective": 1.4033781413536817,
        "iteration": 10,
        "root_gap": 0.010880520471232114,
        "root_lower": 1.2521598067470814,
        "root_upper": 1.2630403272183135
      },
      {
        "elapsed_seconds": 0.21721196174621582,
        "initial_gap": 0.012020111099991421,
        "initial_lower_objective": 1.3913580302536903,
        "initial_upper_objective": 1.4033781413536817,
        "iteration": 11,
        "root_gap": 0.01081809998999228,
        "root_lower": 1.2522222272283212,
        "root_upper": 1.2630403272183135
      },
      {
        "elapsed_seconds": 0.24204492568969727,
        "initial_gap": 0.011975739466227134,
        "initial_lower_objective": 1.3914024018874545,
        "initial_upper_objective": 1.4033781413536817,
        "iteration": 12,
        "root_gap": 0.010778165519604421,
        "root_lower": 1.252262161698709,
        "root_upper": 1.2630403272183135
      },
      {
        "elapsed_seconds": 0.2601189613342285,
        "initial_gap": 0.011958305887362908,
        "initial_lower_objective": 1.3914198354663188,
        "initial_upper_objective": 1.4033781413536817,
        "iteration": 13,
        "root_gap": 0.010762475298626617,
        "root_lower": 1.2522778519196869,
        "root_upper": 1.2630403272183135
      },
      {
        "elapsed_seconds": 0.29323887825012207,
        "initial_gap": 0.01147532233148501,