{
  "horizon": 95,
  "lower_objective": 5.533910517238578,
  "lower_values": [
    5.303128117208635,
    5.6939498437918665,
    5.6939498437918665,
    5.6939498437918665,
    5.6939498437918665,
    5.12453561105537
  ],
  "method": "deterministic_joint_state_belief_propagation",
  "objective_estimate": 5.534145547991323,
  "status": "same_as_normal_no_violations",
  "tail_interval_width": 0.0004700615054904489,
  "total_belief_nodes": 9302,
  "unrestricted_upper_minus_restricted_lower": 0.01007734479255884,
  "upper_objective": 5.534380578744068,
  "upper_values": [
    5.303598178714127,
    5.694419905297356,
    5.694419905297356,
    5.694419905297356,
    5.694419905297356,
    5.125005672560861
  ]
}