{
  "horizon": 95,
  "lower_objective": 4.252397277746711,
  "lower_values": [
    4.446364637344832,
    3.916569203280893,
    4.1293602755824415,
    4.446364637344832,
    4.1293602755824415,
    4.446364637344832
  ],
  "method": "deterministic_joint_state_belief_propagation",
  "objective_estimate": 4.252632308499459,
  "status": "same_as_normal_no_violations",
  "tail_interval_width": 0.0004700615054940016,
  "total_belief_nodes": 26119,
  "unrestricted_upper_minus_restricted_lower": 0.011008657775718689,
  "upper_objective": 4.252867339252205,
  "upper_values": [
    4.446834698850327,
    3.9170392647863843,
    4.129830337087934,
    4.446834698850327,
    4.129830337087934,
    4.446834698850327
  ]
}