{
  "horizon": 95,
  "lower_objective": 3.2700321961970022,
  "lower_values": [
    3.0486074164290407,
    3.0486074164290407,
    3.4399379421510248,
    3.4399379421510248,
    3.2031645178708583,
    3.4399379421510248
  ],
  "method": "deterministic_joint_state_belief_propagation",
  "objective_estimate": 3.2702672269497493,
  "status": "ok",
  "tail_interval_width": 0.00047006150549311343,
  "total_belief_nodes": 32528,
  "upper_objective": 3.2705022577024954,
  "upper_values": [
    3.049077477934533,
    3.049077477934533,
    3.4404080036565188,
    3.4404080036565188,
    3.203634579376352,
    3.4404080036565188
  ]
}