iteration	elapsed_seconds	root_lower	root_upper	root_gap
0.0	2.2172927856445312e-5	-99.00000000000004	2.012065618567293	101.01206561856733
1.0	0.0009691715240478516	2.0120654645698925	2.012065618567293	1.539974006092848e-7
