{
  "horizon": 95,
  "lower_objective": 4.465459434475946,
  "lower_values": [
    4.900312637468012,
    4.529183959840224,
    4.529183959840224,
    3.9668817061196027,
    3.9668817061196027,
    4.900312637468012
  ],
  "method": "deterministic_joint_state_belief_propagation",
  "objective_estimate": 4.4656944652287125,
  "status": "ok",
  "tail_interval_width": 0.0004700615055321933,
  "total_belief_nodes": 18620,
  "upper_objective": 4.465929495981478,
  "upper_values": [
    4.900782698973506,
    4.529654021345717,
    4.529654021345717,
    3.967351767625212,
    3.967351767625212,
    4.900782698973506
  ]
}