{
  "horizon": 95,
  "lower_objective": 2.828313091414112,
  "lower_values": [
    2.7738438875234586,
    2.7738438875234586,
    2.4074509933852886,
    2.6161602969963513,
    3.1992897415280583,
    3.1992897415280583
  ],
  "method": "deterministic_joint_state_belief_propagation",
  "objective_estimate": 2.8285481221668585,
  "status": "ok",
  "tail_interval_width": 0.00047006150549311343,
  "total_belief_nodes": 58124,
  "upper_objective": 2.828783152919605,
  "upper_values": [
    2.7743139490289512,
    2.7743139490289512,
    2.407921054890781,
    2.6166303585018436,
    3.199759803033552,
    3.199759803033552
  ]
}