{
  "horizon": 95,
  "lower_objective": 2.797261835532578,
  "lower_values": [
    2.7429284289332467,
    2.7429284289332467,
    2.3819991792214403,
    2.5892146454206566,
    3.1632501653434404,
    3.1632501653434404
  ],
  "method": "deterministic_joint_state_belief_propagation",
  "objective_estimate": 2.797496866285324,
  "status": "ok",
  "tail_interval_width": 0.00047006150549222525,
  "total_belief_nodes": 57590,
  "unrestricted_upper_minus_restricted_lower": 0.04524195007417875,
  "upper_objective": 2.7977318970380702,
  "upper_values": [
    2.74339849043874,
    2.74339849043874,
    2.382469240726933,
    2.5896847069261493,
    3.163720226848931,
    3.163720226848931
  ]
}