{
  "alpha_vector_count": 6,
  "analysis_discounted_tail_bound": 9.67774912024056e-09,
  "analysis_horizon": 197,
  "analysis_total_belief_nodes": 23821,
  "beta": 0.05,
  "candidate_index": 10,
  "discounted_transmission_occupancy": 1.4236608363223577,
  "epsilon": 0.04000000000000001,
  "epsilon_index": 3,
  "gamma": 0.9,
  "index": 103,
  "margin": -0.29560000000000014,
  "margin_region": "m<0",
  "mdp_seed": 1690525620,
  "normal_minus_restricted_lower": 0.030581194376041676,
  "normal_minus_restricted_upper": 0.031521317387027015,
  "normal_minus_restricted_value": 0.031051255881534345,
  "normal_policy_horizon": 95,
  "normal_policy_interval_width": 0.00047006150549311343,
  "normal_policy_lower_bound": 2.828313091414112,
  "normal_policy_total_belief_nodes": 58124,
  "normal_policy_upper_bound": 2.828783152919605,
  "normal_policy_value": 2.8285481221668585,
  "point_id": "seed_1690525620_e03",
  "restricted_policy_horizon": 95,
  "restricted_policy_interval_width": 0.00047006150549222525,
  "restricted_policy_lower_bound": 2.797261835532578,
  "restricted_policy_status": "ok",
  "restricted_policy_total_belief_nodes": 57590,
  "restricted_policy_upper_bound": 2.7977318970380702,
  "restricted_policy_value": 2.797496866285324,
  "reused_solver_checkpoint": false,
  "root_gap": 0.014092768989537102,
  "sampled_belief_count": 7071394,
  "sarsop_gap": 0.014038253022651936,
  "sarsop_gap_within_acceptance_threshold": true,
  "sarsop_lower_bound": 2.828465532584105,
  "sarsop_upper_bound": 2.8425037856067568,
  "solver_elapsed_seconds": 602.4125790596008,
  "solver_iterations": 451,
  "solver_stop_reason": "max_time",
  "status": "ok",
  "violation_count": 87,
  "violation_discounted_event_occupancy": 0.6438239000733068,
  "violation_first_depth_max": 44,
  "violation_first_depth_min": 0
}