{
  "horizon": 95,
  "lower_objective": 2.0767917359420145,
  "lower_values": [
    1.9927612983180827,
    2.045691378992358,
    1.961846289670593,
    1.9927612983180827,
    2.045691378992358,
    2.4219987713606144
  ],
  "method": "deterministic_joint_state_belief_propagation",
  "objective_estimate": 2.0770267666947615,
  "status": "ok",
  "tail_interval_width": 0.0004700615054944457,
  "total_belief_nodes": 48563,
  "upper_objective": 2.077261797447509,
  "upper_values": [
    1.9932313598235765,
    2.0461614404978525,
    1.962316351176087,
    1.9932313598235765,
    2.0461614404978525,
    2.4224688328661084
  ]
}