{
  "horizon": 95,
  "lower_objective": 1.9647434689714092,
  "lower_values": [
    2.276727352139274,
    3.0906278357691477,
    1.986195693455276,
    1.2243571195047405,
    1.2243571195047405,
    1.986195693455276
  ],
  "method": "deterministic_joint_state_belief_propagation",
  "objective_estimate": 1.9649784997241555,
  "status": "ok",
  "tail_interval_width": 0.00047006150549222525,
  "total_belief_nodes": 77599,
  "upper_objective": 1.9652135304769014,
  "upper_values": [
    2.277197413644767,
    3.0910978972746395,
    1.9866657549607696,
    1.2248271810102318,
    1.2248271810102318,
    1.9866657549607696
  ]
}