{
  "alpha_vector_count": 20,
  "analysis_discounted_tail_bound": 9.67774912024056e-09,
  "analysis_horizon": 197,
  "analysis_total_belief_nodes": 50257,
  "beta": 0.05,
  "candidate_index": 32,
  "discounted_transmission_occupancy": 1.3741013269637996,
  "epsilon": 0.09000000000000001,
  "epsilon_index": 8,
  "gamma": 0.9,
  "index": 328,
  "margin": -0.6871000000000003,
  "margin_region": "m<0",
  "mdp_seed": 1755395082,
  "normal_minus_restricted_lower": -0.00045705549070484963,
  "normal_minus_restricted_upper": 0.00048306752028004496,
  "normal_minus_restricted_value": 1.3006014787819709e-05,
  "normal_policy_horizon": 95,
  "normal_policy_interval_width": 0.00047006150549222525,
  "normal_policy_lower_bound": 1.9647434689714092,
  "normal_policy_total_belief_nodes": 77599,
  "normal_policy_upper_bound": 1.9652135304769014,
  "normal_policy_value": 1.9649784997241555,
  "point_id": "seed_1755395082_e08",
  "restricted_policy_horizon": 95,
  "restricted_policy_interval_width": 0.00047006150549266934,
  "restricted_policy_lower_bound": 1.9647304629566213,
  "restricted_policy_status": "ok",
  "restricted_policy_total_belief_nodes": 77599,
  "restricted_policy_upper_bound": 1.965200524462114,
  "restricted_policy_value": 1.9649654937093677,
  "reused_solver_checkpoint": false,
  "root_gap": 0.04406739336439782,
  "sampled_belief_count": 6327322,
  "sarsop_gap": 0.04399077453974942,
  "sarsop_gap_within_acceptance_threshold": true,
  "sarsop_lower_bound": 1.9648489517212606,
  "sarsop_upper_bound": 2.00883972626101,
  "solver_elapsed_seconds": 601.9483518600464,
  "solver_iterations": 326,
  "solver_stop_reason": "max_time",
  "status": "ok",
  "violation_count": 1,
  "violation_discounted_event_occupancy": 0.00012931748381743514,
  "violation_first_depth_max": 15,
  "violation_first_depth_min": 15
}