iteration	elapsed_seconds	root_lower	root_upper	root_gap
0.0	1.1920928955078125e-5	-99.00000000000004	5.587913460823229	104.58791346082327
1.0	0.0003788471221923828	5.503497889717095	5.587913460823229	0.08441557110613385
2.0	0.008905887603759766	5.585490869208322	5.587913460823229	0.002422591614906544
