{
  "action_encoding": {
    "formula": "action = prescription_index * n_receiver_actions + receiver_action",
    "solver_jpo_action_offset": 1,
    "state_zero_bit": "most_significant"
  },
  "bounds": {
    "gap": 0.32606509683680684,
    "lower_objective": 7.010530535176485,
    "lower_values": [
      7.072513261426337,
      7.040487240843958,
      6.909530233216627,
      6.755224234852337,
      7.156603300964653,
      7.128824939754999
    ],
    "root_gap": 0.32874366826537954,
    "root_lower_objective": 7.010530535176484,
    "root_upper_objective": 7.339274203441864,
    "upper_objective": 7.3365956320132915,
    "upper_values": [
      7.415694423204983,
      7.373381941460403,
      7.225829083803658,
      7.0721093739388845,
      7.482284821545747,
      7.450274148126077
    ]
  },
  "initialization": {
    "initial_beliefs": [
      [
        1.0,
        0.0,
        0.0,
        0.0,
        0.0,
        0.0
      ],
      [
        0.0,
        1.0,
        0.0,
        0.0,
        0.0,
        0.0
      ],
      [
        0.0,
        0.0,
        1.0,
        0.0,
        0.0,
        0.0
      ],
      [
        0.0,
        0.0,
        0.0,
        1.0,
        0.0,
        0.0
      ],
      [
        0.0,
        0.0,
        0.0,
        0.0,
        1.0,
        0.0
      ],
      [
        0.0,
        0.0,
        0.0,
        0.0,
        0.0,
        1.0
      ]
    ],
    "initial_weights": [
      0.16666666666666666,
      0.16666666666666666,
      0.16666666666666666,
      0.16666666666666666,
      0.16666666666666666,
      0.16666666666666666
    ],
    "kind": "single synthetic root revealing a uniformly sampled physical state",
    "root_value_scale": "V_root / gamma, gamma=0.9"
  },
  "model": {
    "beta": 0.1,
    "epsilon": 0.1,
    "gamma": 0.9,
    "mdp_density": 0.5,
    "mdp_seed": 1111,
    "mdp_sha256": "d7da316d329b4889e7e777d11e05e73cfbc4247cc4fc4b11b7ce59a173551948",
    "n_jpo_actions": 128,
    "n_prescriptions": 64,
    "n_receiver_actions": 2,
    "n_states": 6
  },
  "runtime": {
    "julia": "1.12.6",
    "native_sarsop": "0.1.4",
    "pomdp_tools": "1.1.0",
    "pomdps": "1.0.0"
  },
  "solver": {
    "delta": 0.0001,
    "export_beliefs": false,
    "initial_bound_max_time": 30.0,
    "initial_bound_residual": 1e-08,
    "initial_upper_bound": "fully_observable",
    "kappa": 0.5,
    "max_steps": 1000000,
    "max_time": 500.0,
    "precision": 0.01,
    "prune_threshold": 0.1,
    "search_epsilon": 0.01,
    "use_binning": true
  },
  "training": {
    "alpha_count": 8,
    "belief_count": 772066,
    "elapsed_seconds": 937.8243269920349,
    "history": [
      {
        "elapsed_seconds": 1.1920928955078125e-05,
        "initial_gap": 117.37377851153757,
        "initial_lower_objective": -110.00000000000004,
        "initial_upper_objective": 7.373778511537526,
        "iteration": 0,
        "root_gap": 105.63640066038381,
        "root_lower": -99.00000000000004,
        "root_upper": 6.6364006603837735
      },
      {
        "elapsed_seconds": 0.03899502754211426,
        "initial_gap": 1.075079598679927,
        "initial_lower_objective": 6.298698912857599,
        "initial_upper_objective": 7.373778511537526,
        "iteration": 1,
        "root_gap": 0.9675716388119344,
        "root_lower": 5.668829021571839,
        "root_upper": 6.6364006603837735
      },
      {
        "elapsed_seconds": 0.0671379566192627,
        "initial_gap": 0.5993896610417249,
        "initial_lower_objective": 6.774388848999911,
        "initial_upper_objective": 7.373778510041636,
        "iteration": 2,
        "root_gap": 0.5394506949375524,
        "root_lower": 6.09694996409992,
        "root_upper": 6.636400659037473
      },
      {
        "elapsed_seconds": 0.11434602737426758,
        "initial_gap": 0.43271838931244705,
        "initial_lower_objective": 6.941060119233299,
        "initial_upper_objective": 7.373778508545747,
        "iteration": 3,
        "root_gap": 0.38944655038120235,
        "root_lower": 6.2469541073099695,
        "root_upper": 6.636400657691172
      },
      {
        "elapsed_seconds": 0.26007890701293945,
        "initial_gap": 0.40456885633772266,
        "initial_lower_objective": 6.969209649846654,
        "initial_upper_objective": 7.373778506184377,
        "iteration": 4,
        "root_gap": 0.3641119707039504,
        "root_lower": 6.272288684861989,
        "root_upper": 6.636400655565939
      },
      {
        "elapsed_seconds": 0.3805418014526367,
        "initial_gap": 0.3875801932250579,
        "initial_lower_objective": 6.982782817487022,
        "initial_upper_objective": 7.37036301071208,
        "iteration": 5,
        "root_gap": 0.3488221739025521,
        "root_lower": 6.2845045357383205,
        "root_upper": 6.633326709640873
      },
      {
        "elapsed_seconds": 0.5333189964294434,
        "initial_gap": 0.38095479581203207,
        "initial_lower_objective": 6.989408213163748,
        "initial_upper_objective": 7.37036300897578,
        "iteration": 6,
        "root_gap": 0.3428593162308289,
        "root_lower": 6.290467391847374,
        "root_upper": 6.633326708078203
      },
      {
        "elapsed_seconds": 0.7282638549804688,
        "initial_gap": 0.3694734029076358,
        "initial_lower_objective": 7.000889606068145,
        "initial_upper_objective": 7.37036300897578,
        "iteration": 7,
        "root_gap": 0.33252606261687223,
        "root_lower": 6.30080064546133,
        "root_upper": 6.633326708078203
      },
      {
        "elapsed_seconds": 0.9537229537963867,
        "initial_gap": 0.36717234464068543,
        "initial_lower_objective": 7.003190664335095,
        "initial_upper_objective": 7.37036300897578,
        "iteration": 8,
        "root_gap": 0.3304551101766169,
        "root_lower": 6.302871597901586,
        "root_upper": 6.633326708078203
      },
      {
        "elapsed_seconds": 1.347092866897583,
        "initial_gap": 0.3624118503908185,
        "initial_lower_objective": 7.007951158584962,
        "initial_upper_objective": 7.37036300897578,
        "iteration": 9,
        "root_gap": 0.32617066535173667,
        "root_lower": 6.307156042726466,
        "root_upper": 6.633326708078203
      },
      {
        "elapsed_seconds": 1.7002408504486084,
        "initial_gap": 0.36177778090424734,
        "initial_lower_objective": 7.008585228071533,
        "initial_upper_objective": 7.37036300897578,
        "iteration": 10,
        "root_gap": 0.3256000028138226,
        "root_lower": 6.30772670526438,
        "root_upper": 6.633326708078203
      },
      {
        "elapsed_seconds": 2.072704792022705,
        "initial_gap": 0.35463967428023735,
        "initial_lower_objective": 7.009532795518333,
        "initial_upper_objective": 7.36417246979857,
        "iteration": 11,
        "root_gap": 0.31917570685221364,
        "root_lower": 6.3085795159665,
        "root_upper": 6.627755222818713
      },
      {
        "elapsed_seconds": 2.495374917984009,
        "initial_gap": 0.35463497772316027,
        "initial_lower_objective": 7.00953749207541,
        "initial_upper_objective": 7.36417246979857,
        "iteration": 12,
        "root_gap": 0.3191714799508443,
        "root_lower": 6.308583742867869,
        "root_upper": 6.627755222818713
      },
      {
        "elapsed_seconds": 3.487630844116211,
        "initial_gap": 0.34837471210813536,
        "initial_lower_objective": 7.009537516161904,
        "initial_upper_objective": 7.35791222827004,
        "iteration": 13,
        "root_gap": 0.3135372408973218,
        "root_lower": 6.308583764545714,
        "root_upper": 6.622121005443036
      },
      {
        "elapsed_seconds": 4.143898963928223,
        "initial_gap": 0.3471301296735795,
        "initial_lower_objective": 7.009775986614502,
        "initial_upper_objective": 7.356906116288082,
        "iteration": 14,
        "root_gap": 0.3124171167062215,