{
  "horizon": 95,
  "lower_objective": 3.2437043081561194,
  "lower_values": [
    2.8267476151027826,
    3.592733286945345,
    3.220937463788575,
    3.220937463788575,
    3.008136732366095,
    3.592733286945345
  ],
  "method": "deterministic_joint_state_belief_propagation",
  "objective_estimate": 3.243939338908865,
  "status": "ok",
  "tail_interval_width": 0.00047006150549178116,
  "total_belief_nodes": 49020,
  "upper_objective": 3.244174369661611,
  "upper_values": [
    2.827217676608274,
    3.593203348450835,
    3.221407525294068,
    3.221407525294068,
    3.0086067938715884,
    3.593203348450835
  ]
}