{
  "horizon": 95,
  "lower_objective": 1.8483797101062929,
  "lower_values": [
    1.8651630471098413,
    2.207182078666937,
    1.8552767792562217,
    1.7208854518682524,
    1.7208854518682524,
    1.7208854518682524
  ],
  "method": "deterministic_joint_state_belief_propagation",
  "objective_estimate": 1.8486147408590576,
  "status": "ok",
  "tail_interval_width": 0.00047006150552997283,
  "total_belief_nodes": 24196,
  "upper_objective": 1.8488497716118228,
  "upper_values": [
    1.8656331086154405,
    2.2076521401724323,
    1.8557468407618254,
    1.7213555133737461,
    1.7213555133737461,
    1.7213555133737461
  ]
}