{
  "horizon": 95,
  "lower_objective": 3.7273867986398432,
  "lower_values": [
    3.5187446017994075,
    4.174200949425504,
    3.5187446017994075,
    4.174200949425504,
    3.438801116315666,
    3.539628573073572
  ],
  "method": "deterministic_joint_state_belief_propagation",
  "objective_estimate": 3.7276218293925902,
  "status": "ok",
  "tail_interval_width": 0.00047006150549311343,
  "total_belief_nodes": 65277,
  "upper_objective": 3.7278568601453363,
  "upper_values": [
    3.519214663304901,
    4.174671010930998,
    3.519214663304901,
    4.174671010930998,
    3.439271177821158,
    3.5400986345790635
  ]
}