{
  "horizon": 95,
  "lower_objective": 2.646640139005139,
  "lower_values": [
    2.8361246764615977,
    3.1582651387071046,
    2.3846506194761883,
    2.8361246764615977,
    2.3147787156042128,
    2.349897007320134
  ],
  "method": "deterministic_joint_state_belief_propagation",
  "objective_estimate": 2.6468751697578865,
  "status": "ok",
  "tail_interval_width": 0.00047006150549577796,
  "total_belief_nodes": 120051,
  "upper_objective": 2.647110200510635,
  "upper_values": [
    2.836594737967094,
    3.1587352002126003,
    2.385120680981684,
    2.836594737967094,
    2.315248777109709,
    2.350367068825628
  ]
}