{
  "horizon": 95,
  "lower_objective": 1.175341804373004,
  "lower_values": [
    1.0838344152127117,
    1.0838344152127117,
    1.0838344152127117,
    1.6995942827756279,
    1.1540443964849754,
    0.9469089013392854
  ],
  "method": "deterministic_joint_state_belief_propagation",
  "objective_estimate": 1.175576835125751,
  "status": "ok",
  "tail_interval_width": 0.00047006150549377956,
  "total_belief_nodes": 60824,
  "upper_objective": 1.1758118658784977,
  "upper_values": [
    1.0843044767182055,
    1.0843044767182055,
    1.0843044767182055,
    1.700064344281121,
    1.1545144579904694,
    0.9473789628447801
  ]
}