{
  "horizon": 95,
  "lower_objective": 2.4405682412719223,
  "lower_values": [
    2.3071354262974437,
    2.307706233668393,
    2.706577660164456,
    2.307706233668393,
    2.706577660164456,
    2.307706233668393
  ],
  "method": "deterministic_joint_state_belief_propagation",
  "objective_estimate": 2.4408032720246693,
  "status": "ok",
  "tail_interval_width": 0.00047006150549311343,
  "total_belief_nodes": 27078,
  "upper_objective": 2.4410383027774154,
  "upper_values": [
    2.307605487802937,
    2.308176295173886,
    2.7070477216699493,
    2.308176295173886,
    2.7070477216699493,
    2.308176295173886
  ]
}