{
  "horizon": 95,
  "lower_objective": 3.8899549155138056,
  "lower_values": [
    4.412236374413366,
    3.199926182602061,
    4.412236374413366,
    4.412236374413366,
    3.593618669566698,
    3.3094755176739747
  ],
  "method": "deterministic_joint_state_belief_propagation",
  "objective_estimate": 3.8901899462665517,
  "status": "same_as_normal_no_violations",
  "tail_interval_width": 0.00047006150549222525,
  "total_belief_nodes": 14854,
  "unrestricted_upper_minus_restricted_lower": 0.010769309160850948,
  "upper_objective": 3.890424977019298,
  "upper_values": [
    4.412706435918858,
    3.200396244107555,
    4.412706435918858,
    4.412706435918858,
    3.5940887310721914,
    3.3099455791794683
  ]
}