{
  "horizon": 95,
  "lower_objective": 1.935551195157545,
  "lower_values": [
    1.9160538795813422,
    1.785913960260236,
    1.785913960260236,
    1.9361347816351975,
    2.2531558075730613,
    1.9361347816351975
  ],
  "method": "deterministic_joint_state_belief_propagation",
  "objective_estimate": 1.9357862259102923,
  "status": "same_as_normal_no_violations",
  "tail_interval_width": 0.0004700615054944457,
  "total_belief_nodes": 78423,
  "unrestricted_upper_minus_restricted_lower": 0.07087860994754402,
  "upper_objective": 1.9360212566630395,
  "upper_values": [
    1.916523941086835,
    1.7863840217657316,
    1.7863840217657316,
    1.9366048431406917,
    2.2536258690785553,
    1.9366048431406917
  ]
}