{
  "horizon": 95,
  "lower_objective": 4.275420380205723,
  "lower_values": [
    4.470846289749415,
    3.9381337557943312,
    4.150924828095883,
    4.470846289749415,
    4.150924828095883,
    4.470846289749415
  ],
  "method": "deterministic_joint_state_belief_propagation",
  "objective_estimate": 4.2756554109584695,
  "status": "ok",
  "tail_interval_width": 0.00047006150549222525,
  "total_belief_nodes": 26013,
  "upper_objective": 4.275890441711216,
  "upper_values": [
    4.471316351254905,
    3.9386038172998257,
    4.1513948896013755,
    4.471316351254905,
    4.1513948896013755,
    4.471316351254905
  ]
}