{
  "horizon": 95,
  "lower_objective": 2.8139528483633707,
  "lower_values": [
    2.758466895309056,
    2.758466895309056,
    2.393724137569763,
    2.6025862800938975,
    3.1852364409492258,
    3.1852364409492258
  ],
  "method": "deterministic_joint_state_belief_propagation",
  "objective_estimate": 2.814187879116117,
  "status": "ok",
  "tail_interval_width": 0.00047006150549222525,
  "total_belief_nodes": 66067,
  "upper_objective": 2.814422909868863,
  "upper_values": [
    2.758936956814547,
    2.758936956814547,
    2.3941941990752547,
    2.603056341599391,
    3.1857065024547198,
    3.1857065024547198
  ]
}