{
  "horizon": 95,
  "lower_objective": 3.1959261762217706,
  "lower_values": [
    3.2631187881323447,
    2.871874990961953,
    2.9704011469049987,
    3.2631187881323447,
    3.2631187881323447,
    3.543924555066639
  ],
  "method": "deterministic_joint_state_belief_propagation",
  "objective_estimate": 3.196161206974517,
  "status": "ok",
  "tail_interval_width": 0.0004700615054935575,
  "total_belief_nodes": 58681,
  "upper_objective": 3.196396237727264,
  "upper_values": [
    3.2635888496378387,
    2.8723450524674448,
    2.9708712084104922,
    3.2635888496378387,
    3.2635888496378387,
    3.544394616572131
  ]
}