{
  "horizon": 95,
  "lower_objective": 3.8590354779201164,
  "lower_values": [
    4.384548910367334,
    3.167298492540556,
    4.384548910367334,
    4.384548910367334,
    3.56010955945553,
    3.273158084422612
  ],
  "method": "deterministic_joint_state_belief_propagation",
  "objective_estimate": 3.859270508672863,
  "status": "ok",
  "tail_interval_width": 0.00047006150549311343,
  "total_belief_nodes": 47606,
  "upper_objective": 3.8595055394256095,
  "upper_values": [
    4.385018971872828,
    3.167768554046049,
    4.385018971872828,
    4.385018971872828,
    3.560579620961022,
    3.273628145928104
  ]
}