{
  "horizon": 95,
  "lower_objective": 3.8182681775206406,
  "lower_values": [
    4.329320151913156,
    3.142166367614349,
    4.329320151913156,
    4.329320151913156,
    3.534298479516458,
    3.245183762253569
  ],
  "method": "deterministic_joint_state_belief_propagation",
  "objective_estimate": 3.8185032082733876,
  "status": "ok",
  "tail_interval_width": 0.0004700615054940016,
  "total_belief_nodes": 34619,
  "unrestricted_upper_minus_restricted_lower": 0.06797079106783066,
  "upper_objective": 3.8187382390261346,
  "upper_values": [
    4.329790213418649,
    3.1426364291198423,
    4.329790213418649,
    4.329790213418649,
    3.534768541021953,
    3.245653823759064
  ]
}