{
  "horizon": 95,
  "lower_objective": 1.6566976400825952,
  "lower_values": [
    1.6040903254252477,
    1.6018273027321457,
    1.5042293076241358,
    1.6040903254252477,
    1.6018273027321457,
    2.02412127655665
  ],
  "method": "deterministic_joint_state_belief_propagation",
  "objective_estimate": 1.6569326708353413,
  "status": "same_as_normal_no_violations",
  "tail_interval_width": 0.0004700615054924473,
  "total_belief_nodes": 26611,
  "unrestricted_upper_minus_restricted_lower": 0.010432007294627343,
  "upper_objective": 1.6571677015880877,
  "upper_values": [
    1.6045603869307403,
    1.6022973642376381,
    1.5046993691296278,
    1.6045603869307403,
    1.6022973642376381,
    2.024591338062142
  ]
}