{
  "horizon": 95,
  "lower_objective": 2.628315186482082,
  "lower_values": [
    2.6707391460034953,
    2.539550683008313,
    2.4047365089477424,
    2.4047365089477424,
    2.875064135992601,
    2.875064135992601
  ],
  "method": "deterministic_joint_state_belief_propagation",
  "objective_estimate": 2.628550217234829,
  "status": "same_as_normal_no_violations",
  "tail_interval_width": 0.0004700615054935575,
  "total_belief_nodes": 70040,
  "unrestricted_upper_minus_restricted_lower": 0.05546411210113522,
  "upper_objective": 2.6287852479875755,
  "upper_values": [
    2.671209207508988,
    2.5400207445138063,
    2.4052065704532346,
    2.4052065704532346,
    2.8755341974980952,
    2.8755341974980952
  ]
}