{
  "horizon": 95,
  "lower_objective": 2.7915689979268454,
  "lower_values": [
    3.026607778556999,
    2.768096529932246,
    3.026607778556999,
    2.5559405900089307,
    2.768096529932246,
    2.6040647805736534
  ],
  "method": "deterministic_joint_state_belief_propagation",
  "objective_estimate": 2.7918040286795915,
  "status": "same_as_normal_no_violations",
  "tail_interval_width": 0.00047006150549266934,
  "total_belief_nodes": 68143,
  "unrestricted_upper_minus_restricted_lower": 0.09385686539133076,
  "upper_objective": 2.792039059432338,
  "upper_values": [
    3.0270778400624914,
    2.7685665914377386,
    3.0270778400624914,
    2.5564106515144225,
    2.7685665914377386,
    2.6045348420791474
  ]
}