iteration	elapsed_seconds	root_lower	root_upper	root_gap
0.0	1.0967254638671875e-5	-99.00000000000004	6.6364006603837735	105.63640066038381
1.0	0.02483201026916504	5.668829021571839	6.6364006603837735	0.9675716388119344
2.0	0.04493379592895508	6.509308998166084	6.636400659037473	0.1270916608713888
3.0	0.08264589309692383	6.599468365536254	6.635788367698297	0.036320002162043785
4.0	0.0899808406829834	6.606628111404502	6.635408265993713	0.028780154589211016
5.0	0.09684491157531738	6.611681659606224	6.635283052001771	0.02360139239554737
6.0	0.14135193824768066	6.6242596350795235	6.635174836901202	0.010915201821678266
7.0	0.1618509292602539	6.626835616380532	6.634946817515262	0.00811120113472974
