{
  "horizon": 95,
  "lower_objective": 1.8601209082096801,
  "lower_values": [
    1.8790409847158727,
    2.2186780286569605,
    1.8677093267089997,
    1.7317657030587497,
    1.7317657030587497,
    1.7317657030587497
  ],
  "method": "deterministic_joint_state_belief_propagation",
  "objective_estimate": 1.8603559389624444,
  "status": "ok",
  "tail_interval_width": 0.00047006150552864057,
  "total_belief_nodes": 26937,
  "upper_objective": 1.8605909697152088,
  "upper_values": [
    1.879511046221472,
    2.219148090162454,
    1.8681793882145998,
    1.7322357645642428,
    1.7322357645642428,
    1.7322357645642428
  ]
}