{
  "action_encoding": {
    "formula": "action = prescription_index * n_receiver_actions + receiver_action",
    "solver_jpo_action_offset": 1,
    "state_zero_bit": "most_significant"
  },
  "bounds": {
    "gap": 0.010276976522899162,
    "lower_objective": 7.357830978950416,
    "lower_values": [
      7.416570922225224,
      7.387351366278178,
      7.267789230484327,
      7.099281895651224,
      7.503109912152781,
      7.4728825469107605
    ],
    "root_gap": 0.010276976522898766,
    "root_lower_objective": 7.357830978950416,
    "root_upper_objective": 7.368107955473315,
    "upper_objective": 7.368107955473315,
    "upper_values": [
      7.426729098570593,
      7.397566992124159,
      7.278856681580808,
      7.108817466121398,
      7.513636141890652,
      7.483041352552281
    ]
  },
  "initialization": {
    "initial_beliefs": [
      [
        1.0,
        0.0,
        0.0,
        0.0,
        0.0,
        0.0
      ],
      [
        0.0,
        1.0,
        0.0,
        0.0,
        0.0,
        0.0
      ],
      [
        0.0,
        0.0,
        1.0,
        0.0,
        0.0,
        0.0
      ],
      [
        0.0,
        0.0,
        0.0,
        1.0,
        0.0,
        0.0
      ],
      [
        0.0,
        0.0,
        0.0,
        0.0,
        1.0,
        0.0
      ],
      [
        0.0,
        0.0,
        0.0,
        0.0,
        0.0,
        1.0
      ]
    ],
    "initial_weights": [
      0.16666666666666666,
      0.16666666666666666,
      0.16666666666666666,
      0.16666666666666666,
      0.16666666666666666,
      0.16666666666666666
    ],
    "kind": "single synthetic root revealing a uniformly sampled physical state",
    "root_value_scale": "V_root / gamma, gamma=0.9"
  },
  "model": {
    "beta": 0.0,
    "epsilon": 0.020000000000000004,
    "gamma": 0.9,
    "mdp_density": 0.5,
    "mdp_seed": 1111,
    "mdp_sha256": "d7da316d329b4889e7e777d11e05e73cfbc4247cc4fc4b11b7ce59a173551948",
    "n_jpo_actions": 128,
    "n_prescriptions": 64,
    "n_receiver_actions": 2,
    "n_states": 6
  },
  "runtime": {
    "julia": "1.12.6",
    "native_sarsop": "0.1.4",
    "pomdp_tools": "1.1.0",
    "pomdps": "1.0.0"
  },
  "solver": {
    "delta": 0.0001,
    "export_beliefs": false,
    "initial_bound_max_time": 30.0,
    "initial_bound_residual": 1e-08,
    "initial_upper_bound": "fully_observable",
    "kappa": 0.5,
    "max_steps": 1000000,
    "max_time": 500.0,
    "precision": 0.01,
    "prune_threshold": 0.1,
    "search_epsilon": 0.01,
    "use_binning": true
  },
  "training": {
    "alpha_count": 9,
    "belief_count": 400933,
    "elapsed_seconds": 0.7489790916442871,
    "history": [
      {
        "elapsed_seconds": 1.0013580322265625e-05,
        "initial_gap": 117.37377851153757,
        "initial_lower_objective": -110.00000000000004,
        "initial_upper_objective": 7.373778511537526,
        "iteration": 0,
        "root_gap": 105.63640066038381,
        "root_lower": -99.00000000000004,
        "root_upper": 6.6364006603837735
      },
      {
        "elapsed_seconds": 0.03050518035888672,
        "initial_gap": 1.075079598679927,
        "initial_lower_objective": 6.298698912857599,
        "initial_upper_objective": 7.373778511537526,
        "iteration": 1,
        "root_gap": 0.9675716388119344,
        "root_lower": 5.668829021571839,
        "root_upper": 6.6364006603837735
      },
      {
        "elapsed_seconds": 0.049117088317871094,
        "initial_gap": 0.12287837173110105,
        "initial_lower_objective": 7.250900138310535,
        "initial_upper_objective": 7.373778510041636,
        "iteration": 2,
        "root_gap": 0.11059053455799095,
        "root_lower": 6.525810124479482,
        "root_upper": 6.636400659037473
      },
      {
        "elapsed_seconds": 0.06980705261230469,
        "initial_gap": 0.04381021930624445,
        "initial_lower_objective": 7.329136396016508,
        "initial_upper_objective": 7.372946615322752,
        "iteration": 3,
        "root_gap": 0.039429197375620006,
        "root_lower": 6.596222756414857,
        "root_upper": 6.635651953790477
      },
      {
        "elapsed_seconds": 0.07739806175231934,
        "initial_gap": 0.03659894326806443,
        "initial_lower_objective": 7.3359600488496435,
        "initial_upper_objective": 7.372558992117709,
        "iteration": 4,
        "root_gap": 0.03293904894125799,
        "root_lower": 6.60236404396468,
        "root_upper": 6.635303092905938
      },
      {
        "elapsed_seconds": 0.0790560245513916,
        "initial_gap": 0.03540784391499013,
        "initial_lower_objective": 7.336970530035166,
        "initial_upper_objective": 7.372378373950156,
        "iteration": 5,
        "root_gap": 0.031867059523491115,
        "root_lower": 6.6032734770316495,
        "root_upper": 6.635140536555141
      },
      {
        "elapsed_seconds": 0.08090519905090332,
        "initial_gap": 0.03495979162571494,
        "initial_lower_objective": 7.337418582324441,
        "initial_upper_objective": 7.372378373950156,
        "iteration": 6,
        "root_gap": 0.03146381246314345,
        "root_lower": 6.603676724091997,
        "root_upper": 6.635140536555141
      },
      {
        "elapsed_seconds": 0.09076714515686035,
        "initial_gap": 0.030068377082043993,
        "initial_lower_objective": 7.34230999663251,
        "initial_upper_objective": 7.372378373714554,
        "iteration": 7,
        "root_gap": 0.027061539373839594,
        "root_lower": 6.608078996969259,
        "root_upper": 6.635140536343099
      },
      {
        "elapsed_seconds": 0.09866023063659668,
        "initial_gap": 0.025044585522426586,
        "initial_lower_objective": 7.347280063745455,
        "initial_upper_objective": 7.372324649267882,
        "iteration": 8,
        "root_gap": 0.022540126970183927,
        "root_lower": 6.61255205737091,
        "root_upper": 6.635092184341094
      },
      {
        "elapsed_seconds": 0.10587120056152344,
        "initial_gap": 0.02382065507396527,
        "initial_lower_objective": 7.3484755468325265,
        "initial_upper_objective": 7.372296201906492,
        "iteration": 9,
        "root_gap": 0.021438589566568744,
        "root_lower": 6.613627992149274,
        "root_upper": 6.635066581715843
      },
      {
        "elapsed_seconds": 0.1066122055053711,
        "initial_gap": 0.023078091191633336,
        "initial_lower_objective": 7.3491604457157145,
        "initial_upper_objective": 7.372238536907347,
        "iteration": 10,
        "root_gap": 0.020770282072470003,
        "root_lower": 6.614244401144143,
        "root_upper": 6.635014683216613
      },
      {
        "elapsed_seconds": 0.10898399353027344,
        "initial_gap": 0.0216727964868192,
        "initial_lower_objective": 7.350565740420528,
        "initial_upper_objective": 7.372238536907347,
        "iteration": 11,
        "root_gap": 0.019505516838137282,
        "root_lower": 6.615509166378476,
        "root_upper": 6.635014683216613
      },
      {
        "elapsed_seconds": 0.10983014106750488,
        "initial_gap": 0.021326796932089484,
        "initial_lower_objective": 7.350911739975258,
        "initial_upper_objective": 7.372238536907347,
        "iteration": 12,
        "root_gap": 0.019194117238880537,
        "root_lower": 6.6158205659777325,
        "root_upper": 6.635014683216613
      },
      {
        "elapsed_seconds": 0.11042904853820801,
        "initial_gap": 0.021249749806229918,
        "initial_lower_objective": 7.350988787101118,
        "initial_upper_objective": 7.372238536907347,
        "iteration": 13,
        "root_gap": 0.019124774825606927,
        "root_lower": 6.615889908391006,
        "root_upper": 6.635014683216613
      },
      {
        "elapsed_seconds": 0.11752009391784668,
        "initial_gap": 0.01964925580444464,
        "initial_lower_objective": 7.352589281102903,