{
  "horizon": 95,
  "lower_objective": 1.6560794287515868,
  "lower_values": [
    1.603517666818328,
    1.60120997592047,
    1.5035617142509508,
    1.603517666818328,
    1.60120997592047,
    2.0234595727809745
  ],
  "method": "deterministic_joint_state_belief_propagation",
  "objective_estimate": 1.656314459504333,
  "status": "same_as_normal_no_violations",
  "tail_interval_width": 0.0004700615054928914,
  "total_belief_nodes": 26611,
  "unrestricted_upper_minus_restricted_lower": 0.010816186720871146,
  "upper_objective": 1.6565494902570796,
  "upper_values": [
    1.6039877283238206,
    1.6016800374259623,
    1.5040317757564434,
    1.6039877283238206,
    1.6016800374259623,
    2.023929634286468
  ]
}