{
  "horizon": 95,
  "lower_objective": 3.0638886356710073,
  "lower_values": [
    3.1272628613316336,
    2.7444529216514675,
    2.84421841613553,
    3.1272628613316336,
    3.1272628613316336,
    3.4128718922441466
  ],
  "method": "deterministic_joint_state_belief_propagation",
  "objective_estimate": 3.064123666423754,
  "status": "ok",
  "tail_interval_width": 0.0004700615054944457,
  "total_belief_nodes": 58059,
  "unrestricted_upper_minus_restricted_lower": 0.1159810979798146,
  "upper_objective": 3.0643586971765018,
  "upper_values": [
    3.1277329228371284,
    2.744922983156961,
    2.844688477641024,
    3.1277329228371284,
    3.1277329228371284,
    3.413341953749639
  ]
}