{
  "horizon": 95,
  "lower_objective": 3.233526821821691,
  "lower_values": [
    3.4468765956788103,
    3.029812305961994,
    3.159198477870177,
    3.4468765956788103,
    3.159198477870177,
    3.159198477870177
  ],
  "method": "deterministic_joint_state_belief_propagation",
  "objective_estimate": 3.233761852574437,
  "status": "ok",
  "tail_interval_width": 0.00047006150549311343,
  "total_belief_nodes": 26905,
  "upper_objective": 3.233996883327184,
  "upper_values": [
    3.447346657184304,
    3.0302823674674886,
    3.15966853937567,
    3.447346657184304,
    3.15966853937567,
    3.15966853937567
  ]
}