{
  "horizon": 95,
  "lower_objective": 3.273423681345912,
  "lower_values": [
    3.465230464988748,
    3.0470581045716436,
    3.465230464988748,
    3.0470581045716436,
    3.1507344839659415,
    3.465230464988748
  ],
  "method": "deterministic_joint_state_belief_propagation",
  "objective_estimate": 3.2736587120986584,
  "status": "same_as_normal_no_violations",
  "tail_interval_width": 0.00047006150549311343,
  "total_belief_nodes": 26890,
  "unrestricted_upper_minus_restricted_lower": 0.011200918271851545,
  "upper_objective": 3.273893742851405,
  "upper_values": [
    3.4657005264942407,
    3.047528166077137,
    3.4657005264942407,
    3.047528166077137,
    3.151204545471436,
    3.4657005264942407
  ]
}