{
  "horizon": 1215,
  "lower_objective": 47.9068625854631,
  "lower_values": [
    48.04927294795057,
    47.74375059588806,
    48.12933422938572,
    48.04927294795057,
    48.12933422938572,
    47.340210562217976
  ],
  "method": "deterministic_joint_state_belief_propagation",
  "objective_estimate": 47.90711131784924,
  "status": "ok",
  "tail_interval_width": 0.0004974647722804093,
  "total_belief_nodes": 590940,
  "upper_objective": 47.90736005023538,
  "upper_values": [
    48.04977041272219,
    47.74424806065666,
    48.12983169415932,
    48.04977041272219,
    48.12983169415932,
    47.34070802699264
  ]
}