{
  "horizon": 94,
  "lower_objective": 5.066269716450295,
  "lower_values": [
    5.242060111001277,
    4.881550348957147,
    5.242060111001277,
    5.242060111001277,
    5.242060111001277,
    4.5478275057395114
  ],
  "method": "deterministic_joint_state_belief_propagation",
  "objective_estimate": 5.066519616240562,
  "status": "ok",
  "tail_interval_width": 0.0004997995805346989,
  "total_belief_nodes": 20170,
  "upper_objective": 5.0667695160308295,
  "upper_values": [
    5.2425599105818135,
    4.882050148537681,
    5.2425599105818135,
    5.2425599105818135,
    5.2425599105818135,
    4.548327305320048
  ]
}