{
  "horizon": 94,
  "lower_objective": 5.057176087168189,
  "lower_values": [
    5.233764229224811,
    4.8740955941958655,
    5.233764229224811,
    5.233764229224811,
    5.233764229224811,
    4.533904011914021
  ],
  "method": "deterministic_joint_state_belief_propagation",
  "objective_estimate": 5.057425986958455,
  "status": "ok",
  "tail_interval_width": 0.0004997995805329225,
  "total_belief_nodes": 20135,
  "unrestricted_upper_minus_restricted_lower": 0.020286704848208714,
  "upper_objective": 5.057675886748722,
  "upper_values": [
    5.234264028805345,
    4.874595393776398,
    5.234264028805345,
    5.234264028805345,
    5.234264028805345,
    4.534403811494556
  ]
}