{
  "alpha_vector_count": 6,
  "analysis_discounted_tail_bound": 9.67774912024056e-09,
  "analysis_horizon": 197,
  "analysis_total_belief_nodes": 7409,
  "beta": 0.0,
  "beta_index": 0,
  "discounted_transmission_occupancy": 3.2862065950639288,
  "epsilon": 0.07,
  "epsilon_index": 6,
  "gamma": 0.9,
  "gamma_index": 0,
  "index": 6,
  "margin": -0.5859000000000002,
  "margin_region": "m<0",
  "mdp_seed": 1111,
  "normal_minus_restricted_lower": 0.00859382970157263,
  "normal_minus_restricted_upper": 0.009593428862640252,
  "normal_minus_restricted_value": 0.00909362928210733,
  "normal_policy_horizon": 94,
  "normal_policy_interval_width": 0.0004997995805346989,
  "normal_policy_lower_bound": 5.066269716450295,
  "normal_policy_total_belief_nodes": 20170,
  "normal_policy_upper_bound": 5.0667695160308295,
  "normal_policy_value": 5.066519616240562,
  "point_id": "g0_b00_e06",
  "restricted_lower_bound_status": "ok",
  "restricted_policy_horizon": 94,
  "restricted_policy_interval_width": 0.0004997995805329225,
  "restricted_policy_lower_bound": 5.057176087168189,
  "restricted_policy_total_belief_nodes": 20135,
  "restricted_policy_upper_bound": 5.057675886748722,
  "reused_solver_checkpoint": false,
  "root_gap": 0.010964127205115304,
  "sampled_belief_count": 4221526,
  "sarsop_gap": 0.010937963653527838,
  "sarsop_lower_bound": 5.06652482836287,
  "sarsop_upper_bound": 5.077462792016398,
  "solver_elapsed_seconds": 176.37302494049072,
  "solver_iterations": 178,
  "solver_stop_reason": "precision",
  "status": "ok",
  "unrestricted_upper_minus_restricted_lower": 0.020286704848208714,
  "violation_count": 2,
  "violation_discounted_event_occupancy": 0.47261514453219455,
  "violation_first_depth_max": 0,
  "violation_first_depth_min": 0
}