{
  "action_encoding": {
    "formula": "action = prescription_index * n_receiver_actions + receiver_action",
    "solver_jpo_action_offset": 1,
    "state_zero_bit": "most_significant"
  },
  "bounds": {
    "gap": 5.776247206542422,
    "lower_objective": 45.51930666392455,
    "lower_values": [
      45.69165986918212,
      45.33733294164081,
      45.69147397157546,
      45.69165986918212,
      45.69147397157546,
      45.01223936039136
    ],
    "root_gap": 5.778553468480045,
    "root_lower_objective": 45.51930666392455,
    "root_upper_objective": 51.297860132404594,
    "upper_objective": 51.295553870466975,
    "upper_values": [
      51.39264149593798,
      51.37241497582168,
      51.39247388707755,
      51.4810968840246,
      51.32541032540864,
      50.80928565453141
    ]
  },
  "initialization": {
    "initial_beliefs": [
      [
        1.0,
        0.0,
        0.0,
        0.0,
        0.0,
        0.0
      ],
      [
        0.0,
        1.0,
        0.0,
        0.0,
        0.0,
        0.0
      ],
      [
        0.0,
        0.0,
        1.0,
        0.0,
        0.0,
        0.0
      ],
      [
        0.0,
        0.0,
        0.0,
        1.0,
        0.0,
        0.0
      ],
      [
        0.0,
        0.0,
        0.0,
        0.0,
        1.0,
        0.0
      ],
      [
        0.0,
        0.0,
        0.0,
        0.0,
        0.0,
        1.0
      ]
    ],
    "initial_weights": [
      0.16666666666666666,
      0.16666666666666666,
      0.16666666666666666,
      0.16666666666666666,
      0.16666666666666666,
      0.16666666666666666
    ],
    "kind": "single synthetic root revealing a uniformly sampled physical state",
    "root_value_scale": "V_root / gamma, gamma=0.99"
  },
  "model": {
    "beta": 0.15,
    "epsilon": 0.09000000000000001,
    "gamma": 0.99,
    "mdp_density": 0.5,
    "mdp_seed": 1111,
    "mdp_sha256": "580f9fa806b22e34e0f0d1010a1012409199158e69e3f71c129e1c5119fb8d6a",
    "n_jpo_actions": 128,
    "n_prescriptions": 64,
    "n_receiver_actions": 2,
    "n_states": 6
  },
  "runtime": {
    "julia": "1.12.6",
    "native_sarsop": "0.1.4",
    "pomdp_tools": "1.1.0",
    "pomdps": "1.0.0"
  },
  "solver": {
    "delta": 0.0001,
    "export_beliefs": false,
    "initial_bound_max_time": 30.0,
    "initial_bound_residual": 1e-08,
    "initial_upper_bound": "fully_observable",
    "kappa": 0.5,
    "max_steps": 1000000,
    "max_time": 500.0,
    "precision": 0.01,
    "prune_threshold": 0.1,
    "search_epsilon": 0.01,
    "use_binning": true
  },
  "training": {
    "alpha_count": 7,
    "belief_count": 7418146,
    "elapsed_seconds": 504.8335621356964,
    "history": [
      {
        "elapsed_seconds": 1.3113021850585938e-05,
        "initial_gap": 10151.685969110493,
        "initial_lower_objective": -10099.999999999984,
        "initial_upper_objective": 51.68596911050958,
        "iteration": 0,
        "root_gap": 10050.169109419388,
        "root_lower": -9998.999999999984,
        "root_upper": 51.169109419404485
      },
      {
        "elapsed_seconds": 0.0002601146697998047,
        "initial_gap": 26.711134436216597,
        "initial_lower_objective": 24.974834674292985,
        "initial_upper_objective": 51.68596911050958,
        "iteration": 1,
        "root_gap": 26.44402309185443,
        "root_lower": 24.725086327550056,
        "root_upper": 51.169109419404485
      },
      {
        "elapsed_seconds": 1.13264799118042,
        "initial_gap": 17.636711889481926,
        "initial_lower_objective": 34.04925722102766,
        "initial_upper_objective": 51.68596911050958,
        "iteration": 2,
        "root_gap": 17.460344770587106,
        "root_lower": 33.70876464881738,
        "root_upper": 51.169109419404485
      },
      {
        "elapsed_seconds": 4.397536039352417,
        "initial_gap": 16.89110800299084,
        "initial_lower_objective": 34.76762561605653,
        "initial_upper_objective": 51.65873361904737,
        "iteration": 3,
        "root_gap": 16.722196922960933,
        "root_lower": 34.41994935989596,
        "root_upper": 51.14214628285689
      },
      {
        "elapsed_seconds": 10.962703943252563,
        "initial_gap": 12.887143556488061,
        "initial_lower_objective": 38.73512276846529,
        "initial_upper_objective": 51.62226632495335,
        "iteration": 4,
        "root_gap": 12.75827212092318,
        "root_lower": 38.347771540780634,
        "root_upper": 51.106043661703815
      },
      {
        "elapsed_seconds": 17.98979902267456,
        "initial_gap": 10.351545830385412,
        "initial_lower_objective": 41.200186805717046,
        "initial_upper_objective": 51.551732636102464,
        "iteration": 5,
        "root_gap": 10.248030372081558,
        "root_lower": 40.78818493765988,
        "root_upper": 51.036215309741436
      },
      {
        "elapsed_seconds": 29.63802194595337,
        "initial_gap": 8.989016201782183,
        "initial_lower_objective": 42.537415155274545,
        "initial_upper_objective": 51.52643135705673,
        "iteration": 6,
        "root_gap": 8.899126039764361,
        "root_lower": 42.1120410037218,
        "root_upper": 51.01116704348616
      },
      {
        "elapsed_seconds": 44.33241891860962,
        "initial_gap": 8.46188782897347,
        "initial_lower_objective": 43.05373666523701,
        "initial_upper_objective": 51.51562449421048,
        "iteration": 7,
        "root_gap": 8.377268950683735,
        "root_lower": 42.62319929858464,
        "root_upper": 51.00046824926837
      },
      {
        "elapsed_seconds": 62.60611891746521,
        "initial_gap": 7.360226979559006,
        "initial_lower_objective": 44.1198989155782,
        "initial_upper_objective": 51.480125895137206,
        "iteration": 8,
        "root_gap": 7.286624709763416,
        "root_lower": 43.67869992642242,
        "root_upper": 50.965324636185834
      },
      {
        "elapsed_seconds": 81.48286008834839,
        "initial_gap": 7.159841305213998,
        "initial_lower_objective": 44.305741031027594,
        "initial_upper_objective": 51.465582336241596,
        "iteration": 9,
        "root_gap": 7.088242892161858,
        "root_lower": 43.86268362071732,
        "root_upper": 50.95092651287918
      },
      {
        "elapsed_seconds": 109.32371401786804,
        "initial_gap": 6.806997497724434,
        "initial_lower_objective": 44.6582479357151,
        "initial_upper_objective": 51.465245433439534,
        "iteration": 10,
        "root_gap": 6.73892752274719,
        "root_lower": 44.21166545635795,
        "root_upper": 50.95059297910514
      },
      {
        "elapsed_seconds": 144.40068101882935,
        "initial_gap": 6.785525007948188,
        "initial_lower_objective": 44.67819434335144,
        "initial_upper_objective": 51.46371935129963,
        "iteration": 11,
        "root_gap": 6.7176697578687055,
        "root_lower": 44.23141239991793,
        "root_upper": 50.949082157786634
      },
      {
        "elapsed_seconds": 179.9249861240387,
        "initial_gap": 6.549879062319204,
        "initial_lower_objective": 44.90498133731659,
        "initial_upper_objective": 51.4548603996358,
        "iteration": 12,
        "root_gap": 6.484380271696011,
        "root_lower": 44.45593152394343,
        "root_upper": 50.94031179563944
      },
      {
        "elapsed_seconds": 213.34810209274292,
        "initial_gap": 6.477634268347597,
        "initial_lower_objective": 44.974442147487494,
        "initial_upper_objective": 51.45207641583509,
        "iteration": 13,
        "root_gap": 6.41285792566412,
        "root_lower": 44.52469772601262,
        "root_upper": 50.93755565167674
      },
      {
        "elapsed_seconds": 251.2605230808258,
        "initial_gap": 6.445143167303212,
        "initial_lower_objective": 45.0018843425978,
        "initial_upper_objective": 51.447027509901005,
        "iteration": 14,
        "root_gap": 6.3806917356301796,