{
  "horizon": 95,
  "lower_objective": 4.861058731986051,
  "lower_values": [
    5.032609083720915,
    4.68332187479516,
    5.032609083720915,
    5.032609083720915,
    5.032609083720915,
    4.352594182237486
  ],
  "method": "deterministic_joint_state_belief_propagation",
  "objective_estimate": 4.861293762738816,
  "status": "ok",
  "tail_interval_width": 0.00047006150552864057,
  "total_belief_nodes": 10921,
  "unrestricted_upper_minus_restricted_lower": 0.12019020443156148,
  "upper_objective": 4.86152879349158,
  "upper_values": [
    5.033079145226406,
    4.683791936300652,
    5.033079145226406,
    5.033079145226406,
    5.033079145226406,
    4.3530642437432014
  ]
}