{
  "horizon": 95,
  "lower_objective": 3.143850978041223,
  "lower_values": [
    3.210242550280502,
    2.8210474185724714,
    2.920213759533499,
    3.210242550280502,
    3.210242550280502,
    3.491117039299862
  ],
  "method": "deterministic_joint_state_belief_propagation",
  "objective_estimate": 3.144086008793969,
  "status": "same_as_normal_no_violations",
  "tail_interval_width": 0.00047006150549178116,
  "total_belief_nodes": 57763,
  "unrestricted_upper_minus_restricted_lower": 0.07971219372077876,
  "upper_objective": 3.144321039546715,
  "upper_values": [
    3.210712611785994,
    2.8215174800779654,
    2.9206838210389914,
    3.210712611785994,
    3.210712611785994,
    3.4915871008053534
  ]
}