{
  "horizon": 95,
  "lower_objective": 3.7252802816977084,
  "lower_values": [
    4.2013109836141735,
    3.429673091328121,
    3.5351152641742276,
    4.2013109836141735,
    3.5351152641742276,
    3.44915610328133
  ],
  "method": "deterministic_joint_state_belief_propagation",
  "objective_estimate": 3.7255153124504554,
  "status": "same_as_normal_no_violations",
  "tail_interval_width": 0.00047006150549311343,
  "total_belief_nodes": 18368,
  "unrestricted_upper_minus_restricted_lower": 0.011166960040130736,
  "upper_objective": 3.7257503432032015,
  "upper_values": [
    4.201781045119667,
    3.430143152833614,
    3.5355853256797207,
    4.201781045119667,
    3.5355853256797207,
    3.449626164786823
  ]
}