{
  "action_encoding": {
    "formula": "action = prescription_index * n_receiver_actions + receiver_action",
    "solver_jpo_action_offset": 1,
    "state_zero_bit": "most_significant"
  },
  "bounds": {
    "gap": 5.234777738991866,
    "lower_objective": 46.062765022855125,
    "lower_values": [
      46.234909212626896,
      45.88302198735706,
      46.23490921262689,
      46.234909212626896,
      46.23490921262689,
      45.553931299266125
    ],
    "root_gap": 5.241374292232176,
    "root_lower_objective": 46.062765022855125,
    "root_upper_objective": 51.3041393150873,
    "upper_objective": 51.29754276184699,
    "upper_values": [
      51.41481795805856,
      51.38430739200803,
      51.40140377656905,
      51.459321863918674,
      51.33350537175743,
      50.79190020877023
    ]
  },
  "initialization": {
    "initial_beliefs": [
      [
        1.0,
        0.0,
        0.0,
        0.0,
        0.0,
        0.0
      ],
      [
        0.0,
        1.0,
        0.0,
        0.0,
        0.0,
        0.0
      ],
      [
        0.0,
        0.0,
        1.0,
        0.0,
        0.0,
        0.0
      ],
      [
        0.0,
        0.0,
        0.0,
        1.0,
        0.0,
        0.0
      ],
      [
        0.0,
        0.0,
        0.0,
        0.0,
        1.0,
        0.0
      ],
      [
        0.0,
        0.0,
        0.0,
        0.0,
        0.0,
        1.0
      ]
    ],
    "initial_weights": [
      0.16666666666666666,
      0.16666666666666666,
      0.16666666666666666,
      0.16666666666666666,
      0.16666666666666666,
      0.16666666666666666
    ],
    "kind": "single synthetic root revealing a uniformly sampled physical state",
    "root_value_scale": "V_root / gamma, gamma=0.99"
  },
  "model": {
    "beta": 0.15,
    "epsilon": 0.06000000000000001,
    "gamma": 0.99,
    "mdp_density": 0.5,
    "mdp_seed": 1111,
    "mdp_sha256": "580f9fa806b22e34e0f0d1010a1012409199158e69e3f71c129e1c5119fb8d6a",
    "n_jpo_actions": 128,
    "n_prescriptions": 64,
    "n_receiver_actions": 2,
    "n_states": 6
  },
  "runtime": {
    "julia": "1.12.6",
    "native_sarsop": "0.1.4",
    "pomdp_tools": "1.1.0",
    "pomdps": "1.0.0"
  },
  "solver": {
    "delta": 0.0001,
    "export_beliefs": false,
    "initial_bound_max_time": 30.0,
    "initial_bound_residual": 1e-08,
    "initial_upper_bound": "fully_observable",
    "kappa": 0.5,
    "max_steps": 1000000,
    "max_time": 500.0,
    "precision": 0.01,
    "prune_threshold": 0.1,
    "search_epsilon": 0.01,
    "use_binning": true
  },
  "training": {
    "alpha_count": 8,
    "belief_count": 7836235,
    "elapsed_seconds": 574.7955350875854,
    "history": [
      {
        "elapsed_seconds": 1.0013580322265625e-05,
        "initial_gap": 10151.685969110493,
        "initial_lower_objective": -10099.999999999984,
        "initial_upper_objective": 51.68596911050958,
        "iteration": 0,
        "root_gap": 10050.169109419388,
        "root_lower": -9998.999999999984,
        "root_upper": 51.169109419404485
      },
      {
        "elapsed_seconds": 0.00024890899658203125,
        "initial_gap": 26.711134436216597,
        "initial_lower_objective": 24.974834674292985,
        "initial_upper_objective": 51.68596911050958,
        "iteration": 1,
        "root_gap": 26.44402309185443,
        "root_lower": 24.725086327550056,
        "root_upper": 51.169109419404485
      },
      {
        "elapsed_seconds": 1.021759033203125,
        "initial_gap": 18.253589818500604,
        "initial_lower_objective": 33.432379292008974,
        "initial_upper_objective": 51.68596911050958,
        "iteration": 2,
        "root_gap": 18.0710539203156,
        "root_lower": 33.098055499088886,
        "root_upper": 51.169109419404485
      },
      {
        "elapsed_seconds": 3.671422004699707,
        "initial_gap": 17.44668302084309,
        "initial_lower_objective": 34.214771366399596,
        "initial_upper_objective": 51.661454387242685,
        "iteration": 3,
        "root_gap": 17.27221619063466,
        "root_lower": 33.8726236527356,
        "root_upper": 51.14483984337026
      },
      {
        "elapsed_seconds": 9.432291030883789,
        "initial_gap": 14.732869902916978,
        "initial_lower_objective": 36.89571254583182,
        "initial_upper_objective": 51.6285824487488,
        "iteration": 4,
        "root_gap": 14.585541203887807,
        "root_lower": 36.526755420373505,
        "root_upper": 51.11229662426131
      },
      {
        "elapsed_seconds": 16.021246910095215,
        "initial_gap": 12.167905350641414,
        "initial_lower_objective": 39.39005880484027,
        "initial_upper_objective": 51.557964155481685,
        "iteration": 5,
        "root_gap": 12.046226297135,
        "root_lower": 38.99615821679187,
        "root_upper": 51.04238451392687
      },
      {
        "elapsed_seconds": 23.578336000442505,
        "initial_gap": 11.189378412307224,
        "initial_lower_objective": 40.34278255088696,
        "initial_upper_objective": 51.53216096319418,
        "iteration": 6,
        "root_gap": 11.077484628184152,
        "root_lower": 39.93935472537809,
        "root_upper": 51.01683935356224
      },
      {
        "elapsed_seconds": 33.810362100601196,
        "initial_gap": 8.383402389833055,
        "initial_lower_objective": 43.14782832273802,
        "initial_upper_objective": 51.53123071257108,
        "iteration": 7,
        "root_gap": 8.299568365934725,
        "root_lower": 42.716350039510644,
        "root_upper": 51.01591840544537
      },
      {
        "elapsed_seconds": 44.187838077545166,
        "initial_gap": 8.096797222346986,
        "initial_lower_objective": 43.40152900432613,
        "initial_upper_objective": 51.498326226673115,
        "iteration": 8,
        "root_gap": 8.015829250123517,
        "root_lower": 42.967513714282866,
        "root_upper": 50.98334296440638
      },
      {
        "elapsed_seconds": 55.74982500076294,
        "initial_gap": 7.9326842818827625,
        "initial_lower_objective": 43.565592678431926,
        "initial_upper_objective": 51.49827696031469,
        "iteration": 9,
        "root_gap": 7.8533574390639345,
        "root_lower": 43.129936751647605,
        "root_upper": 50.98329419071154
      },
      {
        "elapsed_seconds": 69.44358110427856,
        "initial_gap": 7.688782995283141,
        "initial_lower_objective": 43.80922143505133,
        "initial_upper_objective": 51.49800443033447,
        "iteration": 10,
        "root_gap": 7.61189516533031,
        "root_lower": 43.371129220700816,
        "root_upper": 50.983024386031126
      },
      {
        "elapsed_seconds": 81.71609497070312,
        "initial_gap": 7.5318878619518435,
        "initial_lower_objective": 43.96583660639895,
        "initial_upper_objective": 51.497724468350796,
        "iteration": 11,
        "root_gap": 7.456568983332325,
        "root_lower": 43.526178240334964,
        "root_upper": 50.98274722366729
      },
      {
        "elapsed_seconds": 102.29334807395935,
        "initial_gap": 7.409723644178676,
        "initial_lower_objective": 44.087982408828594,
        "initial_upper_objective": 51.49770605300727,
        "iteration": 12,
        "root_gap": 7.335626407736889,
        "root_lower": 43.64710258474031,
        "root_upper": 50.9827289924772
      },
      {
        "elapsed_seconds": 124.67812395095825,
        "initial_gap": 6.953595194503779,
        "initial_lower_objective": 44.53612438283082,
        "initial_upper_objective": 51.4897195773346,
        "iteration": 13,
        "root_gap": 6.884059242558742,
        "root_lower": 44.09076313900251,
        "root_upper": 50.97482238156125
      },
      {
        "elapsed_seconds": 150.66548490524292,
        "initial_gap": 6.904242704591626,
        "initial_lower_objective": 44.58130085927909,
        "initial_upper_objective": 51.48554356387071,
        "iteration": 14,