iteration	elapsed_seconds	root_lower	root_upper	root_gap
0.0	1.3113021850585938e-5	-99.00000000000004	3.3712827826885507	102.3712827826886
1.0	0.0003349781036376953	3.371282629256795	3.3712827826885507	1.5343175574500378e-7
