{
  "horizon": 95,
  "lower_objective": 3.72253012040302,
  "lower_values": [
    4.199056302508738,
    3.4239200283579545,
    3.5330169820953428,
    4.199056302508738,
    3.5330169820953428,
    3.447114124852005
  ],
  "method": "deterministic_joint_state_belief_propagation",
  "objective_estimate": 3.722765151155767,
  "status": "same_as_normal_no_violations",
  "tail_interval_width": 0.0004700615054935575,
  "total_belief_nodes": 19898,
  "unrestricted_upper_minus_restricted_lower": 0.011195938301487907,
  "upper_objective": 3.7230001819085135,
  "upper_values": [
    4.199526364014232,
    3.4243900898634485,
    3.5334870436008363,
    4.199526364014232,
    3.5334870436008363,
    3.4475841863574974
  ]
}