{
  "horizon": 96,
  "lower_objective": 4.576818173206046,
  "lower_values": [
    4.750827654896747,
    4.383068074753898,
    4.750827654896747,
    4.750827654896747,
    4.750827654896747,
    4.074530344895393
  ],
  "method": "deterministic_joint_state_belief_propagation",
  "objective_estimate": 4.577047918578228,
  "status": "ok",
  "tail_interval_width": 0.0004594907443635776,
  "total_belief_nodes": 43905,
  "upper_objective": 4.57727766395041,
  "upper_values": [
    4.75128714564111,
    4.383527565498262,
    4.75128714564111,
    4.75128714564111,
    4.75128714564111,
    4.074989835639758
  ]
}