{
  "horizon": 95,
  "lower_objective": 1.404821013976174,
  "lower_values": [
    1.377110397942359,
    1.2835409644009155,
    1.36806448701698,
    1.377110397942359,
    1.8141978483389827,
    1.2089019882154493
  ],
  "method": "deterministic_joint_state_belief_propagation",
  "objective_estimate": 1.4050560447289202,
  "status": "ok",
  "tail_interval_width": 0.00047006150549222525,
  "total_belief_nodes": 105389,
  "upper_objective": 1.4052910754816663,
  "upper_values": [
    1.3775804594478505,
    1.2840110259064081,
    1.3685345485224725,
    1.3775804594478505,
    1.8146679098444751,
    1.2093720497209417
  ]
}