{
  "horizon": 95,
  "lower_objective": 3.864471107065613,
  "lower_values": [
    3.755099386011707,
    4.033407769587238,
    3.5764045616085482,
    3.755099386011707,
    4.033407769587238,
    4.033407769587238
  ],
  "method": "deterministic_joint_state_belief_propagation",
  "objective_estimate": 3.8647061378183585,
  "status": "same_as_normal_no_violations",
  "tail_interval_width": 0.00047006150549178116,
  "total_belief_nodes": 50478,
  "unrestricted_upper_minus_restricted_lower": 0.01033330149567524,
  "upper_objective": 3.8649411685711046,
  "upper_values": [
    3.7555694475171997,
    4.03387783109273,
    3.5768746231140396,
    3.7555694475171997,
    4.03387783109273,
    4.03387783109273
  ]
}