{
  "horizon": 95,
  "lower_objective": 3.252966119070667,
  "lower_values": [
    3.0314699407365944,
    3.0314699407365944,
    3.422596913240364,
    3.422596913240364,
    3.1870660932297215,
    3.422596913240364
  ],
  "method": "deterministic_joint_state_belief_propagation",
  "objective_estimate": 3.2532011498234135,
  "status": "ok",
  "tail_interval_width": 0.00047006150549311343,
  "total_belief_nodes": 36402,
  "upper_objective": 3.25343618057616,
  "upper_values": [
    3.031940002242086,
    3.031940002242086,
    3.4230669747458577,
    3.4230669747458577,
    3.1875361547352163,
    3.4230669747458577
  ]
}