{
  "horizon": 95,
  "lower_objective": 3.6479810361103406,
  "lower_values": [
    3.4404334162122012,
    4.095086741901606,
    3.4404334162122012,
    4.095086741901606,
    3.3598311801302145,
    3.4570147203042163
  ],
  "method": "deterministic_joint_state_belief_propagation",
  "objective_estimate": 3.6482160668630867,
  "status": "ok",
  "tail_interval_width": 0.00047006150549178116,
  "total_belief_nodes": 40241,
  "upper_objective": 3.6484510976158324,
  "upper_values": [
    3.4409034777176943,
    4.095556803407096,
    3.4409034777176943,
    4.095556803407096,
    3.360301241635706,
    3.4574847818097094
  ]
}