{
  "horizon": 95,
  "lower_objective": 2.453076484075917,
  "lower_values": [
    2.6948641726638,
    2.6948641726638,
    2.351973165373443,
    2.351973165373443,
    2.2731635197408493,
    2.3516207086401666
  ],
  "method": "deterministic_joint_state_belief_propagation",
  "objective_estimate": 2.453311514828664,
  "status": "ok",
  "tail_interval_width": 0.0004700615054935575,
  "total_belief_nodes": 99562,
  "upper_objective": 2.4535465455814105,
  "upper_values": [
    2.695334234169294,
    2.695334234169294,
    2.3524432268789366,
    2.3524432268789366,
    2.2736335812463424,
    2.3520907701456615
  ]
}