{
  "horizon": 95,
  "lower_objective": 3.2638243060587415,
  "lower_values": [
    2.992192177266099,
    3.481333735884639,
    2.992192177266099,
    3.481333735884639,
    3.154560274166334,
    3.481333735884639
  ],
  "method": "deterministic_joint_state_belief_propagation",
  "objective_estimate": 3.2640593368114876,
  "status": "ok",
  "tail_interval_width": 0.00047006150549222525,
  "total_belief_nodes": 48295,
  "upper_objective": 3.2642943675642337,
  "upper_values": [
    2.9926622387715915,
    3.481803797390132,
    2.9926622387715915,
    3.481803797390132,
    3.155030335671824,
    3.481803797390132
  ]
}