{
  "horizon": 95,
  "lower_objective": 4.877222999566029,
  "lower_values": [
    5.052674652369266,
    4.6879079873530864,
    5.052674652369266,
    5.052674652369266,
    5.052674652369266,
    4.364731400566022
  ],
  "method": "deterministic_joint_state_belief_propagation",
  "objective_estimate": 4.877458030318777,
  "status": "ok",
  "tail_interval_width": 0.0004700615054948898,
  "total_belief_nodes": 23134,
  "upper_objective": 4.877693061071524,
  "upper_values": [
    5.053144713874761,
    4.688378048858582,
    5.053144713874761,
    5.053144713874761,
    5.053144713874761,
    4.365201462071517
  ]
}