{
  "alpha_vector_count": 6,
  "analysis_discounted_tail_bound": 9.67774912024056e-09,
  "analysis_horizon": 197,
  "analysis_total_belief_nodes": 8479,
  "beta": 0.05,
  "beta_index": 1,
  "discounted_transmission_occupancy": 3.127274336170059,
  "epsilon": 0.1,
  "epsilon_index": 9,
  "gamma": 0.9,
  "gamma_index": 0,
  "index": 19,
  "margin": -0.7600000000000003,
  "margin_region": "m<0",
  "mdp_seed": 1111,
  "normal_minus_restricted_lower": 0.11515320892734593,
  "normal_minus_restricted_upper": 0.11609333193837479,
  "normal_minus_restricted_value": 0.11562327043286036,
  "normal_policy_horizon": 95,
  "normal_policy_interval_width": 0.0004700615054948898,
  "normal_policy_lower_bound": 4.877222999566029,
  "normal_policy_total_belief_nodes": 23134,
  "normal_policy_upper_bound": 4.877693061071524,
  "normal_policy_value": 4.877458030318777,
  "point_id": "g0_b01_e09",
  "restricted_lower_bound_status": "ok",
  "restricted_policy_horizon": 95,
  "restricted_policy_interval_width": 0.00047006150553396964,
  "restricted_policy_lower_bound": 4.761599729133149,
  "restricted_policy_total_belief_nodes": 13316,
  "restricted_policy_upper_bound": 4.762069790638683,
  "reused_solver_checkpoint": false,
  "root_gap": 0.019661252827890427,
  "sampled_belief_count": 5867695,
  "sarsop_gap": 0.01963454175689705,
  "sarsop_lower_bound": 4.877464129295829,
  "sarsop_upper_bound": 4.897098671052726,
  "solver_elapsed_seconds": 505.67923307418823,
  "solver_iterations": 428,
  "solver_stop_reason": "max_time",
  "status": "ok",
  "unrestricted_upper_minus_restricted_lower": 0.13549894191957712,
  "violation_count": 43,
  "violation_discounted_event_occupancy": 1.140965323012955,
  "violation_first_depth_max": 19,
  "violation_first_depth_min": 0
}