{
  "horizon": 95,
  "lower_objective": 5.49551492514422,
  "lower_values": [
    5.223580919665653,
    5.223580919665653,
    5.631481927883503,
    5.631481927883503,
    5.631481927883503,
    5.631481927883503
  ],
  "method": "deterministic_joint_state_belief_propagation",
  "objective_estimate": 5.495749955896967,
  "status": "same_as_normal_no_violations",
  "tail_interval_width": 0.0004700615054948898,
  "total_belief_nodes": 20592,
  "unrestricted_upper_minus_restricted_lower": 0.010961727577150526,
  "upper_objective": 5.495984986649715,
  "upper_values": [
    5.224050981171145,
    5.224050981171145,
    5.631951989388999,
    5.631951989388999,
    5.631951989388999,
    5.631951989388999
  ]
}