{
  "horizon": 95,
  "lower_objective": 2.2194918818756006,
  "lower_values": [
    2.169364698672413,
    2.123673381186179,
    2.123673381186179,
    2.169364698672413,
    2.169364698672413,
    2.5615104328640066
  ],
  "method": "deterministic_joint_state_belief_propagation",
  "objective_estimate": 2.219726912628347,
  "status": "ok",
  "tail_interval_width": 0.00047006150549311343,
  "total_belief_nodes": 27078,
  "upper_objective": 2.2199619433810938,
  "upper_values": [
    2.1698347601779058,
    2.1241434426916737,
    2.1241434426916737,
    2.1698347601779058,
    2.1698347601779058,
    2.5619804943695
  ]
}