{
  "horizon": 95,
  "lower_objective": 3.4722850373423144,
  "lower_values": [
    4.035739052660834,
    3.319148640595239,
    3.319148640595239,
    4.035739052660834,
    2.804786196946502,
    3.319148640595239
  ],
  "method": "deterministic_joint_state_belief_propagation",
  "objective_estimate": 3.472520068095061,
  "status": "same_as_normal_no_violations",
  "tail_interval_width": 0.0004700615054940016,
  "total_belief_nodes": 26984,
  "unrestricted_upper_minus_restricted_lower": 0.01117760094289455,
  "upper_objective": 3.4727550988478084,
  "upper_values": [
    4.036209114166328,
    3.3196187021007324,
    3.3196187021007324,
    4.036209114166328,
    2.805256258451996,
    3.3196187021007324
  ]
}