{
  "horizon": 1215,
  "lower_objective": 50.22820788396862,
  "lower_values": [
    50.39377112904957,
    50.05724540343756,
    50.40755469607228,
    50.39377112904957,
    50.40755469607228,
    49.70935025013048
  ],
  "method": "deterministic_joint_state_belief_propagation",
  "objective_estimate": 50.228456615842234,
  "status": "ok",
  "tail_interval_width": 0.0004974637472088261,
  "total_belief_nodes": 1195651,
  "unrestricted_upper_minus_restricted_lower": 1.4187527426224236,
  "upper_objective": 50.22870534771583,
  "upper_values": [
    50.39426859279693,
    50.05774286718443,
    50.40805215981963,
    50.39426859279693,
    50.40805215981963,
    49.70984771387747
  ]
}