iteration	elapsed_seconds	root_lower	root_upper	root_gap
0.0	1.2874603271484375e-5	-99.00000000000004	2.23832164152778	101.23832164152782
1.0	0.00037598609924316406	1.9925757577732692	2.23832164152778	0.24574588375451056
2.0	0.014578819274902344	2.2267574437270676	2.23832164152778	0.011564197800712162
3.0	0.03320479393005371	2.2298635842364862	2.236533246962554	0.006669662726067838
