iteration	elapsed_seconds	root_lower	root_upper	root_gap
0.0	1.0013580322265625e-5	-99.00000000000004	2.305791499842656	101.3057914998427
1.0	0.00037407875061035156	2.3037492661824497	2.305791499842656	0.002042233660206172
