{
  "horizon": 95,
  "lower_objective": 2.458640505570238,
  "lower_values": [
    2.7002362752060867,
    2.7002362752060867,
    2.357720975288004,
    2.357720975288004,
    2.278492673260007,
    2.357435859173241
  ],
  "method": "deterministic_joint_state_belief_propagation",
  "objective_estimate": 2.458875536322985,
  "status": "same_as_normal_no_violations",
  "tail_interval_width": 0.0004700615054940016,
  "total_belief_nodes": 99865,
  "unrestricted_upper_minus_restricted_lower": 0.039433790822847925,
  "upper_objective": 2.459110567075732,
  "upper_values": [
    2.700706336711579,
    2.700706336711579,
    2.3581910367934995,
    2.3581910367934995,
    2.2789627347655013,
    2.357905920678735
  ]
}