{
  "horizon": 94,
  "lower_objective": 5.036442577863944,
  "lower_values": [
    5.212476241866324,
    4.848300093432183,
    5.212476241866324,
    5.212476241866324,
    5.212476241866324,
    4.520450406286192
  ],
  "method": "deterministic_joint_state_belief_propagation",
  "objective_estimate": 5.03669247765459,
  "status": "ok",
  "tail_interval_width": 0.0004997995812896505,
  "total_belief_nodes": 18791,
  "upper_objective": 5.036942377445234,
  "upper_values": [
    5.2129760414476225,
    4.848799893013432,
    5.2129760414476225,
    5.2129760414476225,
    5.2129760414476225,
    4.520950205867485
  ]
}