{
  "alpha_vector_count": 15,
  "analysis_discounted_tail_bound": 9.67774912024056e-09,
  "analysis_horizon": 197,
  "analysis_total_belief_nodes": 6866,
  "beta": 0.0,
  "beta_index": 0,
  "discounted_transmission_occupancy": 8.999982634041965,
  "epsilon": 0.1,
  "epsilon_index": 9,
  "gamma": 0.9,
  "gamma_index": 0,
  "index": 9,
  "margin": -0.8100000000000004,
  "margin_region": "m<0",
  "mdp_seed": 1111,
  "normal_minus_restricted_lower": 0.02089254862206502,
  "normal_minus_restricted_upper": 0.02189214778393822,
  "normal_minus_restricted_value": 0.021392348203002065,
  "normal_policy_horizon": 94,
  "normal_policy_interval_width": 0.0004997995812896505,
  "normal_policy_lower_bound": 5.036442577863944,
  "normal_policy_total_belief_nodes": 18791,
  "normal_policy_upper_bound": 5.036942377445234,
  "normal_policy_value": 5.03669247765459,
  "point_id": "g0_b00_e09",
  "restricted_lower_bound_status": "ok",
  "restricted_policy_horizon": 94,
  "restricted_policy_interval_width": 0.0004997995805835487,
  "restricted_policy_lower_bound": 5.015050229661296,
  "restricted_policy_total_belief_nodes": 47161,
  "restricted_policy_upper_bound": 5.015550029241879,
  "reused_solver_checkpoint": false,
  "root_gap": 0.010959590978320615,
  "sampled_belief_count": 6297523,
  "sarsop_gap": 0.010838081335274197,
  "sarsop_lower_bound": 5.036696038129014,
  "sarsop_upper_bound": 5.047534119464288,
  "solver_elapsed_seconds": 386.72520995140076,
  "solver_iterations": 268,
  "solver_stop_reason": "precision",
  "status": "ok",
  "unrestricted_upper_minus_restricted_lower": 0.032483889802992216,
  "violation_count": 76,
  "violation_discounted_event_occupancy": 5.556206567568985,
  "violation_first_depth_max": 15,
  "violation_first_depth_min": 0
}