{
  "horizon": 95,
  "lower_objective": 3.721155980758532,
  "lower_values": [
    4.19793006920339,
    3.4210438647227006,
    3.531968871496861,
    4.19793006920339,
    3.531968871496861,
    3.4460941384279926
  ],
  "method": "deterministic_joint_state_belief_propagation",
  "objective_estimate": 3.721391011511279,
  "status": "ok",
  "tail_interval_width": 0.0004700615054944457,
  "total_belief_nodes": 18421,
  "upper_objective": 3.7216260422640266,
  "upper_values": [
    4.198400130708884,
    3.4215139262281937,
    3.532438933002354,
    4.198400130708884,
    3.532438933002354,
    3.4465641999334884
  ]
}