{
  "action_encoding": {
    "formula": "action = prescription_index * n_receiver_actions + receiver_action",
    "solver_jpo_action_offset": 1,
    "state_zero_bit": "most_significant"
  },
  "bounds": {
    "gap": 0.26879871274260125,
    "lower_objective": 7.044022149707077,
    "lower_values": [
      7.105363576449445,
      7.074101834993009,
      6.944582976110729,
      6.788074549875445,
      7.190333725637455,
      7.161676235176381
    ],
    "root_gap": 0.26879871274259654,
    "root_lower_objective": 7.044022149707082,
    "root_upper_objective": 7.312820862449679,
    "upper_objective": 7.312820862449678,
    "upper_values": [
      7.366577138317331,
      7.32981526152527,
      7.2121289576452945,
      7.049288111743331,
      7.473768725276047,
      7.445346980190797
    ]
  },
  "initialization": {
    "initial_beliefs": [
      [
        1.0,
        0.0,
        0.0,
        0.0,
        0.0,
        0.0
      ],
      [
        0.0,
        1.0,
        0.0,
        0.0,
        0.0,
        0.0
      ],
      [
        0.0,
        0.0,
        1.0,
        0.0,
        0.0,
        0.0
      ],
      [
        0.0,
        0.0,
        0.0,
        1.0,
        0.0,
        0.0
      ],
      [
        0.0,
        0.0,
        0.0,
        0.0,
        1.0,
        0.0
      ],
      [
        0.0,
        0.0,
        0.0,
        0.0,
        0.0,
        1.0
      ]
    ],
    "initial_weights": [
      0.16666666666666666,
      0.16666666666666666,
      0.16666666666666666,
      0.16666666666666666,
      0.16666666666666666,
      0.16666666666666666
    ],
    "kind": "single synthetic root revealing a uniformly sampled physical state",
    "root_value_scale": "V_root / gamma, gamma=0.9"
  },
  "model": {
    "beta": 0.1,
    "epsilon": 0.07,
    "gamma": 0.9,
    "mdp_density": 0.5,
    "mdp_seed": 1111,
    "mdp_sha256": "d7da316d329b4889e7e777d11e05e73cfbc4247cc4fc4b11b7ce59a173551948",
    "n_jpo_actions": 128,
    "n_prescriptions": 64,
    "n_receiver_actions": 2,
    "n_states": 6
  },
  "runtime": {
    "julia": "1.12.6",
    "native_sarsop": "0.1.4",
    "pomdp_tools": "1.1.0",
    "pomdps": "1.0.0"
  },
  "solver": {
    "delta": 0.0001,
    "export_beliefs": false,
    "initial_bound_max_time": 30.0,
    "initial_bound_residual": 1e-08,
    "initial_upper_bound": "fully_observable",
    "kappa": 0.5,
    "max_steps": 1000000,
    "max_time": 500.0,
    "precision": 0.01,
    "prune_threshold": 0.1,
    "search_epsilon": 0.01,
    "use_binning": true
  },
  "training": {
    "alpha_count": 7,
    "belief_count": 1008652,
    "elapsed_seconds": 980.8454229831696,
    "history": [
      {
        "elapsed_seconds": 1.3113021850585938e-05,
        "initial_gap": 117.37377851153757,
        "initial_lower_objective": -110.00000000000004,
        "initial_upper_objective": 7.373778511537526,
        "iteration": 0,
        "root_gap": 105.63640066038381,
        "root_lower": -99.00000000000004,
        "root_upper": 6.6364006603837735
      },
      {
        "elapsed_seconds": 0.03557705879211426,
        "initial_gap": 1.075079598679927,
        "initial_lower_objective": 6.298698912857599,
        "initial_upper_objective": 7.373778511537526,
        "iteration": 1,
        "root_gap": 0.9675716388119344,
        "root_lower": 5.668829021571839,
        "root_upper": 6.6364006603837735
      },
      {
        "elapsed_seconds": 0.10155010223388672,
        "initial_gap": 0.549317021606772,
        "initial_lower_objective": 6.824461488434864,
        "initial_upper_objective": 7.373778510041636,
        "iteration": 2,
        "root_gap": 0.49438531944609476,
        "root_lower": 6.142015339591378,
        "root_upper": 6.636400659037473
      },
      {
        "elapsed_seconds": 0.15411806106567383,
        "initial_gap": 0.397512984872643,
        "initial_lower_objective": 6.976265523673103,
        "initial_upper_objective": 7.373778508545747,
        "iteration": 3,
        "root_gap": 0.35776168638537875,
        "root_lower": 6.278638971305793,
        "root_upper": 6.636400657691172
      },
      {
        "elapsed_seconds": 0.24325799942016602,
        "initial_gap": 0.373968479048907,
        "initial_lower_objective": 6.999810027135471,
        "initial_upper_objective": 7.373778506184378,
        "iteration": 4,
        "root_gap": 0.33657163114401634,
        "root_lower": 6.299829024421924,
        "root_upper": 6.63640065556594
      },
      {
        "elapsed_seconds": 0.36475706100463867,
        "initial_gap": 0.36374722734999504,
        "initial_lower_objective": 7.010031277098081,
        "initial_upper_objective": 7.373778504448076,
        "iteration": 5,
        "root_gap": 0.32737250461499556,
        "root_lower": 6.309028149388273,
        "root_upper": 6.6364006540032685
      },
      {
        "elapsed_seconds": 0.6027190685272217,
        "initial_gap": 0.3529572201567818,
        "initial_lower_objective": 7.020821284291294,
        "initial_upper_objective": 7.373778504448076,
        "iteration": 6,
        "root_gap": 0.31766149814110367,
        "root_lower": 6.318739155862165,
        "root_upper": 6.6364006540032685
      },
      {
        "elapsed_seconds": 0.7834088802337646,
        "initial_gap": 0.3475230160845477,
        "initial_lower_objective": 7.026255488363528,
        "initial_upper_objective": 7.373778504448076,
        "iteration": 7,
        "root_gap": 0.31277071447609295,
        "root_lower": 6.323629939527176,
        "root_upper": 6.6364006540032685
      },
      {
        "elapsed_seconds": 0.9989919662475586,
        "initial_gap": 0.3418417141575563,
        "initial_lower_objective": 7.031936790290519,
        "initial_upper_objective": 7.373778504448076,
        "iteration": 8,
        "root_gap": 0.3076575427418007,
        "root_lower": 6.328743111261468,
        "root_upper": 6.6364006540032685
      },
      {
        "elapsed_seconds": 1.6198699474334717,
        "initial_gap": 0.334145107544421,
        "initial_lower_objective": 7.034736630251206,
        "initial_upper_objective": 7.368881737795627,
        "iteration": 9,
        "root_gap": 0.30073059678997893,
        "root_lower": 6.331262967226086,
        "root_upper": 6.6319935640160645
      },
      {
        "elapsed_seconds": 1.9660050868988037,
        "initial_gap": 0.33117227891280404,
        "initial_lower_objective": 7.037709458882823,
        "initial_upper_objective": 7.368881737795627,
        "iteration": 10,
        "root_gap": 0.29805505102152363,
        "root_lower": 6.333938512994541,
        "root_upper": 6.6319935640160645
      },
      {
        "elapsed_seconds": 2.331378936767578,
        "initial_gap": 0.3297122631522953,
        "initial_lower_objective": 7.03916947290703,
        "initial_upper_objective": 7.3688817360593255,
        "iteration": 11,
        "root_gap": 0.29674103683706576,
        "root_lower": 6.335252525616327,
        "root_upper": 6.631993562453393
      },
      {
        "elapsed_seconds": 2.8612821102142334,
        "initial_gap": 0.3239825851313189,
        "initial_lower_objective": 7.040723735481275,
        "initial_upper_objective": 7.364706320612593,
        "iteration": 12,
        "root_gap": 0.291584326618187,
        "root_lower": 6.336651361933147,
        "root_upper": 6.628235688551334
      },
      {
        "elapsed_seconds": 3.42132306098938,
        "initial_gap": 0.3239810434770292,
        "initial_lower_objective": 7.040725277135564,
        "initial_upper_objective": 7.364706320612593,
        "iteration": 13,
        "root_gap": 0.2915829391293263,
        "root_lower": 6.336652749422008,
        "root_upper": 6.628235688551334
      },
      {
        "elapsed_seconds": 4.108304977416992,
        "initial_gap": 0.3188049500938117,
        "initial_lower_objective": 7.04215440214775,
        "initial_upper_objective": 7.3609593522415615,
        "iteration": 14,