{
  "horizon": 95,
  "lower_objective": 5.372731027120703,
  "lower_values": [
    5.682240784039925,
    5.682240784039925,
    5.2179761486610925,
    5.2179761486610925,
    5.2179761486610925,
    5.2179761486610925
  ],
  "method": "deterministic_joint_state_belief_propagation",
  "objective_estimate": 5.372966057873447,
  "status": "ok",
  "tail_interval_width": 0.0004700615054895607,
  "total_belief_nodes": 570,
  "upper_objective": 5.3732010886261925,
  "upper_values": [
    5.682710845545414,
    5.682710845545414,
    5.218446210166582,
    5.218446210166582,
    5.218446210166582,
    5.218446210166582
  ]
}