{
  "horizon": 95,
  "lower_objective": 3.6395381512305462,
  "lower_values": [
    3.432167792164747,
    4.08671516530893,
    3.432167792164747,
    4.08671516530893,
    3.3514024871055796,
    3.448060505330344
  ],
  "method": "deterministic_joint_state_belief_propagation",
  "objective_estimate": 3.6397731819832924,
  "status": "ok",
  "tail_interval_width": 0.00047006150549222525,
  "total_belief_nodes": 41461,
  "upper_objective": 3.6400082127360385,
  "upper_values": [
    3.4326378536702387,
    4.087185226814422,
    3.4326378536702387,
    4.087185226814422,
    3.3518725486110728,
    3.4485305668358364
  ]
}