{
  "horizon": 95,
  "lower_objective": 4.663454140068671,
  "lower_values": [
    4.292478570207759,
    5.034429709929583,
    4.292478570207759,
    4.292478570207759,
    5.034429709929583,
    5.034429709929583
  ],
  "method": "deterministic_joint_state_belief_propagation",
  "objective_estimate": 4.663689170821417,
  "status": "same_as_normal_no_violations",
  "tail_interval_width": 0.0004700615054940016,
  "total_belief_nodes": 10650,
  "unrestricted_upper_minus_restricted_lower": 0.01058001959943411,
  "upper_objective": 4.663924201574165,
  "upper_values": [
    4.292948631713254,
    5.034899771435076,
    4.292948631713254,
    4.292948631713254,
    5.034899771435076,
    5.034899771435076
  ]
}