{
  "horizon": 95,
  "lower_objective": 1.102724141978782,
  "lower_values": [
    0.933212585113631,
    0.933212585113631,
    1.309673153699028,
    1.309673153699028,
    1.0652866871236875,
    1.0652866871236875
  ],
  "method": "deterministic_joint_state_belief_propagation",
  "objective_estimate": 1.1029591727315282,
  "status": "ok",
  "tail_interval_width": 0.0004700615054924473,
  "total_belief_nodes": 79610,
  "upper_objective": 1.1031942034842745,
  "upper_values": [
    0.9336826466191246,
    0.9336826466191246,
    1.31014321520452,
    1.31014321520452,
    1.0657567486291795,
    1.0657567486291795
  ]
}