iteration	elapsed_seconds	root_lower	root_upper	root_gap
0.0	9.059906005859375e-6	-99.00000000000004	5.587913460823229	104.58791346082327
1.0	0.00032210350036621094	5.503497889717095	5.587913460823229	0.08441557110613385
2.0	0.006925106048583984	5.58560255942604	5.587913460823229	0.0023109013971884806
