{
  "horizon": 1229,
  "lower_objective": 46.129368309449056,
  "lower_values": [
    46.301662604291764,
    45.949127709327904,
    46.301662604291764,
    46.301662604291764,
    46.301662604291764,
    45.62043173019938
  ],
  "method": "deterministic_joint_state_belief_propagation",
  "objective_estimate": 46.12961648281126,
  "status": "ok",
  "tail_interval_width": 0.000496346724411012,
  "total_belief_nodes": 616374,
  "upper_objective": 46.12986465617347,
  "upper_values": [
    46.30215895101614,
    45.949624056052315,
    46.30215895101614,
    46.30215895101614,
    46.30215895101614,
    45.620928076923924
  ]
}