{
  "action_encoding": {
    "formula": "action = prescription_index * n_receiver_actions + receiver_action",
    "solver_jpo_action_offset": 1,
    "state_zero_bit": "most_significant"
  },
  "bounds": {
    "gap": 5.785290285939389,
    "lower_objective": 45.44904266519132,
    "lower_values": [
      45.62154223071487,
      45.26532247547599,
      45.62152120490205,
      45.62154223071487,
      45.62152120490205,
      44.94280664443809
    ],
    "root_gap": 5.785514183272791,
    "root_lower_objective": 45.44904266519133,
    "root_upper_objective": 51.234556848464116,
    "upper_objective": 51.23433295113071,
    "upper_values": [
      51.36514517473912,
      51.21470839226255,
      51.35534633292278,
      51.42208329538657,
      51.269231862633546,
      50.77948264883967
    ]
  },
  "initialization": {
    "initial_beliefs": [
      [
        1.0,
        0.0,
        0.0,
        0.0,
        0.0,
        0.0
      ],
      [
        0.0,
        1.0,
        0.0,
        0.0,
        0.0,
        0.0
      ],
      [
        0.0,
        0.0,
        1.0,
        0.0,
        0.0,
        0.0
      ],
      [
        0.0,
        0.0,
        0.0,
        1.0,
        0.0,
        0.0
      ],
      [
        0.0,
        0.0,
        0.0,
        0.0,
        1.0,
        0.0
      ],
      [
        0.0,
        0.0,
        0.0,
        0.0,
        0.0,
        1.0
      ]
    ],
    "initial_weights": [
      0.16666666666666666,
      0.16666666666666666,
      0.16666666666666666,
      0.16666666666666666,
      0.16666666666666666,
      0.16666666666666666
    ],
    "kind": "single synthetic root revealing a uniformly sampled physical state",
    "root_value_scale": "V_root / gamma, gamma=0.99"
  },
  "model": {
    "beta": 0.15,
    "epsilon": 0.1,
    "gamma": 0.99,
    "mdp_density": 0.5,
    "mdp_seed": 1111,
    "mdp_sha256": "580f9fa806b22e34e0f0d1010a1012409199158e69e3f71c129e1c5119fb8d6a",
    "n_jpo_actions": 128,
    "n_prescriptions": 64,
    "n_receiver_actions": 2,
    "n_states": 6
  },
  "runtime": {
    "julia": "1.12.6",
    "native_sarsop": "0.1.4",
    "pomdp_tools": "1.1.0",
    "pomdps": "1.0.0"
  },
  "solver": {
    "delta": 0.0001,
    "export_beliefs": false,
    "initial_bound_max_time": 30.0,
    "initial_bound_residual": 1e-08,
    "initial_upper_bound": "fully_observable",
    "kappa": 0.5,
    "max_steps": 1000000,
    "max_time": 500.0,
    "precision": 0.01,
    "prune_threshold": 0.1,
    "search_epsilon": 0.01,
    "use_binning": true
  },
  "training": {
    "alpha_count": 8,
    "belief_count": 9073345,
    "elapsed_seconds": 520.2845189571381,
    "history": [
      {
        "elapsed_seconds": 7.867813110351562e-06,
        "initial_gap": 10151.685969110493,
        "initial_lower_objective": -10099.999999999984,
        "initial_upper_objective": 51.68596911050958,
        "iteration": 0,
        "root_gap": 10050.169109419388,
        "root_lower": -9998.999999999984,
        "root_upper": 51.169109419404485
      },
      {
        "elapsed_seconds": 0.0003039836883544922,
        "initial_gap": 26.711134436216597,
        "initial_lower_objective": 24.974834674292985,
        "initial_upper_objective": 51.68596911050958,
        "iteration": 1,
        "root_gap": 26.44402309185443,
        "root_lower": 24.725086327550056,
        "root_upper": 51.169109419404485
      },
      {
        "elapsed_seconds": 1.218946933746338,
        "initial_gap": 16.617855504276402,
        "initial_lower_objective": 35.06811360623318,
        "initial_upper_objective": 51.68596911050958,
        "iteration": 2,
        "root_gap": 16.451676949233637,
        "root_lower": 34.71743247017085,
        "root_upper": 51.169109419404485
      },
      {
        "elapsed_seconds": 4.663908004760742,
        "initial_gap": 16.00788271647243,
        "initial_lower_objective": 35.651505054194345,
        "initial_upper_objective": 51.659387770666775,
        "iteration": 3,
        "root_gap": 15.847803889307706,
        "root_lower": 35.2949900036524,
        "root_upper": 51.14279389296011
      },
      {
        "elapsed_seconds": 11.820719003677368,
        "initial_gap": 13.175878405418581,
        "initial_lower_objective": 38.44718504242124,
        "initial_upper_objective": 51.62306344783982,
        "iteration": 4,
        "root_gap": 13.044119621364395,
        "root_lower": 38.06271319199703,
        "root_upper": 51.10683281336142
      },
      {
        "elapsed_seconds": 17.633092880249023,
        "initial_gap": 12.084753489356352,
        "initial_lower_objective": 39.46663826659453,
        "initial_upper_objective": 51.55139175595088,
        "iteration": 5,
        "root_gap": 11.963905954462788,
        "root_lower": 39.07197188392858,
        "root_upper": 51.03587783839137
      },
      {
        "elapsed_seconds": 27.87331795692444,
        "initial_gap": 10.414948621585383,
        "initial_lower_objective": 41.107105599520814,
        "initial_upper_objective": 51.522054221106195,
        "iteration": 6,
        "root_gap": 10.310799135369528,
        "root_lower": 40.696034543525606,
        "root_upper": 51.006833678895134
      },
      {
        "elapsed_seconds": 43.30802583694458,
        "initial_gap": 7.434521304440109,
        "initial_lower_objective": 44.05197344202084,
        "initial_upper_objective": 51.48649474646095,
        "iteration": 7,
        "root_gap": 7.360176091395708,
        "root_lower": 43.61145370760063,
        "root_upper": 50.97162979899634
      },
      {
        "elapsed_seconds": 60.37683081626892,
        "initial_gap": 6.935436382351391,
        "initial_lower_objective": 44.5411578894902,
        "initial_upper_objective": 51.47659427184159,
        "iteration": 8,
        "root_gap": 6.866082018527877,
        "root_lower": 44.095746310595295,
        "root_upper": 50.96182832912317
      },
      {
        "elapsed_seconds": 77.38572883605957,
        "initial_gap": 6.903653042478434,
        "initial_lower_objective": 44.56845497986632,
        "initial_upper_objective": 51.47210802234475,
        "iteration": 9,
        "root_gap": 6.83461651205365,
        "root_lower": 44.12277043006765,
        "root_upper": 50.9573869421213
      },
      {
        "elapsed_seconds": 95.40842199325562,
        "initial_gap": 6.875997019504143,
        "initial_lower_objective": 44.59345906820564,
        "initial_upper_objective": 51.46945608770978,
        "iteration": 10,
        "root_gap": 6.8072370493091015,
        "root_lower": 44.14752447752358,
        "root_upper": 50.954761526832684
      },
      {
        "elapsed_seconds": 109.65366792678833,
        "initial_gap": 6.630322094872324,
        "initial_lower_objective": 44.816322287365544,
        "initial_upper_objective": 51.44664438223787,
        "iteration": 11,
        "root_gap": 6.564018873923601,
        "root_lower": 44.36815906449189,
        "root_upper": 50.93217793841549
      },
      {
        "elapsed_seconds": 126.68390989303589,
        "initial_gap": 6.352290238656887,
        "initial_lower_objective": 45.060743257443285,
        "initial_upper_objective": 51.41303349610017,
        "iteration": 12,
        "root_gap": 6.288767336270318,
        "root_lower": 44.61013582486885,
        "root_upper": 50.89890316113917
      },
      {
        "elapsed_seconds": 145.68895888328552,
        "initial_gap": 6.034125868499374,
        "initial_lower_objective": 45.32543302469273,
        "initial_upper_objective": 51.3595588931921,
        "iteration": 13,
        "root_gap": 5.9737846098143805,
        "root_lower": 44.8721786944458,
        "root_upper": 50.84596330426018
      },
      {
        "elapsed_seconds": 166.6771559715271,
        "initial_gap": 5.874234197331383,
        "initial_lower_objective": 45.39961639224156,
        "initial_upper_objective": 51.273850589572945,
        "iteration": 14,
        "root_gap": 5.815491855358069,