{
  "horizon": 95,
  "lower_objective": 3.2373422295887124,
  "lower_values": [
    3.4508827872067593,
    3.034258704207666,
    3.162676366303697,
    3.4508827872067593,
    3.162676366303697,
    3.162676366303697
  ],
  "method": "deterministic_joint_state_belief_propagation",
  "objective_estimate": 3.2375772603414585,
  "status": "ok",
  "tail_interval_width": 0.00047006150549266934,
  "total_belief_nodes": 29230,
  "upper_objective": 3.237812291094205,
  "upper_values": [
    3.4513528487122507,
    3.0347287657131585,
    3.16314642780919,
    3.4513528487122507,
    3.16314642780919,
    3.16314642780919
  ]
}