{
  "horizon": 95,
  "lower_objective": 1.9703047690988047,
  "lower_values": [
    1.9497775349066926,
    1.8230225814269545,
    1.8230225814269545,
    1.9679125881912294,
    2.290180740449769,
    1.9679125881912294
  ],
  "method": "deterministic_joint_state_belief_propagation",
  "objective_estimate": 1.9705397998515521,
  "status": "same_as_normal_no_violations",
  "tail_interval_width": 0.0004700615054944457,
  "total_belief_nodes": 77121,
  "unrestricted_upper_minus_restricted_lower": 0.022327957233327478,
  "upper_objective": 1.9707748306042991,
  "upper_values": [
    1.9502475964121866,
    1.8234926429324494,
    1.8234926429324494,
    1.9683826496967247,
    2.2906508019552616,
    1.9683826496967247
  ]
}