{
  "horizon": 95,
  "lower_objective": 2.49619437492718,
  "lower_values": [
    2.5418374681102254,
    2.5418374681102254,
    2.5418374681102254,
    2.762611811658202,
    2.28068806435417,
    2.308353969220033
  ],
  "method": "deterministic_joint_state_belief_propagation",
  "objective_estimate": 2.4964294056799265,
  "status": "ok",
  "tail_interval_width": 0.00047006150549266934,
  "total_belief_nodes": 66233,
  "upper_objective": 2.4966644364326727,
  "upper_values": [
    2.542307529615719,
    2.542307529615719,
    2.542307529615719,
    2.7630818731636952,
    2.2811581258596623,
    2.3088240307255243
  ]
}