{
  "horizon": 95,
  "lower_objective": 2.486600864215014,
  "lower_values": [
    2.5315811991830492,
    2.5315811991830492,
    2.5315811991830492,
    2.754225506776979,
    2.271928130867256,
    2.2987079500967025
  ],
  "method": "deterministic_joint_state_belief_propagation",
  "objective_estimate": 2.4868358949677605,
  "status": "ok",
  "tail_interval_width": 0.0004700615054935575,
  "total_belief_nodes": 66225,
  "unrestricted_upper_minus_restricted_lower": 0.07171488945606219,
  "upper_objective": 2.4870709257205075,
  "upper_values": [
    2.532051260688543,
    2.532051260688543,
    2.532051260688543,
    2.7546955682824734,
    2.2723981923727465,
    2.299178011602196
  ]
}