{
  "alpha_vector_count": 9,
  "analysis_discounted_tail_bound": 9.67774912024056e-09,
  "analysis_horizon": 197,
  "analysis_total_belief_nodes": 28580,
  "beta": 0.05,
  "candidate_index": 34,
  "discounted_transmission_occupancy": 1.8385400834637295,
  "epsilon": 0.06000000000000001,
  "epsilon_index": 5,
  "gamma": 0.9,
  "index": 345,
  "margin": -0.4576000000000002,
  "margin_region": "m<0",
  "mdp_seed": 2051696463,
  "normal_minus_restricted_lower": 0.009123449206672518,
  "normal_minus_restricted_upper": 0.010063572217658745,
  "normal_minus_restricted_value": 0.009593510712166076,
  "normal_policy_horizon": 95,
  "normal_policy_interval_width": 0.00047006150549266934,
  "normal_policy_lower_bound": 2.49619437492718,
  "normal_policy_total_belief_nodes": 66233,
  "normal_policy_upper_bound": 2.4966644364326727,
  "normal_policy_value": 2.4964294056799265,
  "point_id": "seed_2051696463_e05",
  "restricted_policy_horizon": 95,
  "restricted_policy_interval_width": 0.0004700615054935575,
  "restricted_policy_lower_bound": 2.486600864215014,
  "restricted_policy_status": "ok",
  "restricted_policy_total_belief_nodes": 66225,
  "restricted_policy_upper_bound": 2.4870709257205075,
  "restricted_policy_value": 2.4868358949677605,
  "reused_solver_checkpoint": false,
  "root_gap": 0.06410359343546378,
  "sampled_belief_count": 6877249,
  "sarsop_gap": 0.06198837489865161,
  "sarsop_gap_within_acceptance_threshold": true,
  "sarsop_lower_bound": 2.4963273787724245,
  "sarsop_upper_bound": 2.558315753671076,
  "solver_elapsed_seconds": 601.926157951355,
  "solver_iterations": 223,
  "solver_stop_reason": "max_time",
  "status": "ok",
  "violation_count": 72,
  "violation_discounted_event_occupancy": 0.1815597020989967,
  "violation_first_depth_max": 55,
  "violation_first_depth_min": 1
}