{
  "action_encoding": {
    "formula": "action = prescription_index * n_receiver_actions + receiver_action",
    "solver_jpo_action_offset": 1,
    "state_zero_bit": "most_significant"
  },
  "bounds": {
    "gap": 10.948205838921005,
    "lower_objective": 40.69801009241538,
    "lower_values": [
      40.93437542693104,
      40.469895042725796,
      40.93437542693104,
      40.93437542693104,
      40.93437542693104,
      39.980663804042344
    ],
    "root_gap": 10.9551875353433,
    "root_lower_objective": 40.69801009241538,
    "root_upper_objective": 51.65319762775868,
    "upper_objective": 51.646215931336386,
    "upper_values": [
      51.79261599165265,
      51.502981479649115,
      51.85979731282147,
      51.792460166485796,
      51.79261599165265,
      51.13682464575663
    ]
  },
  "initialization": {
    "initial_beliefs": [
      [
        1.0,
        0.0,
        0.0,
        0.0,
        0.0,
        0.0
      ],
      [
        0.0,
        1.0,
        0.0,
        0.0,
        0.0,
        0.0
      ],
      [
        0.0,
        0.0,
        1.0,
        0.0,
        0.0,
        0.0
      ],
      [
        0.0,
        0.0,
        0.0,
        1.0,
        0.0,
        0.0
      ],
      [
        0.0,
        0.0,
        0.0,
        0.0,
        1.0,
        0.0
      ],
      [
        0.0,
        0.0,
        0.0,
        0.0,
        0.0,
        1.0
      ]
    ],
    "initial_weights": [
      0.16666666666666666,
      0.16666666666666666,
      0.16666666666666666,
      0.16666666666666666,
      0.16666666666666666,
      0.16666666666666666
    ],
    "kind": "single synthetic root revealing a uniformly sampled physical state",
    "root_value_scale": "V_root / gamma, gamma=0.99"
  },
  "model": {
    "beta": 0.0,
    "epsilon": 0.1,
    "gamma": 0.99,
    "mdp_density": 0.5,
    "mdp_seed": 1111,
    "mdp_sha256": "580f9fa806b22e34e0f0d1010a1012409199158e69e3f71c129e1c5119fb8d6a",
    "n_jpo_actions": 128,
    "n_prescriptions": 64,
    "n_receiver_actions": 2,
    "n_states": 6
  },
  "runtime": {
    "julia": "1.12.6",
    "native_sarsop": "0.1.4",
    "pomdp_tools": "1.1.0",
    "pomdps": "1.0.0"
  },
  "solver": {
    "delta": 0.0001,
    "export_beliefs": false,
    "initial_bound_max_time": 30.0,
    "initial_bound_residual": 1e-08,
    "initial_upper_bound": "fully_observable",
    "kappa": 0.5,
    "max_steps": 1000000,
    "max_time": 500.0,
    "precision": 0.01,
    "prune_threshold": 0.1,
    "search_epsilon": 0.01,
    "use_binning": true
  },
  "training": {
    "alpha_count": 3,
    "belief_count": 9934807,
    "elapsed_seconds": 508.7888288497925,
    "history": [
      {
        "elapsed_seconds": 8.821487426757812e-06,
        "initial_gap": 10151.685969110493,
        "initial_lower_objective": -10099.999999999984,
        "initial_upper_objective": 51.68596911050958,
        "iteration": 0,
        "root_gap": 10050.169109419388,
        "root_lower": -9998.999999999984,
        "root_upper": 51.169109419404485
      },
      {
        "elapsed_seconds": 0.00025200843811035156,
        "initial_gap": 26.711134436216597,
        "initial_lower_objective": 24.974834674292985,
        "initial_upper_objective": 51.68596911050958,
        "iteration": 1,
        "root_gap": 26.44402309185443,
        "root_lower": 24.725086327550056,
        "root_upper": 51.169109419404485
      },
      {
        "elapsed_seconds": 0.9125978946685791,
        "initial_gap": 25.09799071933423,
        "initial_lower_objective": 26.58797839117535,
        "initial_upper_objective": 51.68596911050958,
        "iteration": 2,
        "root_gap": 24.847010812140887,
        "root_lower": 26.322098607263598,
        "root_upper": 51.169109419404485
      },
      {
        "elapsed_seconds": 2.494804859161377,
        "initial_gap": 24.31986769436213,
        "initial_lower_objective": 27.361697022783503,
        "initial_upper_objective": 51.68156471714563,
        "iteration": 3,
        "root_gap": 24.07666901741851,
        "root_lower": 27.088080052555668,
        "root_upper": 51.16474906997418
      },
      {
        "elapsed_seconds": 5.574276924133301,
        "initial_gap": 23.077207305294948,
        "initial_lower_objective": 28.595548628403378,
        "initial_upper_objective": 51.672755933698326,
        "iteration": 4,
        "root_gap": 22.846435232241998,
        "root_lower": 28.309593142119343,
        "root_upper": 51.15602837436134
      },
      {
        "elapsed_seconds": 9.561511039733887,
        "initial_gap": 22.13817637215422,
        "initial_lower_objective": 29.530517292151668,
        "initial_upper_objective": 51.66869366430589,
        "iteration": 5,
        "root_gap": 21.916794608432678,
        "root_lower": 29.23521211923015,
        "root_upper": 51.15200672766283
      },
      {
        "elapsed_seconds": 14.57292103767395,
        "initial_gap": 21.065071871716977,
        "initial_lower_objective": 30.600738549695087,
        "initial_upper_objective": 51.66581042141207,
        "iteration": 6,
        "root_gap": 20.85442115299981,
        "root_lower": 30.294731164198136,
        "root_upper": 51.149152317197945
      },
      {
        "elapsed_seconds": 21.382606983184814,
        "initial_gap": 19.800162385955574,
        "initial_lower_objective": 31.86462884862187,
        "initial_upper_objective": 51.66479123457744,
        "iteration": 7,
        "root_gap": 19.602160762096016,
        "root_lower": 31.545982560135652,
        "root_upper": 51.14814332223167
      },
      {
        "elapsed_seconds": 29.633726835250854,
        "initial_gap": 19.480751980563163,
        "initial_lower_objective": 32.18155366065815,
        "initial_upper_objective": 51.662305641221316,
        "iteration": 8,
        "root_gap": 19.28594446075753,
        "root_lower": 31.85973812405157,
        "root_upper": 51.1456825848091
      },
      {
        "elapsed_seconds": 38.84264087677002,
        "initial_gap": 18.49359063891349,
        "initial_lower_objective": 33.16671655727287,
        "initial_upper_objective": 51.66030719618636,
        "iteration": 9,
        "root_gap": 18.308654732524353,
        "root_lower": 32.83504939170014,
        "root_upper": 51.14370412422449
      },
      {
        "elapsed_seconds": 50.334636926651,
        "initial_gap": 17.836316249587963,
        "initial_lower_objective": 33.82204585267634,
        "initial_upper_objective": 51.6583621022643,
        "iteration": 10,
        "root_gap": 17.657953087092082,
        "root_lower": 33.48382539414958,
        "root_upper": 51.14177848124166
      },
      {
        "elapsed_seconds": 62.61082482337952,
        "initial_gap": 17.26113008707896,
        "initial_lower_objective": 34.396142360438645,
        "initial_upper_objective": 51.657272447517606,
        "iteration": 11,
        "root_gap": 17.08851878620817,
        "root_lower": 34.05218093683426,
        "root_upper": 51.14069972304243
      },
      {
        "elapsed_seconds": 77.80011296272278,
        "initial_gap": 17.032641532932427,
        "initial_lower_objective": 34.6245140197866,
        "initial_upper_objective": 51.65715555271903,
        "iteration": 12,
        "root_gap": 16.862315117603103,
        "root_lower": 34.27826887958874,
        "root_upper": 51.14058399719184
      },
      {
        "elapsed_seconds": 93.64850401878357,
        "initial_gap": 16.207515325586314,
        "initial_lower_objective": 35.44943495941755,
        "initial_upper_objective": 51.656950285003866,
        "iteration": 13,
        "root_gap": 16.04544017233045,
        "root_lower": 35.094940609823375,
        "root_upper": 51.14038078215383
      },
      {
        "elapsed_seconds": 110.50660681724548,
        "initial_gap": 15.545391366311398,
        "initial_lower_objective": 36.11054740007031,
        "initial_upper_objective": 51.65593876638171,
        "iteration": 14,
        "root_gap": 15.389937452648283,