{
  "horizon": 95,
  "lower_objective": 3.145005746525739,
  "lower_values": [
    3.487040399317026,
    2.955143378864394,
    2.8133827244760266,
    3.1722841983155656,
    3.487040399317026,
    2.955143378864394
  ],
  "method": "deterministic_joint_state_belief_propagation",
  "objective_estimate": 3.1452407772785005,
  "status": "same_as_normal_no_violations",
  "tail_interval_width": 0.0004700615055228674,
  "total_belief_nodes": 48698,
  "unrestricted_upper_minus_restricted_lower": 0.01528109292856561,
  "upper_objective": 3.1454758080312617,
  "upper_values": [
    3.48751046082252,
    2.9556134403698877,
    2.8138527859817004,
    3.172754259821058,
    3.48751046082252,
    2.9556134403698877
  ]
}