{
  "horizon": 95,
  "lower_objective": 4.717396810603489,
  "lower_values": [
    4.342130111229864,
    5.092663509977115,
    4.342130111229864,
    4.342130111229864,
    5.092663509977115,
    5.092663509977115
  ],
  "method": "deterministic_joint_state_belief_propagation",
  "objective_estimate": 4.717631841356235,
  "status": "same_as_normal_no_violations",
  "tail_interval_width": 0.0004700615054940016,
  "total_belief_nodes": 11091,
  "unrestricted_upper_minus_restricted_lower": 0.00943995066279868,
  "upper_objective": 4.717866872108983,
  "upper_values": [
    4.342600172735358,
    5.093133571482609,
    4.342600172735358,
    4.342600172735358,
    5.093133571482609,
    5.093133571482609
  ]
}