{
  "horizon": 95,
  "lower_objective": 2.439450820491616,
  "lower_values": [
    2.305522966264716,
    2.3067536801875064,
    2.7054604580612303,
    2.3067536801875064,
    2.7054604580612303,
    2.3067536801875064
  ],
  "method": "deterministic_joint_state_belief_propagation",
  "objective_estimate": 2.439685851244362,
  "status": "same_as_normal_no_violations",
  "tail_interval_width": 0.00047006150549222525,
  "total_belief_nodes": 27078,
  "unrestricted_upper_minus_restricted_lower": 0.05882026718594435,
  "upper_objective": 2.439920881997108,
  "upper_values": [
    2.3059930277702074,
    2.3072237416929986,
    2.7059305195667234,
    2.3072237416929986,
    2.7059305195667234,
    2.3072237416929986
  ]
}