{
  "horizon": 95,
  "lower_objective": 2.079008114198514,
  "lower_values": [
    1.9948411422427994,
    2.047872549767711,
    1.9643908436269502,
    1.9948411422427994,
    2.047872549767711,
    2.424230457543115
  ],
  "method": "deterministic_joint_state_belief_propagation",
  "objective_estimate": 2.0792431449512607,
  "status": "same_as_normal_no_violations",
  "tail_interval_width": 0.00047006150549266934,
  "total_belief_nodes": 49590,
  "unrestricted_upper_minus_restricted_lower": 0.01853309576790041,
  "upper_objective": 2.079478175704007,
  "upper_values": [
    1.9953112037482923,
    2.0483426112732026,
    1.964860905132443,
    1.9953112037482923,
    2.0483426112732026,
    2.424700519048609
  ]
}