{
  "horizon": 95,
  "lower_objective": 1.4297455323298356,
  "lower_values": [
    1.4025365297925532,
    1.3129443450304459,
    1.390361572926098,
    1.4025365297925532,
    1.8406037372551365,
    1.2294904791822274
  ],
  "method": "deterministic_joint_state_belief_propagation",
  "objective_estimate": 1.4299805630825821,
  "status": "same_as_normal_no_violations",
  "tail_interval_width": 0.0004700615054928914,
  "total_belief_nodes": 105854,
  "unrestricted_upper_minus_restricted_lower": 0.0464724362277098,
  "upper_objective": 1.4302155938353285,
  "upper_values": [
    1.4030065912980458,
    1.3134144065359397,
    1.3908316344315914,
    1.4030065912980458,
    1.841073798760629,
    1.2299605406877199
  ]
}