{
  "horizon": 95,
  "lower_objective": 4.930197579959991,
  "lower_values": [
    5.105134108921412,
    4.7463347486518375,
    5.105134108921412,
    5.105134108921412,
    5.105134108921412,
    4.414314295422457
  ],
  "method": "deterministic_joint_state_belief_propagation",
  "objective_estimate": 4.930432610712737,
  "status": "ok",
  "tail_interval_width": 0.0004700615054940016,
  "total_belief_nodes": 19446,
  "upper_objective": 4.930667641465485,
  "upper_values": [
    5.105604170426905,
    4.746804810157332,
    5.105604170426905,
    5.105604170426905,
    5.105604170426905,
    4.414784356927953
  ]
}