{
  "horizon": 95,
  "lower_objective": 4.917418094408982,
  "lower_values": [
    5.093446639885708,
    4.73582790021118,
    5.093446639885708,
    5.093446639885708,
    5.093446639885708,
    4.394894106699875
  ],
  "method": "deterministic_joint_state_belief_propagation",
  "objective_estimate": 4.917653125161727,
  "status": "ok",
  "tail_interval_width": 0.00047006150549222525,
  "total_belief_nodes": 19430,
  "unrestricted_upper_minus_restricted_lower": 0.09927333350545808,
  "upper_objective": 4.917888155914474,
  "upper_values": [
    5.0939167013911995,
    4.736297961716675,
    5.0939167013911995,
    5.0939167013911995,
    5.0939167013911995,
    4.395364168205368
  ]
}