{
  "alpha_vector_count": 6,
  "analysis_discounted_tail_bound": 9.67774912024056e-09,
  "analysis_horizon": 197,
  "analysis_total_belief_nodes": 7043,
  "beta": 0.05,
  "beta_index": 1,
  "discounted_transmission_occupancy": 3.0679772729131396,
  "epsilon": 0.05000000000000001,
  "epsilon_index": 4,
  "gamma": 0.9,
  "gamma_index": 0,
  "index": 14,
  "margin": -0.3775000000000002,
  "margin_region": "m<0",
  "mdp_seed": 1111,
  "normal_minus_restricted_lower": 0.012309424045517048,
  "normal_minus_restricted_upper": 0.013249547056503275,
  "normal_minus_restricted_value": 0.012779485551010161,
  "normal_policy_horizon": 95,
  "normal_policy_interval_width": 0.0004700615054940016,
  "normal_policy_lower_bound": 4.930197579959991,
  "normal_policy_total_belief_nodes": 19446,
  "normal_policy_upper_bound": 4.930667641465485,
  "normal_policy_value": 4.930432610712737,
  "point_id": "g0_b01_e04",
  "restricted_lower_bound_status": "ok",
  "restricted_policy_horizon": 95,
  "restricted_policy_interval_width": 0.00047006150549222525,
  "restricted_policy_lower_bound": 4.917418094408982,
  "restricted_policy_total_belief_nodes": 19430,
  "restricted_policy_upper_bound": 4.917888155914474,
  "reused_solver_checkpoint": false,
  "root_gap": 0.08883278077582564,
  "sampled_belief_count": 1778911,
  "sarsop_gap": 0.08625008183594485,
  "sarsop_lower_bound": 4.930441346078495,
  "sarsop_upper_bound": 5.01669142791444,
  "solver_elapsed_seconds": 1231.1310639381409,
  "solver_iterations": 69,
  "solver_stop_reason": "max_time",
  "status": "ok",
  "unrestricted_upper_minus_restricted_lower": 0.09927333350545808,
  "violation_count": 1,
  "violation_discounted_event_occupancy": 0.24649813138992682,
  "violation_first_depth_max": 0,
  "violation_first_depth_min": 0
}