{
  "horizon": 95,
  "lower_objective": 2.656111289129332,
  "lower_values": [
    2.6658613147702686,
    2.6658613147702686,
    2.6658613147702686,
    2.8989584330848963,
    2.3742640426100245,
    2.6658613147702686
  ],
  "method": "deterministic_joint_state_belief_propagation",
  "objective_estimate": 2.6563463198820787,
  "status": "ok",
  "tail_interval_width": 0.00047006150549311343,
  "total_belief_nodes": 27539,
  "upper_objective": 2.6565813506348253,
  "upper_values": [
    2.6663313762757617,
    2.6663313762757617,
    2.6663313762757617,
    2.899428494590389,
    2.374734104115516,
    2.6663313762757617
  ]
}