{
  "horizon": 1215,
  "lower_objective": 50.517215559694115,
  "lower_values": [
    50.685765364053616,
    50.348605537634306,
    50.69274789987577,
    50.685765364053616,
    50.69274789987577,
    49.99766129267164
  ],
  "method": "deterministic_joint_state_belief_propagation",
  "objective_estimate": 50.51746429156736,
  "status": "ok",
  "tail_interval_width": 0.000497463746491178,
  "total_belief_nodes": 1075925,
  "upper_objective": 50.517713023440606,
  "upper_values": [
    50.68626282780009,
    50.349103001380755,
    50.69324536362229,
    50.68626282780009,
    50.69324536362229,
    49.998158756418114
  ]
}