{
  "horizon": 1215,
  "lower_objective": 46.361343809457935,
  "lower_values": [
    46.54665986883619,
    46.22318508544982,
    46.46989164806416,
    46.54665986883619,
    46.46989164806416,
    45.91177473749709
  ],
  "method": "deterministic_joint_state_belief_propagation",
  "objective_estimate": 46.361592541333884,
  "status": "ok",
  "tail_interval_width": 0.0004974637518984082,
  "total_belief_nodes": 803841,
  "unrestricted_upper_minus_restricted_lower": 5.303102778619014,
  "upper_objective": 46.36184127320983,
  "upper_values": [
    46.54715733258295,
    46.22368254919656,
    46.47038911181092,
    46.54715733258295,
    46.47038911181092,
    45.912272201274725
  ]
}