{
  "horizon": 95,
  "lower_objective": 2.7626577859569807,
  "lower_values": [
    2.2839993531893645,
    3.2049575203870164,
    2.859519674810953,
    2.508430817732646,
    2.859519674810953,
    2.859519674810953
  ],
  "method": "deterministic_joint_state_belief_propagation",
  "objective_estimate": 2.762892816709728,
  "status": "ok",
  "tail_interval_width": 0.0004700615054953339,
  "total_belief_nodes": 52928,
  "upper_objective": 2.763127847462476,
  "upper_values": [
    2.284469414694859,
    3.205427581892514,
    2.859989736316447,
    2.5089008792381415,
    2.859989736316447,
    2.859989736316447
  ]
}