{
  "horizon": 95,
  "lower_objective": 2.756552244762773,
  "lower_values": [
    2.279997870218261,
    3.19937135807891,
    2.8549025812035556,
    2.4952364966688,
    2.8549025812035556,
    2.8549025812035556
  ],
  "method": "deterministic_joint_state_belief_propagation",
  "objective_estimate": 2.7567872755155194,
  "status": "ok",
  "tail_interval_width": 0.0004700615054935575,
  "total_belief_nodes": 52849,
  "unrestricted_upper_minus_restricted_lower": 0.017355274062212267,
  "upper_objective": 2.7570223062682664,
  "upper_values": [
    2.2804679317237544,
    3.199841419584404,
    2.8553726427090487,
    2.495706558174294,
    2.8553726427090487,
    2.8553726427090487
  ]
}