{
  "alpha_vector_count": 4,
  "analysis_discounted_tail_bound": 9.67774912024056e-09,
  "analysis_horizon": 197,
  "analysis_total_belief_nodes": 26130,
  "beta": 0.05,
  "candidate_index": 47,
  "discounted_transmission_occupancy": 0.9971580330514936,
  "epsilon": 0.07,
  "epsilon_index": 6,
  "gamma": 0.9,
  "index": 476,
  "margin": -0.5359000000000002,
  "margin_region": "m<0",
  "mdp_seed": 622777685,
  "normal_minus_restricted_lower": 0.005635479688714362,
  "normal_minus_restricted_upper": 0.0065756026997032535,
  "normal_minus_restricted_value": 0.006105541194208808,
  "normal_policy_horizon": 95,
  "normal_policy_interval_width": 0.0004700615054953339,
  "normal_policy_lower_bound": 2.7626577859569807,
  "normal_policy_total_belief_nodes": 52928,
  "normal_policy_upper_bound": 2.763127847462476,
  "normal_policy_value": 2.762892816709728,
  "point_id": "seed_622777685_e06",
  "restricted_policy_horizon": 95,
  "restricted_policy_interval_width": 0.0004700615054935575,
  "restricted_policy_lower_bound": 2.756552244762773,
  "restricted_policy_status": "ok",
  "restricted_policy_total_belief_nodes": 52849,
  "restricted_policy_upper_bound": 2.7570223062682664,
  "restricted_policy_value": 2.7567872755155194,
  "reused_solver_checkpoint": false,
  "root_gap": 0.011101957651613346,
  "sampled_belief_count": 3952432,
  "sarsop_gap": 0.01110195765161448,
  "sarsop_gap_within_acceptance_threshold": true,
  "sarsop_lower_bound": 2.7628055611733706,
  "sarsop_upper_bound": 2.773907518824985,
  "solver_elapsed_seconds": 287.63941192626953,
  "solver_iterations": 481,
  "solver_stop_reason": "precision",
  "status": "ok",
  "violation_count": 1,
  "violation_discounted_event_occupancy": 0.11780246136649156,
  "violation_first_depth_max": 0,
  "violation_first_depth_min": 0
}