{
  "horizon": 95,
  "lower_objective": 3.2527521867902056,
  "lower_values": [
    2.9813518893042166,
    3.469801811382446,
    2.9813518893042166,
    3.469801811382446,
    3.144403907985466,
    3.469801811382446
  ],
  "method": "deterministic_joint_state_belief_propagation",
  "objective_estimate": 3.2529872175429526,
  "status": "ok",
  "tail_interval_width": 0.0004700615054940016,
  "total_belief_nodes": 47353,
  "upper_objective": 3.2532222482956996,
  "upper_values": [
    2.98182195080971,
    3.470271872887939,
    2.98182195080971,
    3.470271872887939,
    3.1448739694909613,
    3.470271872887939
  ]
}