{
  "horizon": 95,
  "lower_objective": 3.241459013866087,
  "lower_values": [
    2.8244279119796087,
    3.5904135838221714,
    3.2187665783316826,
    3.2187665783316826,
    3.005965846909203,
    3.5904135838221714
  ],
  "method": "deterministic_joint_state_belief_propagation",
  "objective_estimate": 3.241694044618833,
  "status": "ok",
  "tail_interval_width": 0.00047006150549311343,
  "total_belief_nodes": 49347,
  "upper_objective": 3.24192907537158,
  "upper_values": [
    2.824897973485102,
    3.590883645327665,
    3.2192366398371757,
    3.2192366398371757,
    3.006435908414696,
    3.590883645327665
  ]
}