{
  "horizon": 95,
  "lower_objective": 1.8444685666563423,
  "lower_values": [
    1.8605299936522732,
    2.2033565533082298,
    1.8511304122771035,
    1.717264813566816,
    1.717264813566816,
    1.717264813566816
  ],
  "method": "deterministic_joint_state_belief_propagation",
  "objective_estimate": 1.844703597409107,
  "status": "same_as_normal_no_violations",
  "tail_interval_width": 0.00047006150552952874,
  "total_belief_nodes": 24511,
  "unrestricted_upper_minus_restricted_lower": 0.02215408080844483,
  "upper_objective": 1.8449386281618718,
  "upper_values": [
    1.8610000551578718,
    2.2038266148137255,
    1.85160047378271,
    1.717734875072308,
    1.717734875072308,
    1.717734875072308
  ]
}