{
  "horizon": 95,
  "lower_objective": 5.526241085389337,
  "lower_values": [
    5.255534527579714,
    5.255534527579714,
    5.6615943642941495,
    5.6615943642941495,
    5.6615943642941495,
    5.6615943642941495
  ],
  "method": "deterministic_joint_state_belief_propagation",
  "objective_estimate": 5.526476116142083,
  "status": "ok",
  "tail_interval_width": 0.00047006150549222525,
  "total_belief_nodes": 20588,
  "upper_objective": 5.526711146894829,
  "upper_values": [
    5.256004589085206,
    5.256004589085206,
    5.662064425799642,
    5.662064425799642,
    5.662064425799642,
    5.662064425799642
  ]
}