{
  "horizon": 95,
  "lower_objective": 2.325850737752606,
  "lower_values": [
    2.0901777361363862,
    2.292188760093265,
    2.292188760093265,
    2.292188760093265,
    2.6961716500061907,
    2.292188760093265
  ],
  "method": "deterministic_joint_state_belief_propagation",
  "objective_estimate": 2.3260857685053535,
  "status": "ok",
  "tail_interval_width": 0.0004700615054944457,
  "total_belief_nodes": 14221,
  "upper_objective": 2.3263207992581005,
  "upper_values": [
    2.0906477976418802,
    2.2926588215987596,
    2.2926588215987596,
    2.2926588215987596,
    2.6966417115116856,
    2.2926588215987596
  ]
}