{
  "action_encoding": {
    "formula": "action = prescription_index * n_receiver_actions + receiver_action",
    "solver_jpo_action_offset": 1,
    "state_zero_bit": "most_significant"
  },
  "bounds": {
    "gap": 0.8459668293387397,
    "lower_objective": 3.2222191351301417,
    "lower_values": [
      3.397450680995288,
      2.9736815285946516,
      3.397450680995288,
      3.397450680995288,
      3.397450680995288,
      2.7698305582050473
    ],
    "root_gap": 0.8459668293387393,
    "root_lower_objective": 3.2222191351301412,
    "root_upper_objective": 4.0681859644688805,
    "upper_objective": 4.068185964468881,
    "upper_values": [
      4.132839754129104,
      3.9021801420823627,
      4.350419308082439,
      4.132839754129104,
      4.240678648045726,
      3.6501581803445537
    ]
  },
  "initialization": {
    "initial_beliefs": [
      [
        1.0,
        0.0,
        0.0,
        0.0,
        0.0,
        0.0
      ],
      [
        0.0,
        1.0,
        0.0,
        0.0,
        0.0,
        0.0
      ],
      [
        0.0,
        0.0,
        1.0,
        0.0,
        0.0,
        0.0
      ],
      [
        0.0,
        0.0,
        0.0,
        1.0,
        0.0,
        0.0
      ],
      [
        0.0,
        0.0,
        0.0,
        0.0,
        1.0,
        0.0
      ],
      [
        0.0,
        0.0,
        0.0,
        0.0,
        0.0,
        1.0
      ]
    ],
    "initial_weights": [
      0.16666666666666666,
      0.16666666666666666,
      0.16666666666666666,
      0.16666666666666666,
      0.16666666666666666,
      0.16666666666666666
    ],
    "kind": "single synthetic root revealing a uniformly sampled physical state",
    "root_value_scale": "V_root / gamma, gamma=0.9"
  },
  "model": {
    "beta": 0.6666666666666666,
    "epsilon": 0.27,
    "gamma": 0.9,
    "mdp_density": 0.5,
    "mdp_seed": 1111,
    "mdp_sha256": "580f9fa806b22e34e0f0d1010a1012409199158e69e3f71c129e1c5119fb8d6a",
    "n_jpo_actions": 128,
    "n_prescriptions": 64,
    "n_receiver_actions": 2,
    "n_states": 6
  },
  "runtime": {
    "julia": "1.12.6",
    "native_sarsop": "0.1.4",
    "pomdp_tools": "1.1.0",
    "pomdps": "1.0.0"
  },
  "solver": {
    "delta": 0.0001,
    "export_beliefs": false,
    "initial_bound_max_time": 30.0,
    "initial_bound_residual": 1e-08,
    "initial_upper_bound": "fib",
    "kappa": 0.5,
    "max_steps": 1000000,
    "max_time": 700.0,
    "precision": 0.01,
    "prune_threshold": 0.1,
    "search_epsilon": 0.01,
    "use_binning": true
  },
  "training": {
    "alpha_count": 21,
    "belief_count": 1666036,
    "elapsed_seconds": 949.8863070011139,
    "history": [
      {
        "elapsed_seconds": 1.2159347534179688e-05,
        "initial_gap": 114.18754878938208,
        "initial_lower_objective": -110.00000000000004,
        "initial_upper_objective": 4.187548789382044,
        "iteration": 0,
        "root_gap": 102.76879391044388,
        "root_lower": -99.00000000000004,
        "root_upper": 3.7687939104438395
      },
      {
        "elapsed_seconds": 0.0208740234375,
        "initial_gap": 1.194986020052376,
        "initial_lower_objective": 2.9925627693296675,
        "initial_upper_objective": 4.187548789382044,
        "iteration": 1,
        "root_gap": 1.0754874180471385,
        "root_lower": 2.693306492396701,
        "root_upper": 3.7687939104438395
      },
      {
        "elapsed_seconds": 0.036062002182006836,
        "initial_gap": 0.9958465438724328,
        "initial_lower_objective": 3.191702245509611,
        "initial_upper_objective": 4.187548789382044,
        "iteration": 2,
        "root_gap": 0.8962618894851895,
        "root_lower": 2.87253202095865,
        "root_upper": 3.7687939104438395
      },
      {
        "elapsed_seconds": 0.06256222724914551,
        "initial_gap": 0.9703613203946339,
        "initial_lower_objective": 3.2171874677527574,
        "initial_upper_objective": 4.187548788147391,
        "iteration": 3,
        "root_gap": 0.8733251883551705,
        "root_lower": 2.895468720977482,
        "root_upper": 3.7687939093326523
      },
      {
        "elapsed_seconds": 0.09983301162719727,
        "initial_gap": 0.9682626662903389,
        "initial_lower_objective": 3.2192861218570523,
        "initial_upper_objective": 4.187548788147391,
        "iteration": 4,
        "root_gap": 0.871436399661305,
        "root_lower": 2.8973575096713473,
        "root_upper": 3.7687939093326523
      },
      {
        "elapsed_seconds": 0.14759206771850586,
        "initial_gap": 0.9670327631807366,
        "initial_lower_objective": 3.220516024966655,
        "initial_upper_objective": 4.187548788147391,
        "iteration": 5,
        "root_gap": 0.870329486862663,
        "root_lower": 2.8984644224699894,
        "root_upper": 3.7687939093326523
      },
      {
        "elapsed_seconds": 0.4007720947265625,
        "initial_gap": 0.9666792227607137,
        "initial_lower_objective": 3.2208695653866775,
        "initial_upper_objective": 4.187548788147391,
        "iteration": 6,
        "root_gap": 0.8700113004846424,
        "root_lower": 2.89878260884801,
        "root_upper": 3.7687939093326523
      },
      {
        "elapsed_seconds": 0.48210620880126953,
        "initial_gap": 0.9664509244288988,
        "initial_lower_objective": 3.2210978637184926,
        "initial_upper_objective": 4.187548788147391,
        "iteration": 7,
        "root_gap": 0.8698058319860089,
        "root_lower": 2.8989880773466434,
        "root_upper": 3.7687939093326523
      },
      {
        "elapsed_seconds": 0.5854980945587158,
        "initial_gap": 0.9661308255643715,
        "initial_lower_objective": 3.2214179625830197,
        "initial_upper_objective": 4.187548788147391,
        "iteration": 8,
        "root_gap": 0.8695177430079344,
        "root_lower": 2.899276166324718,
        "root_upper": 3.7687939093326523
      },
      {
        "elapsed_seconds": 0.7687561511993408,
        "initial_gap": 0.9656464658721865,
        "initial_lower_objective": 3.221902322275205,
        "initial_upper_objective": 4.187548788147391,
        "iteration": 9,
        "root_gap": 0.8690818192849679,
        "root_lower": 2.8997120900476845,
        "root_upper": 3.7687939093326523
      },
      {
        "elapsed_seconds": 0.9168171882629395,
        "initial_gap": 0.9655325421808476,
        "initial_lower_objective": 3.2220162459665436,
        "initial_upper_objective": 4.187548788147391,
        "iteration": 10,
        "root_gap": 0.8689792879627629,
        "root_lower": 2.8998146213698894,
        "root_upper": 3.7687939093326523
      },
      {
        "elapsed_seconds": 1.0875751972198486,
        "initial_gap": 0.965526358458968,
        "initial_lower_objective": 3.2220224296884235,
        "initial_upper_objective": 4.187548788147391,
        "iteration": 11,
        "root_gap": 0.8689737226130712,
        "root_lower": 2.899820186719581,
        "root_upper": 3.7687939093326523
      },
      {
        "elapsed_seconds": 1.2948291301727295,
        "initial_gap": 0.9655259866215828,
        "initial_lower_objective": 3.2220228015258083,
        "initial_upper_objective": 4.187548788147391,
        "iteration": 12,
        "root_gap": 0.8689733879594246,
        "root_lower": 2.8998205213732278,
        "root_upper": 3.7687939093326523
      },
      {
        "elapsed_seconds": 1.5338811874389648,
        "initial_gap": 0.9655096987578703,
        "initial_lower_objective": 3.222039089389521,
        "initial_upper_objective": 4.187548788147391,
        "iteration": 13,
        "root_gap": 0.8689587288820833,
        "root_lower": 2.899835180450569,
        "root_upper": 3.7687939093326523
      },
      {
        "elapsed_seconds": 1.785534143447876,
        "initial_gap": 0.9655062975336371,
        "initial_lower_objective": 3.222042490613754,
        "initial_upper_objective": 4.187548788147391,
        "iteration": 14,