{
  "horizon": 95,
  "lower_objective": 3.185716911863114,
  "lower_values": [
    3.121876218864363,
    2.9839276117267888,
    3.438492065139988,
    3.009637291443195,
    3.121876218864363,
    3.438492065139988
  ],
  "method": "deterministic_joint_state_belief_propagation",
  "objective_estimate": 3.1859519426158602,
  "status": "same_as_normal_no_violations",
  "tail_interval_width": 0.00047006150549266934,
  "total_belief_nodes": 73691,
  "unrestricted_upper_minus_restricted_lower": 0.011173242730314836,
  "upper_objective": 3.186186973368607,
  "upper_values": [
    3.1223462803698543,
    2.9843976732322814,
    3.4389621266454817,
    3.0101073529486873,
    3.1223462803698543,
    3.4389621266454817
  ]
}