{
  "horizon": 95,
  "lower_objective": 2.4362226163322718,
  "lower_values": [
    2.678604449470863,
    2.678604449470863,
    2.334567895206152,
    2.334567895206152,
    2.257010366572977,
    2.333980642066624
  ],
  "method": "deterministic_joint_state_belief_propagation",
  "objective_estimate": 2.4364576470850183,
  "status": "ok",
  "tail_interval_width": 0.00047006150549311343,
  "total_belief_nodes": 100586,
  "upper_objective": 2.436692677837765,
  "upper_values": [
    2.6790745109763567,
    2.6790745109763567,
    2.335037956711644,
    2.335037956711644,
    2.2574804280784724,
    2.3344507035721156
  ]
}