{
  "horizon": 95,
  "lower_objective": 3.2601293826055895,
  "lower_values": [
    2.988575472117187,
    3.477484815612826,
    2.988575472117187,
    3.477484815612826,
    3.151170904560685,
    3.477484815612826
  ],
  "method": "deterministic_joint_state_belief_propagation",
  "objective_estimate": 3.260364413358336,
  "status": "same_as_normal_no_violations",
  "tail_interval_width": 0.0004700615054935575,
  "total_belief_nodes": 47146,
  "unrestricted_upper_minus_restricted_lower": 0.036786919008333197,
  "upper_objective": 3.260599444111083,
  "upper_values": [
    2.9890455336226807,
    3.47795487711832,
    2.9890455336226807,
    3.47795487711832,
    3.1516409660661786,
    3.47795487711832
  ]
}