{
  "action_encoding": {
    "formula": "action = prescription_index * n_receiver_actions + receiver_action",
    "solver_jpo_action_offset": 1,
    "state_zero_bit": "most_significant"
  },
  "bounds": {
    "gap": 0.010423294817905493,
    "lower_objective": 5.111867776094693,
    "lower_values": [
      5.287262489330795,
      4.932961127281913,
      5.287248788501135,
      5.287262489330795,
      5.287248788501135,
      4.589222973622386
    ],
    "root_gap": 0.0105417009151597,
    "root_lower_objective": 5.111867776094694,
    "root_upper_objective": 5.122409477009853,
    "upper_objective": 5.122291070912598,
    "upper_values": [
      5.294856729449684,
      4.948905727135249,
      5.302786592961763,
      5.294274138862621,
      5.294040644760437,
      4.598882592305836
    ]
  },
  "initialization": {
    "initial_beliefs": [
      [
        1.0,
        0.0,
        0.0,
        0.0,
        0.0,
        0.0
      ],
      [
        0.0,
        1.0,
        0.0,
        0.0,
        0.0,
        0.0
      ],
      [
        0.0,
        0.0,
        1.0,
        0.0,
        0.0,
        0.0
      ],
      [
        0.0,
        0.0,
        0.0,
        1.0,
        0.0,
        0.0
      ],
      [
        0.0,
        0.0,
        0.0,
        0.0,
        1.0,
        0.0
      ],
      [
        0.0,
        0.0,
        0.0,
        0.0,
        0.0,
        1.0
      ]
    ],
    "initial_weights": [
      0.16666666666666666,
      0.16666666666666666,
      0.16666666666666666,
      0.16666666666666666,
      0.16666666666666666,
      0.16666666666666666
    ],
    "kind": "single synthetic root revealing a uniformly sampled physical state",
    "root_value_scale": "V_root / gamma, gamma=0.9"
  },
  "model": {
    "beta": 0.0,
    "epsilon": 0.020000000000000004,
    "gamma": 0.9,
    "mdp_density": 0.5,
    "mdp_seed": 1111,
    "mdp_sha256": "580f9fa806b22e34e0f0d1010a1012409199158e69e3f71c129e1c5119fb8d6a",
    "n_jpo_actions": 128,
    "n_prescriptions": 64,
    "n_receiver_actions": 2,
    "n_states": 6
  },
  "runtime": {
    "julia": "1.12.6",
    "native_sarsop": "0.1.4",
    "pomdp_tools": "1.1.0",
    "pomdps": "1.0.0"
  },
  "solver": {
    "delta": 0.0001,
    "export_beliefs": false,
    "initial_bound_max_time": 30.0,
    "initial_bound_residual": 1e-08,
    "initial_upper_bound": "fully_observable",
    "kappa": 0.5,
    "max_steps": 1000000,
    "max_time": 500.0,
    "precision": 0.01,
    "prune_threshold": 0.1,
    "search_epsilon": 0.01,
    "use_binning": true
  },
  "training": {
    "alpha_count": 8,
    "belief_count": 712468,
    "elapsed_seconds": 4.098989009857178,
    "history": [
      {
        "elapsed_seconds": 1.5020370483398438e-05,
        "initial_gap": 115.12945975387242,
        "initial_lower_objective": -110.00000000000004,
        "initial_upper_objective": 5.129459753872374,
        "iteration": 0,
        "root_gap": 103.61651377848519,
        "root_lower": -99.00000000000004,
        "root_upper": 4.616513778485137
      },
      {
        "elapsed_seconds": 0.01158905029296875,
        "initial_gap": 1.4975837523600561,
        "initial_lower_objective": 3.6318760015123184,
        "initial_upper_objective": 5.129459753872374,
        "iteration": 1,
        "root_gap": 1.3478253771240505,
        "root_lower": 3.2686884013610866,
        "root_upper": 4.616513778485137
      },
      {
        "elapsed_seconds": 0.04023098945617676,
        "initial_gap": 0.8623826296972072,
        "initial_lower_objective": 4.2670771228045945,
        "initial_upper_objective": 5.129459752501802,
        "iteration": 2,
        "root_gap": 0.7761443667274865,
        "root_lower": 3.840369410524135,
        "root_upper": 4.616513777251622
      },
      {
        "elapsed_seconds": 0.0783700942993164,
        "initial_gap": 0.37945640435217715,
        "initial_lower_objective": 4.749026291028509,
        "initial_upper_objective": 5.1284826953806855,
        "iteration": 3,
        "root_gap": 0.34151076391695945,
        "root_lower": 4.274123661925658,
        "root_upper": 4.615634425842617
      },
      {
        "elapsed_seconds": 0.16242003440856934,
        "initial_gap": 0.25599079282128023,
        "initial_lower_objective": 4.871563400826252,
        "initial_upper_objective": 5.127554193647533,
        "iteration": 4,
        "root_gap": 0.23039171353915222,
        "root_lower": 4.384407060743627,
        "root_upper": 4.61479877428278
      },
      {
        "elapsed_seconds": 0.24030709266662598,
        "initial_gap": 0.18781747078367278,
        "initial_lower_objective": 4.939418100933378,
        "initial_upper_objective": 5.12723557171705,
        "iteration": 5,
        "root_gap": 0.1690357237053055,
        "root_lower": 4.44547629084004,
        "root_upper": 4.614512014545346
      },
      {
        "elapsed_seconds": 0.32855916023254395,
        "initial_gap": 0.17020467976364903,
        "initial_lower_objective": 4.956536218057573,
        "initial_upper_objective": 5.126740897821222,
        "iteration": 6,
        "root_gap": 0.15318421178728414,
        "root_lower": 4.460882596251816,
        "root_upper": 4.6140668080391
      },
      {
        "elapsed_seconds": 0.4600491523742676,
        "initial_gap": 0.1130028156195875,
        "initial_lower_objective": 5.013738082201635,
        "initial_upper_objective": 5.126740897821222,
        "iteration": 7,
        "root_gap": 0.10170253405762875,
        "root_lower": 4.512364273981471,
        "root_upper": 4.6140668080391
      },
      {
        "elapsed_seconds": 0.616814136505127,
        "initial_gap": 0.08153077496132848,
        "initial_lower_objective": 5.044929662943368,
        "initial_upper_objective": 5.126460437904696,
        "iteration": 8,
        "root_gap": 0.07337769746519562,
        "root_lower": 4.5404366966490315,
        "root_upper": 4.613814394114227
      },
      {
        "elapsed_seconds": 0.625108003616333,
        "initial_gap": 0.0784504518787167,
        "initial_lower_objective": 5.047843271128247,
        "initial_upper_objective": 5.126293723006964,
        "iteration": 9,
        "root_gap": 0.07060540669084503,
        "root_lower": 4.5430589440154225,
        "root_upper": 4.613664350706268
      },
      {
        "elapsed_seconds": 0.9192020893096924,
        "initial_gap": 0.06006354653980534,
        "initial_lower_objective": 5.066230176467158,
        "initial_upper_objective": 5.126293723006964,
        "iteration": 10,
        "root_gap": 0.05405719188582481,
        "root_lower": 4.559607158820443,
        "root_upper": 4.613664350706268
      },
      {
        "elapsed_seconds": 1.0570149421691895,
        "initial_gap": 0.04353236139987812,
        "initial_lower_objective": 5.081562664856077,
        "initial_upper_objective": 5.125095026255955,
        "iteration": 11,
        "root_gap": 0.03917912525989031,
        "root_lower": 4.573406398370469,
        "root_upper": 4.61258552363036
      },
      {
        "elapsed_seconds": 1.061980962753296,
        "initial_gap": 0.04208995862923004,
        "initial_lower_objective": 5.082995582634893,
        "initial_upper_objective": 5.125085541264123,
        "iteration": 12,
        "root_gap": 0.037880962766307036,
        "root_lower": 4.574696024371404,
        "root_upper": 4.612576987137711
      },
      {
        "elapsed_seconds": 1.2289659976959229,
        "initial_gap": 0.03958229657664249,
        "initial_lower_objective": 5.085503244687481,
        "initial_upper_objective": 5.125085541264123,
        "iteration": 13,
        "root_gap": 0.03562406691897824,
        "root_lower": 4.576952920218733,
        "root_upper": 4.612576987137711
      },
      {
        "elapsed_seconds": 1.3963871002197266,
        "initial_gap": 0.03032145890238406,
        "initial_lower_objective": 5.094757840960185,
        "initial_upper_objective": 5.125079299862569,
        "iteration": 14,