{
  "horizon": 95,
  "lower_objective": 3.6349523494084752,
  "lower_values": [
    3.3785465018093674,
    3.3785465018093674,
    4.13258256131689,
    3.4580209005142737,
    3.329435069684063,
    4.13258256131689
  ],
  "method": "deterministic_joint_state_belief_propagation",
  "objective_estimate": 3.635187380161222,
  "status": "same_as_normal_no_violations",
  "tail_interval_width": 0.0004700615054940016,
  "total_belief_nodes": 22634,
  "unrestricted_upper_minus_restricted_lower": 0.009712049146732848,
  "upper_objective": 3.6354224109139692,
  "upper_values": [
    3.379016563314862,
    3.379016563314862,
    4.133052622822384,
    3.458490962019766,
    3.329905131189558,
    4.133052622822384
  ]
}