{
  "horizon": 95,
  "lower_objective": 2.6742317978570753,
  "lower_values": [
    2.6831457846517885,
    2.6831457846517885,
    2.6831457846517885,
    2.9184502608622105,
    2.394357387673089,
    2.6831457846517885
  ],
  "method": "deterministic_joint_state_belief_propagation",
  "objective_estimate": 2.6744668286098228,
  "status": "same_as_normal_no_violations",
  "tail_interval_width": 0.0004700615054948898,
  "total_belief_nodes": 27528,
  "unrestricted_upper_minus_restricted_lower": 0.011150575421815745,
  "upper_objective": 2.67470185936257,
  "upper_values": [
    2.683615846157284,
    2.683615846157284,
    2.683615846157284,
    2.918920322367704,
    2.3948274491785817,
    2.683615846157284
  ]
}