{
  "horizon": 95,
  "lower_objective": 2.3291165924205854,
  "lower_values": [
    2.0932359647276177,
    2.295497712957328,
    2.295497712957328,
    2.295497712957328,
    2.699472737966584,
    2.295497712957328
  ],
  "method": "deterministic_joint_state_belief_propagation",
  "objective_estimate": 2.329351623173332,
  "status": "ok",
  "tail_interval_width": 0.00047006150549311343,
  "total_belief_nodes": 15403,
  "upper_objective": 2.3295866539260786,
  "upper_values": [
    2.0937060262331113,
    2.295967774462821,
    2.295967774462821,
    2.295967774462821,
    2.699942799472078,
    2.295967774462821
  ]
}