{
  "horizon": 95,
  "lower_objective": 3.636079197532923,
  "lower_values": [
    3.3796696134489,
    3.3796696134489,
    4.133509618837658,
    3.4593287774280017,
    3.3307879431964245,
    4.133509618837658
  ],
  "method": "deterministic_joint_state_belief_propagation",
  "objective_estimate": 3.63631422828567,
  "status": "same_as_normal_no_violations",
  "tail_interval_width": 0.00047006150549311343,
  "total_belief_nodes": 22162,
  "unrestricted_upper_minus_restricted_lower": 0.010504510140300294,
  "upper_objective": 3.636549259038416,
  "upper_values": [
    3.380139674954394,
    3.380139674954394,
    4.133979680343148,
    3.459798838933495,
    3.33125800470192,
    4.133979680343148
  ]
}