{
  "horizon": 95,
  "lower_objective": 5.523086664647321,
  "lower_values": [
    5.293050776479221,
    5.682752735269688,
    5.682752735269688,
    5.682752735269688,
    5.682752735269688,
    5.114458270325956
  ],
  "method": "deterministic_joint_state_belief_propagation",
  "objective_estimate": 5.523321695400068,
  "status": "same_as_normal_no_violations",
  "tail_interval_width": 0.0004700615054940016,
  "total_belief_nodes": 9768,
  "unrestricted_upper_minus_restricted_lower": 0.010299128447222472,
  "upper_objective": 5.523556726152815,
  "upper_values": [
    5.293520837984716,
    5.683222796775182,
    5.683222796775182,
    5.683222796775182,
    5.683222796775182,
    5.114928331831451
  ]
}