iteration	elapsed_seconds	root_lower	root_upper	root_gap
0.0	8.106231689453125e-6	-99.00000000000004	2.305791499842656	101.3057914998427
1.0	0.0003731250762939453	2.3037492661824497	2.305791499842656	0.002042233660206172
