{
  "action_encoding": {
    "formula": "action = prescription_index * n_receiver_actions + receiver_action",
    "solver_jpo_action_offset": 1,
    "state_zero_bit": "most_significant"
  },
  "bounds": {
    "gap": 0.12226126838518425,
    "lower_objective": 2.8487494394726154,
    "lower_values": [
      3.08554999570293,
      2.825165912141461,
      3.085804879921821,
      2.613556398305937,
      2.825165912141461,
      2.657253538622083
    ],
    "root_gap": 0.12486138185287801,
    "root_lower_objective": 2.8487494394726154,
    "root_upper_objective": 2.9736108213254933,
    "upper_objective": 2.9710107078577996,
    "upper_values": [
      3.199695456752156,
      2.9701164524426202,
      3.1921065899192786,
      2.7247884227375474,
      2.942930934900988,
      2.7964263903942097
    ]
  },
  "initialization": {
    "initial_beliefs": [
      [
        1.0,
        0.0,
        0.0,
        0.0,
        0.0,
        0.0
      ],
      [
        0.0,
        1.0,
        0.0,
        0.0,
        0.0,
        0.0
      ],
      [
        0.0,
        0.0,
        1.0,
        0.0,
        0.0,
        0.0
      ],
      [
        0.0,
        0.0,
        0.0,
        1.0,
        0.0,
        0.0
      ],
      [
        0.0,
        0.0,
        0.0,
        0.0,
        1.0,
        0.0
      ],
      [
        0.0,
        0.0,
        0.0,
        0.0,
        0.0,
        1.0
      ]
    ],
    "initial_weights": [
      0.16666666666666666,
      0.16666666666666666,
      0.16666666666666666,
      0.16666666666666666,
      0.16666666666666666,
      0.16666666666666666
    ],
    "kind": "single synthetic root revealing a uniformly sampled physical state",
    "root_value_scale": "V_root / gamma, gamma=0.9"
  },
  "model": {
    "beta": 0.05,
    "epsilon": 0.030000000000000006,
    "gamma": 0.9,
    "mdp_density": 0.5,
    "mdp_seed": 1073505471,
    "mdp_sha256": "ae5f6ae926f73beac3390331646f3480572191c63c47222abdb14e4a2068ae76",
    "n_jpo_actions": 128,
    "n_prescriptions": 64,
    "n_receiver_actions": 2,
    "n_states": 6
  },
  "runtime": {
    "julia": "1.12.6",
    "native_sarsop": "0.1.4",
    "pomdp_tools": "1.1.0",
    "pomdps": "1.0.0"
  },
  "solver": {
    "delta": 0.0001,
    "export_beliefs": false,
    "initial_bound_max_time": 30.0,
    "initial_bound_residual": 1e-08,
    "initial_upper_bound": "fully_observable",
    "kappa": 0.5,
    "max_steps": 1000000,
    "max_time": 600.0,
    "precision": 0.01,
    "prune_threshold": 0.1,
    "search_epsilon": 0.01,
    "use_binning": true
  },
  "training": {
    "alpha_count": 14,
    "belief_count": 788320,
    "elapsed_seconds": 979.5288009643555,
    "history": [
      {
        "elapsed_seconds": 4.1961669921875e-05,
        "initial_gap": 113.00073054884926,
        "initial_lower_objective": -110.00000000000004,
        "initial_upper_objective": 3.0007305488492255,
        "iteration": 0,
        "root_gap": 101.70065749396434,
        "root_lower": -99.00000000000004,
        "root_upper": 2.700657493964303
      },
      {
        "elapsed_seconds": 0.05557703971862793,
        "initial_gap": 0.9927987389416513,
        "initial_lower_objective": 2.007931809907574,
        "initial_upper_objective": 3.0007305488492255,
        "iteration": 1,
        "root_gap": 0.8935188650474861,
        "root_lower": 1.8071386289168168,
        "root_upper": 2.700657493964303
      },
      {
        "elapsed_seconds": 0.09493494033813477,
        "initial_gap": 0.20143018543769456,
        "initial_lower_objective": 2.7993003634115308,
        "initial_upper_objective": 3.0007305488492255,
        "iteration": 2,
        "root_gap": 0.1812871668939251,
        "root_lower": 2.519370327070378,
        "root_upper": 2.700657493964303
      },
      {
        "elapsed_seconds": 0.1613929271697998,
        "initial_gap": 0.16217928179644897,
        "initial_lower_objective": 2.8385512641648147,
        "initial_upper_objective": 3.0007305459612637,
        "iteration": 3,
        "root_gap": 0.14596135361680407,
        "root_lower": 2.5546961377483335,
        "root_upper": 2.7006574913651376
      },
      {
        "elapsed_seconds": 0.17003393173217773,
        "initial_gap": 0.1612950502850986,
        "initial_lower_objective": 2.839435493396739,
        "initial_upper_objective": 3.0007305436818372,
        "iteration": 4,
        "root_gap": 0.14516554525658876,
        "root_lower": 2.555491944057065,
        "root_upper": 2.7006574893136537
      },
      {
        "elapsed_seconds": 0.18178296089172363,
        "initial_gap": 0.15862765929823927,
        "initial_lower_objective": 2.840285333736633,
        "initial_upper_objective": 2.9989129930348724,
        "iteration": 5,
        "root_gap": 0.14276489336841536,
        "root_lower": 2.55625680036297,
        "root_upper": 2.6990216937313853
      },
      {
        "elapsed_seconds": 0.3100860118865967,
        "initial_gap": 0.1526841206626411,
        "initial_lower_objective": 2.8462288723722313,
        "initial_upper_objective": 2.9989129930348724,
        "iteration": 6,
        "root_gap": 0.13741570859637697,
        "root_lower": 2.5616059851350084,
        "root_upper": 2.6990216937313853
      },
      {
        "elapsed_seconds": 0.49164700508117676,
        "initial_gap": 0.1516225142724201,
        "initial_lower_objective": 2.8472904787624524,
        "initial_upper_objective": 2.9989129930348724,
        "iteration": 7,
        "root_gap": 0.1364602628451781,
        "root_lower": 2.5625614308862072,
        "root_upper": 2.6990216937313853
      },
      {
        "elapsed_seconds": 0.6180100440979004,
        "initial_gap": 0.15087079488772107,
        "initial_lower_objective": 2.8480421981471515,
        "initial_upper_objective": 2.9989129930348724,
        "iteration": 8,
        "root_gap": 0.13578371539894896,
        "root_lower": 2.5632379783324364,
        "root_upper": 2.6990216937313853
      },
      {
        "elapsed_seconds": 0.8373780250549316,
        "initial_gap": 0.15033081184896335,
        "initial_lower_objective": 2.8482900748319326,
        "initial_upper_objective": 2.9986208866808957,
        "iteration": 9,
        "root_gap": 0.13529773066406703,
        "root_lower": 2.5634610673487392,
        "root_upper": 2.6987587980128063
      },
      {
        "elapsed_seconds": 1.1022188663482666,
        "initial_gap": 0.15004173983625968,
        "initial_lower_objective": 2.848579146844636,
        "initial_upper_objective": 2.9986208866808957,
        "iteration": 10,
        "root_gap": 0.1350375658526337,
        "root_lower": 2.5637212321601726,
        "root_upper": 2.6987587980128063
      },
      {
        "elapsed_seconds": 1.6613759994506836,
        "initial_gap": 0.14636989481605708,
        "initial_lower_objective": 2.848626112723899,
        "initial_upper_objective": 2.9949960075399558,
        "iteration": 11,
        "root_gap": 0.13173290533445137,
        "root_lower": 2.563763501451509,
        "root_upper": 2.6954964067859604
      },
      {
        "elapsed_seconds": 2.046869993209839,
        "initial_gap": 0.1452632792171688,
        "initial_lower_objective": 2.848657879174807,
        "initial_upper_objective": 2.993921158391976,
        "iteration": 12,
        "root_gap": 0.13073695129545193,
        "root_lower": 2.5637920912573264,
        "root_upper": 2.6945290425527784
      },
      {
        "elapsed_seconds": 2.3268089294433594,
        "initial_gap": 0.131956614781538,
        "initial_lower_objective": 2.8486852923006944,
        "initial_upper_objective": 2.9806419070822323,
        "iteration": 13,
        "root_gap": 0.11876095330338421,
        "root_lower": 2.563816763070625,
        "root_upper": 2.682577716374009
      },
      {
        "elapsed_seconds": 2.59224796295166,
        "initial_gap": 0.13195137235122298,
        "initial_lower_objective": 2.8486905347310096,