{
  "horizon": 95,
  "lower_objective": 2.6884138469844734,
  "lower_values": [
    2.6966762711721977,
    2.6966762711721977,
    2.6966762711721977,
    2.9337153814799053,
    2.410062615738146,
    2.6966762711721977
  ],
  "method": "deterministic_joint_state_belief_propagation",
  "objective_estimate": 2.6886488777372204,
  "status": "ok",
  "tail_interval_width": 0.0004700615054935575,
  "total_belief_nodes": 27531,
  "upper_objective": 2.688883908489967,
  "upper_values": [
    2.6971463326776917,
    2.6971463326776917,
    2.6971463326776917,
    2.934185442985397,
    2.4105326772436384,
    2.6971463326776917
  ]
}