{
  "horizon": 95,
  "lower_objective": 2.0800962760400727,
  "lower_values": [
    1.9958623038795404,
    2.0489436797614062,
    1.9656397744373972,
    1.9958623038795404,
    2.0489436797614062,
    2.425325914521145
  ],
  "method": "deterministic_joint_state_belief_propagation",
  "objective_estimate": 2.080331306792819,
  "status": "same_as_normal_no_violations",
  "tail_interval_width": 0.00047006150549311343,
  "total_belief_nodes": 49923,
  "unrestricted_upper_minus_restricted_lower": 0.016183033197126218,
  "upper_objective": 2.080566337545566,
  "upper_values": [
    1.9963323653850327,
    2.0494137412669,
    1.9661098359428906,
    1.9963323653850327,
    2.0494137412669,
    2.425795976026638
  ]
}