{
  "alpha_vector_count": 4,
  "analysis_discounted_tail_bound": 9.90526314525898e-09,
  "analysis_horizon": 2292,
  "analysis_total_belief_nodes": 171046,
  "beta": 0.0,
  "beta_index": 0,
  "discounted_transmission_occupancy": 54.65166323904971,
  "epsilon": 0.01,
  "epsilon_index": 0,
  "gamma": 0.99,
  "gamma_index": 1,
  "index": 40,
  "margin": -0.9800999999999992,
  "margin_region": "m<0",
  "mdp_seed": 1111,
  "normal_minus_restricted_lower": 5.955578229836135,
  "normal_minus_restricted_upper": 5.956573157329089,
  "normal_minus_restricted_value": 5.956075693582605,
  "normal_policy_horizon": 1215,
  "normal_policy_interval_width": 0.0004974637464556508,
  "normal_policy_lower_bound": 51.386127107573955,
  "normal_policy_total_belief_nodes": 540981,
  "normal_policy_upper_bound": 51.38662457132041,
  "normal_policy_value": 51.38637583944718,
  "point_id": "g1_b00_e00",
  "restricted_lower_bound_status": "ok",
  "restricted_policy_horizon": 1215,
  "restricted_policy_interval_width": 0.0004974637464982834,
  "restricted_policy_lower_bound": 45.43005141399132,
  "restricted_policy_total_belief_nodes": 374939,
  "restricted_policy_upper_bound": 45.43054887773782,
  "reused_solver_checkpoint": false,
  "root_gap": 12.737684987354681,
  "sampled_belief_count": 7450654,
  "sarsop_gap": 12.737602804945858,
  "sarsop_lower_bound": 38.94345373123977,
  "sarsop_upper_bound": 51.68105653618563,
  "solver_elapsed_seconds": 515.4295928478241,
  "solver_iterations": 19,
  "solver_stop_reason": "max_time",
  "status": "ok",
  "unrestricted_upper_minus_restricted_lower": 6.251005122194307,
  "violation_count": 64,
  "violation_discounted_event_occupancy": 32.44689656641457,
  "violation_first_depth_max": 23,
  "violation_first_depth_min": 0
}