{
  "horizon": 95,
  "lower_objective": 3.813872512532761,
  "lower_values": [
    3.7036066856910823,
    3.9839057774863513,
    3.524304371355349,
    3.7036066856910823,
    3.9839057774863513,
    3.9839057774863513
  ],
  "method": "deterministic_joint_state_belief_propagation",
  "objective_estimate": 3.814107543285508,
  "status": "same_as_normal_no_violations",
  "tail_interval_width": 0.0004700615054944457,
  "total_belief_nodes": 49991,
  "unrestricted_upper_minus_restricted_lower": 0.02109311719775331,
  "upper_objective": 3.8143425740382555,
  "upper_values": [
    3.7040767471965776,
    3.984375838991845,
    3.5247744328608426,
    3.7040767471965776,
    3.984375838991845,
    3.984375838991845
  ]
}