{
  "horizon": 95,
  "lower_objective": 2.28252842239473,
  "lower_values": [
    2.2060462705826356,
    2.2060462705826356,
    2.5216383417951818,
    2.5216383417951818,
    2.2060462705826356,
    2.0337550390301105
  ],
  "method": "deterministic_joint_state_belief_propagation",
  "objective_estimate": 2.282763453147477,
  "status": "ok",
  "tail_interval_width": 0.0004700615054935575,
  "total_belief_nodes": 43318,
  "upper_objective": 2.2829984839002235,
  "upper_values": [
    2.2065163320881283,
    2.2065163320881283,
    2.522108403300675,
    2.522108403300675,
    2.2065163320881283,
    2.0342251005356067
  ]
}