{
  "horizon": 1215,
  "lower_objective": 47.90686258595497,
  "lower_values": [
    48.04927294844212,
    47.74375059637819,
    48.12933422987822,
    48.04927294844212,
    48.12933422987822,
    47.340210562710986
  ],
  "method": "deterministic_joint_state_belief_propagation",
  "objective_estimate": 47.907111317828345,
  "status": "ok",
  "tail_interval_width": 0.0004974637467398679,
  "total_belief_nodes": 852887,
  "unrestricted_upper_minus_restricted_lower": 3.7434828509958322,
  "upper_objective": 47.90736004970171,
  "upper_values": [
    48.04977041218885,
    47.7442480601249,
    48.129831693624965,
    48.04977041218885,
    48.129831693624965,
    47.34070802645775
  ]
}