{
  "alpha_vector_count": 4,
  "analysis_discounted_tail_bound": 9.90526314525898e-09,
  "analysis_horizon": 2292,
  "analysis_total_belief_nodes": 186940,
  "beta": 0.0,
  "beta_index": 0,
  "discounted_transmission_occupancy": 57.1688584340563,
  "epsilon": 0.09000000000000001,
  "epsilon_index": 8,
  "gamma": 0.99,
  "gamma_index": 1,
  "index": 48,
  "margin": -8.108099999999995,
  "margin_region": "m<0",
  "mdp_seed": 1111,
  "normal_minus_restricted_lower": -0.0004974642386059713,
  "normal_minus_restricted_upper": 0.0004974642804143059,
  "normal_minus_restricted_value": 2.0897061858704546e-11,
  "normal_policy_horizon": 1215,
  "normal_policy_interval_width": 0.0004974647722804093,
  "normal_policy_lower_bound": 47.9068625854631,
  "normal_policy_total_belief_nodes": 590940,
  "normal_policy_upper_bound": 47.90736005023538,
  "normal_policy_value": 47.90711131784924,
  "point_id": "g1_b00_e08",
  "restricted_lower_bound_status": "ok",
  "restricted_policy_horizon": 1215,
  "restricted_policy_interval_width": 0.0004974637467398679,
  "restricted_policy_lower_bound": 47.90686258595497,
  "restricted_policy_total_belief_nodes": 852887,
  "restricted_policy_upper_bound": 47.90736004970171,
  "reused_solver_checkpoint": false,
  "root_gap": 16.07996530782901,
  "sampled_belief_count": 4555636,
  "sarsop_gap": 16.079836252753054,
  "sarsop_lower_bound": 35.570509184197746,
  "sarsop_upper_bound": 51.6503454369508,
  "solver_elapsed_seconds": 3785.1598529815674,
  "solver_iterations": 12,
  "solver_stop_reason": "max_time",
  "status": "ok",
  "unrestricted_upper_minus_restricted_lower": 3.7434828509958322,
  "violation_count": 210,
  "violation_discounted_event_occupancy": 28.164971994934092,
  "violation_first_depth_max": 27,
  "violation_first_depth_min": 0
}