{
  "horizon": 95,
  "lower_objective": 1.1790434211996161,
  "lower_values": [
    1.0872826636129225,
    1.0872826636129225,
    1.0872826636129225,
    1.7049345933462652,
    1.1571478019311061,
    0.9503301410815587
  ],
  "method": "deterministic_joint_state_belief_propagation",
  "objective_estimate": 1.179278451952363,
  "status": "ok",
  "tail_interval_width": 0.0004700615054935575,
  "total_belief_nodes": 63077,
  "upper_objective": 1.1795134827051097,
  "upper_values": [
    1.0877527251184163,
    1.0877527251184163,
    1.0877527251184163,
    1.7054046548517574,
    1.157617863436599,
    0.9508002025870524
  ]
}