{
  "horizon": 95,
  "lower_objective": 3.2217457801696883,
  "lower_values": [
    3.43449661139364,
    3.016143870430108,
    3.1484458626002483,
    3.43449661139364,
    3.1484458626002483,
    3.1484458626002483
  ],
  "method": "deterministic_joint_state_belief_propagation",
  "objective_estimate": 3.2219808109224353,
  "status": "ok",
  "tail_interval_width": 0.0004700615054935575,
  "total_belief_nodes": 28462,
  "upper_objective": 3.222215841675182,
  "upper_values": [
    3.4349666728991317,
    3.0166139319356007,
    3.1489159241057423,
    3.4349666728991317,
    3.1489159241057423,
    3.1489159241057423
  ]
}