{
  "horizon": 95,
  "lower_objective": 4.757628540676493,
  "lower_values": [
    4.9319918593893535,
    4.569646676160488,
    4.9319918593893535,
    4.9319918593893535,
    4.9319918593893535,
    4.248157130341059
  ],
  "method": "deterministic_joint_state_belief_propagation",
  "objective_estimate": 4.757873692370748,
  "status": "ok",
  "tail_interval_width": 0.0004903033885099717,
  "total_belief_nodes": 38350,
  "upper_objective": 4.758118844065003,
  "upper_values": [
    4.932482162777864,
    4.570136979548994,
    4.932482162777864,
    4.932482162777864,
    4.932482162777864,
    4.248647433729568
  ]
}