{
  "horizon": 94,
  "lower_objective": 5.085203025422052,
  "lower_values": [
    5.260829963276866,
    4.902777030087481,
    5.260829963157551,
    5.260829963276866,
    5.260829963157551,
    4.565121269576
  ],
  "method": "deterministic_joint_state_belief_propagation",
  "objective_estimate": 5.085452925213185,
  "status": "ok",
  "tail_interval_width": 0.0004997995822657586,
  "total_belief_nodes": 29637,
  "upper_objective": 5.085702825004318,
  "upper_values": [
    5.261329762859108,
    4.903276829669723,
    5.261329762739888,
    5.261329762859108,
    5.261329762739888,
    4.565621069158193
  ]
}