{
  "horizon": 94,
  "lower_objective": 5.050135071089707,
  "lower_values": [
    5.22444234187642,
    4.8701186819939695,
    5.224617288211533,
    5.22444234187642,
    5.224617288211533,
    4.532572484368366
  ],
  "method": "deterministic_joint_state_belief_propagation",
  "objective_estimate": 5.050384970879974,
  "status": "ok",
  "tail_interval_width": 0.0004997995805338107,
  "total_belief_nodes": 56192,
  "unrestricted_upper_minus_restricted_lower": 0.046274879248136,
  "upper_objective": 5.05063487067024,
  "upper_values": [
    5.224942141456953,
    4.870618481574506,
    5.225117087792067,
    5.224942141456953,
    5.225117087792067,
    4.533072283948899
  ]
}