{
  "alpha_vector_count": 7,
  "analysis_discounted_tail_bound": 9.67774912024056e-09,
  "analysis_horizon": 197,
  "analysis_total_belief_nodes": 10879,
  "beta": 0.0,
  "beta_index": 0,
  "discounted_transmission_occupancy": 6.456115413350787,
  "epsilon": 0.05000000000000001,
  "epsilon_index": 4,
  "gamma": 0.9,
  "gamma_index": 0,
  "index": 4,
  "margin": -0.4275000000000002,
  "margin_region": "m<0",
  "mdp_seed": 1111,
  "normal_minus_restricted_lower": 0.03456815475181152,
  "normal_minus_restricted_upper": 0.03556775391461109,
  "normal_minus_restricted_value": 0.035067954333211304,
  "normal_policy_horizon": 94,
  "normal_policy_interval_width": 0.0004997995822657586,
  "normal_policy_lower_bound": 5.085203025422052,
  "normal_policy_total_belief_nodes": 29637,
  "normal_policy_upper_bound": 5.085702825004318,
  "normal_policy_value": 5.085452925213185,
  "point_id": "g0_b00_e04",
  "restricted_lower_bound_status": "ok",
  "restricted_policy_horizon": 94,
  "restricted_policy_interval_width": 0.0004997995805338107,
  "restricted_policy_lower_bound": 5.050135071089707,
  "restricted_policy_total_belief_nodes": 56192,
  "restricted_policy_upper_bound": 5.05063487067024,
  "reused_solver_checkpoint": false,
  "root_gap": 0.011104467526683592,
  "sampled_belief_count": 2729770,
  "sarsop_gap": 0.010950774756000925,
  "sarsop_lower_bound": 5.085459175581842,
  "sarsop_upper_bound": 5.096409950337843,
  "solver_elapsed_seconds": 68.72595405578613,
  "solver_iterations": 100,
  "solver_stop_reason": "precision",
  "status": "ok",
  "unrestricted_upper_minus_restricted_lower": 0.046274879248136,
  "violation_count": 134,
  "violation_discounted_event_occupancy": 4.480013991670669,
  "violation_first_depth_max": 14,
  "violation_first_depth_min": 0
}