{
  "horizon": 95,
  "lower_objective": 1.1771969009659138,
  "lower_values": [
    1.0855630112151875,
    1.0855630112151875,
    1.0855630112151875,
    1.702268605889963,
    1.1556001237598965,
    0.9486236425000619
  ],
  "method": "deterministic_joint_state_belief_propagation",
  "objective_estimate": 1.1774319317186606,
  "status": "ok",
  "tail_interval_width": 0.0004700615054933355,
  "total_belief_nodes": 61192,
  "upper_objective": 1.1776669624714071,
  "upper_values": [
    1.0860330727206806,
    1.0860330727206806,
    1.0860330727206806,
    1.7027386673954563,
    1.1560701852653892,
    0.9490937040055558
  ]
}