{
  "horizon": 95,
  "lower_objective": 3.475430936775755,
  "lower_values": [
    4.03939544899848,
    3.3221557963967183,
    3.3221557963967183,
    4.03939544899848,
    2.8073273334674154,
    3.3221557963967183
  ],
  "method": "deterministic_joint_state_belief_propagation",
  "objective_estimate": 3.475665967528502,
  "status": "ok",
  "tail_interval_width": 0.0004700615054935575,
  "total_belief_nodes": 26976,
  "upper_objective": 3.4759009982812485,
  "upper_values": [
    4.039865510503974,
    3.3226258579022123,
    3.3226258579022123,
    4.039865510503974,
    2.807797394972909,
    3.3226258579022123
  ]
}