{
  "horizon": 95,
  "lower_objective": 4.644481416921563,
  "lower_values": [
    4.221306687646489,
    5.035503205323784,
    5.035503205323784,
    4.26953609895577,
    4.26953609895577,
    5.035503205323784
  ],
  "method": "deterministic_joint_state_belief_propagation",
  "objective_estimate": 4.644716447674311,
  "status": "same_as_normal_no_violations",
  "tail_interval_width": 0.00047006150549577796,
  "total_belief_nodes": 44047,
  "unrestricted_upper_minus_restricted_lower": 0.010055987958978108,
  "upper_objective": 4.644951478427059,
  "upper_values": [
    4.221776749151983,
    5.035973266829279,
    5.035973266829279,
    4.270006160461265,
    4.270006160461265,
    5.035973266829279
  ]
}