{
  "action_encoding": {
    "formula": "action = prescription_index * n_receiver_actions + receiver_action",
    "solver_jpo_action_offset": 1,
    "state_zero_bit": "most_significant"
  },
  "bounds": {
    "gap": 0.8592175418385901,
    "lower_objective": 3.2050735683661005,
    "lower_values": [
      3.381129528509125,
      2.9527762129537267,
      3.381129528509125,
      3.381129528509125,
      3.381129528509125,
      2.7531470832063767
    ],
    "root_gap": 0.8592175418320463,
    "root_lower_objective": 3.2050735683726437,
    "root_upper_objective": 4.06429111020469,
    "upper_objective": 4.064291110204691,
    "upper_values": [
      4.119331546628042,
      3.90218014182863,
      4.350419307843936,
      4.119331546628042,
      4.244325938180375,
      3.6501581801191167
    ]
  },
  "initialization": {
    "initial_beliefs": [
      [
        1.0,
        0.0,
        0.0,
        0.0,
        0.0,
        0.0
      ],
      [
        0.0,
        1.0,
        0.0,
        0.0,
        0.0,
        0.0
      ],
      [
        0.0,
        0.0,
        1.0,
        0.0,
        0.0,
        0.0
      ],
      [
        0.0,
        0.0,
        0.0,
        1.0,
        0.0,
        0.0
      ],
      [
        0.0,
        0.0,
        0.0,
        0.0,
        1.0,
        0.0
      ],
      [
        0.0,
        0.0,
        0.0,
        0.0,
        0.0,
        1.0
      ]
    ],
    "initial_weights": [
      0.16666666666666666,
      0.16666666666666666,
      0.16666666666666666,
      0.16666666666666666,
      0.16666666666666666,
      0.16666666666666666
    ],
    "kind": "single synthetic root revealing a uniformly sampled physical state",
    "root_value_scale": "V_root / gamma, gamma=0.9"
  },
  "model": {
    "beta": 0.6666666666666666,
    "epsilon": 0.3,
    "gamma": 0.9,
    "mdp_density": 0.5,
    "mdp_seed": 1111,
    "mdp_sha256": "580f9fa806b22e34e0f0d1010a1012409199158e69e3f71c129e1c5119fb8d6a",
    "n_jpo_actions": 128,
    "n_prescriptions": 64,
    "n_receiver_actions": 2,
    "n_states": 6
  },
  "runtime": {
    "julia": "1.12.6",
    "native_sarsop": "0.1.4",
    "pomdp_tools": "1.1.0",
    "pomdps": "1.0.0"
  },
  "solver": {
    "delta": 0.0001,
    "export_beliefs": false,
    "initial_bound_max_time": 30.0,
    "initial_bound_residual": 1e-08,
    "initial_upper_bound": "fib",
    "kappa": 0.5,
    "max_steps": 1000000,
    "max_time": 700.0,
    "precision": 0.01,
    "prune_threshold": 0.1,
    "search_epsilon": 0.01,
    "use_binning": true
  },
  "training": {
    "alpha_count": 18,
    "belief_count": 1398748,
    "elapsed_seconds": 941.1980080604553,
    "history": [
      {
        "elapsed_seconds": 7.867813110351562e-06,
        "initial_gap": 114.18754878912102,
        "initial_lower_objective": -110.00000000000004,
        "initial_upper_objective": 4.187548789120975,
        "iteration": 0,
        "root_gap": 102.76879391020893,
        "root_lower": -99.00000000000004,
        "root_upper": 3.7687939102088777
      },
      {
        "elapsed_seconds": 0.020144939422607422,
        "initial_gap": 1.1949860197913074,
        "initial_lower_objective": 2.9925627693296675,
        "initial_upper_objective": 4.187548789120975,
        "iteration": 1,
        "root_gap": 1.0754874178121767,
        "root_lower": 2.693306492396701,
        "root_upper": 3.7687939102088777
      },
      {
        "elapsed_seconds": 0.0350799560546875,
        "initial_gap": 1.012341104012714,
        "initial_lower_objective": 3.175207685108261,
        "initial_upper_objective": 4.187548789120975,
        "iteration": 2,
        "root_gap": 0.9111069936114427,
        "root_lower": 2.857686916597435,
        "root_upper": 3.7687939102088777
      },
      {
        "elapsed_seconds": 0.061007022857666016,
        "initial_gap": 0.9940616656114242,
        "initial_lower_objective": 3.1934871222797625,
        "initial_upper_objective": 4.187548787891187,
        "iteration": 3,
        "root_gap": 0.8946554990502817,
        "root_lower": 2.874138410051786,
        "root_upper": 3.768793909102068
      },
      {
        "elapsed_seconds": 0.09741806983947754,
        "initial_gap": 0.9868657604374512,
        "initial_lower_objective": 3.200683027453735,
        "initial_upper_objective": 4.187548787891187,
        "iteration": 4,
        "root_gap": 0.8881791843937061,
        "root_lower": 2.8806147247083618,
        "root_upper": 3.768793909102068
      },
      {
        "elapsed_seconds": 0.14392590522766113,
        "initial_gap": 0.9846047308918182,
        "initial_lower_objective": 3.2029440569993683,
        "initial_upper_objective": 4.187548787891187,
        "iteration": 5,
        "root_gap": 0.8861442578026364,
        "root_lower": 2.8826496512994315,
        "root_upper": 3.768793909102068
      },
      {
        "elapsed_seconds": 0.24593591690063477,
        "initial_gap": 0.9831409146523296,
        "initial_lower_objective": 3.204407873238857,
        "initial_upper_objective": 4.187548787891187,
        "iteration": 6,
        "root_gap": 0.8848268231870966,
        "root_lower": 2.8839670859149713,
        "root_upper": 3.768793909102068
      },
      {
        "elapsed_seconds": 0.3237769603729248,
        "initial_gap": 0.9827986605823597,
        "initial_lower_objective": 3.204750127308827,
        "initial_upper_objective": 4.187548787891187,
        "iteration": 7,
        "root_gap": 0.8845187945241237,
        "root_lower": 2.884275114577944,
        "root_upper": 3.768793909102068
      },
      {
        "elapsed_seconds": 0.4228699207305908,
        "initial_gap": 0.982685048071556,
        "initial_lower_objective": 3.2048637398196305,
        "initial_upper_objective": 4.187548787891187,
        "iteration": 8,
        "root_gap": 0.8844165432644004,
        "root_lower": 2.8843773658376675,
        "root_upper": 3.768793909102068
      },
      {
        "elapsed_seconds": 0.6066579818725586,
        "initial_gap": 0.9826168903128657,
        "initial_lower_objective": 3.2049318975783208,
        "initial_upper_objective": 4.187548787891187,
        "iteration": 9,
        "root_gap": 0.8843552012815792,
        "root_lower": 2.8844387078204887,
        "root_upper": 3.768793909102068
      },
      {
        "elapsed_seconds": 0.7541110515594482,
        "initial_gap": 0.982525771947106,
        "initial_lower_objective": 3.2050230159440805,
        "initial_upper_objective": 4.187548787891187,
        "iteration": 10,
        "root_gap": 0.8842731947523954,
        "root_lower": 2.8845207143496725,
        "root_upper": 3.768793909102068
      },
      {
        "elapsed_seconds": 0.9175419807434082,
        "initial_gap": 0.982506096354268,
        "initial_lower_objective": 3.2050426915369186,
        "initial_upper_objective": 4.187548787891187,
        "iteration": 11,
        "root_gap": 0.8842554867188412,
        "root_lower": 2.8845384223832267,
        "root_upper": 3.768793909102068
      },
      {
        "elapsed_seconds": 1.1013820171356201,
        "initial_gap": 0.9824928530148839,
        "initial_lower_objective": 3.2050559348763024,
        "initial_upper_objective": 4.187548787891187,
        "iteration": 12,
        "root_gap": 0.8842435677133955,
        "root_lower": 2.8845503413886724,
        "root_upper": 3.768793909102068
      },
      {
        "elapsed_seconds": 1.546428918838501,
        "initial_gap": 0.982482754520228,
        "initial_lower_objective": 3.2050660333709584,
        "initial_upper_objective": 4.187548787891187,
        "iteration": 13,
        "root_gap": 0.8842344790682053,
        "root_lower": 2.8845594300338626,
        "root_upper": 3.768793909102068
      },
      {
        "elapsed_seconds": 1.7701730728149414,
        "initial_gap": 0.9824808654958299,
        "initial_lower_objective": 3.2050679223953566,
        "initial_upper_objective": 4.187548787891187,
        "iteration": 14,