iteration	elapsed_seconds	root_lower	root_upper	root_gap
0.0	6.9141387939453125e-6	-99.00000000000004	5.587913460823229	104.58791346082327
1.0	0.00031495094299316406	5.503497889717095	5.587913460823229	0.08441557110613385
2.0	0.006827116012573242	5.585824350009966	5.587913460823229	0.0020891108132632397
