{
  "horizon": 95,
  "lower_objective": 3.8885972407678215,
  "lower_values": [
    3.9565370679438625,
    3.9565370679438625,
    3.9565370679438625,
    3.5488981048876194,
    3.9565370679438625,
    3.9565370679438625
  ],
  "method": "deterministic_joint_state_belief_propagation",
  "objective_estimate": 3.888832271520569,
  "status": "same_as_normal_no_violations",
  "tail_interval_width": 0.0004700615054948898,
  "total_belief_nodes": 28469,
  "unrestricted_upper_minus_restricted_lower": 0.01095934701806911,
  "upper_objective": 3.8890673022733164,
  "upper_values": [
    3.9570071294493574,
    3.9570071294493574,
    3.9570071294493574,
    3.5493681663931134,
    3.9570071294493574,
    3.9570071294493574
  ]
}