{
  "horizon": 1229,
  "lower_objective": 45.725983815743035,
  "lower_values": [
    45.89822433136602,
    45.54454055789322,
    45.89822433136602,
    45.89822433136602,
    45.89822433136602,
    45.21846501110092
  ],
  "method": "deterministic_joint_state_belief_propagation",
  "objective_estimate": 45.7262319891054,
  "status": "ok",
  "tail_interval_width": 0.0004963467247378617,
  "total_belief_nodes": 659004,
  "upper_objective": 45.72648016246777,
  "upper_values": [
    45.89872067809076,
    45.545036904617916,
    45.89872067809076,
    45.89872067809076,
    45.89872067809076,
    45.218961357825684
  ]
}