{
  "horizon": 95,
  "lower_objective": 3.5767208536159454,
  "lower_values": [
    3.3694082029649777,
    4.024397859047094,
    3.3694082029649777,
    4.024397859047094,
    3.287407379836554,
    3.385305617834975
  ],
  "method": "deterministic_joint_state_belief_propagation",
  "objective_estimate": 3.576955884368691,
  "status": "ok",
  "tail_interval_width": 0.00047006150549178116,
  "total_belief_nodes": 40096,
  "unrestricted_upper_minus_restricted_lower": 0.10769081275266768,
  "upper_objective": 3.577190915121437,
  "upper_values": [
    3.369878264470469,
    4.024867920552586,
    3.369878264470469,
    4.024867920552586,
    3.287877441342048,
    3.385775679340469
  ]
}