{
  "alpha_vector_count": 10,
  "analysis_discounted_tail_bound": 9.67774912024056e-09,
  "analysis_horizon": 197,
  "analysis_total_belief_nodes": 15177,
  "beta": 0.05,
  "candidate_index": 18,
  "discounted_transmission_occupancy": 3.3430428017808427,
  "epsilon": 0.08,
  "epsilon_index": 7,
  "gamma": 0.9,
  "index": 187,
  "margin": -0.6124000000000002,
  "margin_region": "m<0",
  "mdp_seed": 1746243620,
  "normal_minus_restricted_lower": 0.07900927342285424,
  "normal_minus_restricted_upper": 0.0799493964338418,
  "normal_minus_restricted_value": 0.07947933492834824,
  "normal_policy_horizon": 95,
  "normal_policy_interval_width": 0.00047006150549577796,
  "normal_policy_lower_bound": 3.6562001885442914,
  "normal_policy_total_belief_nodes": 40242,
  "normal_policy_upper_bound": 3.656670250049787,
  "normal_policy_value": 3.6564352192970393,
  "point_id": "seed_1746243620_e07",
  "restricted_policy_horizon": 95,
  "restricted_policy_interval_width": 0.00047006150549178116,
  "restricted_policy_lower_bound": 3.5767208536159454,
  "restricted_policy_status": "ok",
  "restricted_policy_total_belief_nodes": 40096,
  "restricted_policy_upper_bound": 3.577190915121437,
  "restricted_policy_value": 3.576955884368691,
  "reused_solver_checkpoint": false,
  "root_gap": 0.028018866852623288,
  "sampled_belief_count": 7230322,
  "sarsop_gap": 0.028018866852623336,
  "sarsop_gap_within_acceptance_threshold": true,
  "sarsop_lower_bound": 3.6563927995159897,
  "sarsop_upper_bound": 3.684411666368613,
  "solver_elapsed_seconds": 601.238765001297,
  "solver_iterations": 650,
  "solver_stop_reason": "max_time",
  "status": "ok",
  "violation_count": 82,
  "violation_discounted_event_occupancy": 1.473218647622381,
  "violation_first_depth_max": 26,
  "violation_first_depth_min": 0
}