{
  "action_encoding": {
    "formula": "action = prescription_index * n_receiver_actions + receiver_action",
    "solver_jpo_action_offset": 1,
    "state_zero_bit": "most_significant"
  },
  "bounds": {
    "gap": 0.15809060401413344,
    "lower_objective": 2.808070400174594,
    "lower_values": [
      3.0437550102722875,
      2.78466536865462,
      3.043751122662846,
      2.572670675126916,
      2.78466536865462,
      2.6189148556762762
    ],
    "root_gap": 0.1581631446967909,
    "root_lower_objective": 2.808070400174594,
    "root_upper_objective": 2.9662335448713852,
    "upper_objective": 2.9661610041887276,
    "upper_values": [
      3.2220638089708187,
      2.9314947488674923,
      3.186154776654871,
      2.718741491483556,
      2.9420848087614186,
      2.7964263903942097
    ]
  },
  "initialization": {
    "initial_beliefs": [
      [
        1.0,
        0.0,
        0.0,
        0.0,
        0.0,
        0.0
      ],
      [
        0.0,
        1.0,
        0.0,
        0.0,
        0.0,
        0.0
      ],
      [
        0.0,
        0.0,
        1.0,
        0.0,
        0.0,
        0.0
      ],
      [
        0.0,
        0.0,
        0.0,
        1.0,
        0.0,
        0.0
      ],
      [
        0.0,
        0.0,
        0.0,
        0.0,
        1.0,
        0.0
      ],
      [
        0.0,
        0.0,
        0.0,
        0.0,
        0.0,
        1.0
      ]
    ],
    "initial_weights": [
      0.16666666666666666,
      0.16666666666666666,
      0.16666666666666666,
      0.16666666666666666,
      0.16666666666666666,
      0.16666666666666666
    ],
    "kind": "single synthetic root revealing a uniformly sampled physical state",
    "root_value_scale": "V_root / gamma, gamma=0.9"
  },
  "model": {
    "beta": 0.05,
    "epsilon": 0.08,
    "gamma": 0.9,
    "mdp_density": 0.5,
    "mdp_seed": 1073505471,
    "mdp_sha256": "ae5f6ae926f73beac3390331646f3480572191c63c47222abdb14e4a2068ae76",
    "n_jpo_actions": 128,
    "n_prescriptions": 64,
    "n_receiver_actions": 2,
    "n_states": 6
  },
  "runtime": {
    "julia": "1.12.6",
    "native_sarsop": "0.1.4",
    "pomdp_tools": "1.1.0",
    "pomdps": "1.0.0"
  },
  "solver": {
    "delta": 0.0001,
    "export_beliefs": false,
    "initial_bound_max_time": 30.0,
    "initial_bound_residual": 1e-08,
    "initial_upper_bound": "fully_observable",
    "kappa": 0.5,
    "max_steps": 1000000,
    "max_time": 600.0,
    "precision": 0.01,
    "prune_threshold": 0.1,
    "search_epsilon": 0.01,
    "use_binning": true
  },
  "training": {
    "alpha_count": 13,
    "belief_count": 964405,
    "elapsed_seconds": 1036.2384071350098,
    "history": [
      {
        "elapsed_seconds": 1.0967254638671875e-05,
        "initial_gap": 113.00073054884926,
        "initial_lower_objective": -110.00000000000004,
        "initial_upper_objective": 3.0007305488492255,
        "iteration": 0,
        "root_gap": 101.70065749396434,
        "root_lower": -99.00000000000004,
        "root_upper": 2.700657493964303
      },
      {
        "elapsed_seconds": 0.031369924545288086,
        "initial_gap": 0.9927987389416513,
        "initial_lower_objective": 2.007931809907574,
        "initial_upper_objective": 3.0007305488492255,
        "iteration": 1,
        "root_gap": 0.8935188650474861,
        "root_lower": 1.8071386289168168,
        "root_upper": 2.700657493964303
      },
      {
        "elapsed_seconds": 0.05823493003845215,
        "initial_gap": 0.24831384884628585,
        "initial_lower_objective": 2.7524167000029394,
        "initial_upper_objective": 3.0007305488492255,
        "iteration": 2,
        "root_gap": 0.22348246396165727,
        "root_lower": 2.4771750300026456,
        "root_upper": 2.700657493964303
      },
      {
        "elapsed_seconds": 0.11210894584655762,
        "initial_gap": 0.2012609699390206,
        "initial_lower_objective": 2.799469577466224,
        "initial_upper_objective": 3.0007305474052446,
        "iteration": 3,
        "root_gap": 0.18113487294511854,
        "root_lower": 2.5195226197196017,
        "root_upper": 2.70065749266472
      },
      {
        "elapsed_seconds": 0.19769501686096191,
        "initial_gap": 0.19524822924552104,
        "initial_lower_objective": 2.805482316715743,
        "initial_upper_objective": 3.0007305459612637,
        "iteration": 4,
        "root_gap": 0.17572340632096894,
        "root_lower": 2.5249340850441686,
        "root_upper": 2.7006574913651376
      },
      {
        "elapsed_seconds": 0.27043700218200684,
        "initial_gap": 0.19167152465336734,
        "initial_lower_objective": 2.806397280108614,
        "initial_upper_objective": 2.9980688047619815,
        "iteration": 5,
        "root_gap": 0.1725043721880306,
        "root_lower": 2.525757552097753,
        "root_upper": 2.6982619242857835
      },
      {
        "elapsed_seconds": 0.39287590980529785,
        "initial_gap": 0.19066938678151332,
        "initial_lower_objective": 2.806971636700889,
        "initial_upper_objective": 2.997641023482402,
        "iteration": 6,
        "root_gap": 0.171602448103362,
        "root_lower": 2.5262744730307998,
        "root_upper": 2.6978769211341618
      },
      {
        "elapsed_seconds": 0.5572049617767334,
        "initial_gap": 0.18843495896786935,
        "initial_lower_objective": 2.8071721823531073,
        "initial_upper_objective": 2.9956071413209764,
        "iteration": 7,
        "root_gap": 0.16959146307108242,
        "root_lower": 2.5264549641177965,
        "root_upper": 2.696046427188879
      },
      {
        "elapsed_seconds": 0.7742400169372559,
        "initial_gap": 0.18680152758694982,
        "initial_lower_objective": 2.807265604881889,
        "initial_upper_objective": 2.9940671324688393,
        "iteration": 8,
        "root_gap": 0.16812137482825484,
        "root_lower": 2.5265390443937004,
        "root_upper": 2.694660419221955
      },
      {
        "elapsed_seconds": 1.1088781356811523,
        "initial_gap": 0.1865436186709172,
        "initial_lower_objective": 2.8075235137979218,
        "initial_upper_objective": 2.9940671324688393,
        "iteration": 9,
        "root_gap": 0.1678892568038255,
        "root_lower": 2.5267711624181297,
        "root_upper": 2.694660419221955
      },
      {
        "elapsed_seconds": 1.385991096496582,
        "initial_gap": 0.18626587698049688,
        "initial_lower_objective": 2.807801255488342,
        "initial_upper_objective": 2.9940671324688393,
        "iteration": 10,
        "root_gap": 0.1676392892824472,
        "root_lower": 2.527021129939508,
        "root_upper": 2.694660419221955
      },
      {
        "elapsed_seconds": 1.702186107635498,
        "initial_gap": 0.18611808030430893,
        "initial_lower_objective": 2.8079490521645303,
        "initial_upper_objective": 2.9940671324688393,
        "iteration": 11,
        "root_gap": 0.16750627227387804,
        "root_lower": 2.527154146948077,
        "root_upper": 2.694660419221955
      },
      {
        "elapsed_seconds": 2.0699779987335205,
        "initial_gap": 0.18245421703349418,
        "initial_lower_objective": 2.8080004220714136,
        "initial_upper_objective": 2.990454639104908,
        "iteration": 12,
        "root_gap": 0.16420879533014476,
        "root_lower": 2.527200379864272,
        "root_upper": 2.691409175194417
      },
      {
        "elapsed_seconds": 2.4752681255340576,
        "initial_gap": 0.1795531997691836,
        "initial_lower_objective": 2.808022144769301,
        "initial_upper_objective": 2.9875753445384845,
        "iteration": 13,
        "root_gap": 0.16159787979226525,
        "root_lower": 2.527219930292371,
        "root_upper": 2.688817810084636
      },
      {
        "elapsed_seconds": 2.945284128189087,
        "initial_gap": 0.17782691266369344,
        "initial_lower_objective": 2.808027851848814,
        "initial_upper_objective": 2.9858547645125073,