{
  "horizon": 95,
  "lower_objective": 3.0864541501995166,
  "lower_values": [
    2.953928774864522,
    2.953928774864522,
    2.953928774864522,
    2.9522467740930862,
    3.7507630276459256,
    2.953928774864522
  ],
  "method": "deterministic_joint_state_belief_propagation",
  "objective_estimate": 3.0866891809522636,
  "status": "ok",
  "tail_interval_width": 0.0004700615054940016,
  "total_belief_nodes": 24099,
  "upper_objective": 3.0869242117050106,
  "upper_values": [
    2.9543988363700158,
    2.9543988363700158,
    2.9543988363700158,
    2.9527168355985816,
    3.7512330891514205,
    2.9543988363700158
  ]
}