{
  "horizon": 95,
  "lower_objective": 3.2089263668464723,
  "lower_values": [
    3.2763244752442846,
    2.884552983509427,
    2.982923715527055,
    3.2763244752442846,
    3.2763244752442846,
    3.5571080763094987
  ],
  "method": "deterministic_joint_state_belief_propagation",
  "objective_estimate": 3.2091613975992184,
  "status": "same_as_normal_no_violations",
  "tail_interval_width": 0.00047006150549222525,
  "total_belief_nodes": 58686,
  "unrestricted_upper_minus_restricted_lower": 0.011061936418740537,
  "upper_objective": 3.2093964283519645,
  "upper_values": [
    3.276794536749777,
    2.8850230450149184,
    2.9833937770325476,
    3.276794536749777,
    3.276794536749777,
    3.5575781378149904
  ]
}