{
  "horizon": 95,
  "lower_objective": 3.845048026220611,
  "lower_values": [
    3.726453192238505,
    4.084426642694312,
    3.7220752952195295,
    4.084426642694312,
    3.726453192238505,
    3.726453192238505
  ],
  "method": "deterministic_joint_state_belief_propagation",
  "objective_estimate": 3.845283056973358,
  "status": "ok",
  "tail_interval_width": 0.0004700615054944457,
  "total_belief_nodes": 45120,
  "upper_objective": 3.8455180877261053,
  "upper_values": [
    3.7269232537439985,
    4.0848967041998065,
    3.722545356725023,
    4.0848967041998065,
    3.7269232537439985,
    3.7269232537439985
  ]
}