{
  "horizon": 95,
  "lower_objective": 3.8266034541354528,
  "lower_values": [
    3.7033286747058805,
    4.071180435286183,
    3.7072738301227095,
    4.071180435286183,
    3.7033286747058805,
    3.7033286747058805
  ],
  "method": "deterministic_joint_state_belief_propagation",
  "objective_estimate": 3.8268384848881998,
  "status": "ok",
  "tail_interval_width": 0.0004700615054935575,
  "total_belief_nodes": 44922,
  "unrestricted_upper_minus_restricted_lower": 0.07373030319551255,
  "upper_objective": 3.8270735156409463,
  "upper_values": [
    3.703798736211374,
    4.071650496791677,
    3.7077438916282017,
    4.071650496791677,
    3.703798736211374,
    3.703798736211374
  ]
}