{
  "alpha_vector_count": 8,
  "analysis_discounted_tail_bound": 9.67774912024056e-09,
  "analysis_horizon": 197,
  "analysis_total_belief_nodes": 17316,
  "beta": 0.05,
  "candidate_index": 51,
  "discounted_transmission_occupancy": 2.290787872955831,
  "epsilon": 0.09000000000000001,
  "epsilon_index": 8,
  "gamma": 0.9,
  "index": 518,
  "margin": -0.6871000000000003,
  "margin_region": "m<0",
  "mdp_seed": 1063508366,
  "normal_minus_restricted_lower": 0.017974510579664482,
  "normal_minus_restricted_upper": 0.018914633590652485,
  "normal_minus_restricted_value": 0.01844457208515804,
  "normal_policy_horizon": 95,
  "normal_policy_interval_width": 0.0004700615054944457,
  "normal_policy_lower_bound": 3.845048026220611,
  "normal_policy_total_belief_nodes": 45120,
  "normal_policy_upper_bound": 3.8455180877261053,
  "normal_policy_value": 3.845283056973358,
  "point_id": "seed_1063508366_e08",
  "restricted_policy_horizon": 95,
  "restricted_policy_interval_width": 0.0004700615054935575,
  "restricted_policy_lower_bound": 3.8266034541354528,
  "restricted_policy_status": "ok",
  "restricted_policy_total_belief_nodes": 44922,
  "restricted_policy_upper_bound": 3.8270735156409463,
  "restricted_policy_value": 3.8268384848881998,
  "reused_solver_checkpoint": false,
  "root_gap": 0.05509076606230925,
  "sampled_belief_count": 4926769,
  "sarsop_gap": 0.055090766062445784,
  "sarsop_gap_within_acceptance_threshold": true,
  "sarsop_lower_bound": 3.8452429912685195,
  "sarsop_upper_bound": 3.9003337573309653,
  "solver_elapsed_seconds": 602.6919350624084,
  "solver_iterations": 273,
  "solver_stop_reason": "max_time",
  "status": "ok",
  "violation_count": 48,
  "violation_discounted_event_occupancy": 0.26524052396880954,
  "violation_first_depth_max": 31,
  "violation_first_depth_min": 0
}