{
  "horizon": 95,
  "lower_objective": 2.7675614644162057,
  "lower_values": [
    2.290430198825861,
    3.2098335977123518,
    2.864112457928556,
    2.512767616173355,
    2.864112457928556,
    2.864112457928556
  ],
  "method": "deterministic_joint_state_belief_propagation",
  "objective_estimate": 2.7677964951689518,
  "status": "ok",
  "tail_interval_width": 0.00047006150549311343,
  "total_belief_nodes": 51598,
  "upper_objective": 2.7680315259216988,
  "upper_values": [
    2.2909002603313535,
    3.210303659217844,
    2.8645825194340486,
    2.5132376776788488,
    2.8645825194340486,
    2.8645825194340486
  ]
}