{
  "alpha_vector_count": 5,
  "analysis_discounted_tail_bound": 9.67774912024056e-09,
  "analysis_horizon": 197,
  "analysis_total_belief_nodes": 24555,
  "beta": 0.05,
  "candidate_index": 47,
  "discounted_transmission_occupancy": 0.9891746929980112,
  "epsilon": 0.05000000000000001,
  "epsilon_index": 4,
  "gamma": 0.9,
  "index": 474,
  "margin": -0.3775000000000002,
  "margin_region": "m<0",
  "mdp_seed": 622777685,
  "normal_minus_restricted_lower": 0.005139867044855251,
  "normal_minus_restricted_upper": 0.006079990055839701,
  "normal_minus_restricted_value": 0.005609928550347032,
  "normal_policy_horizon": 95,
  "normal_policy_interval_width": 0.00047006150549311343,
  "normal_policy_lower_bound": 2.7675614644162057,
  "normal_policy_total_belief_nodes": 51598,
  "normal_policy_upper_bound": 2.7680315259216988,
  "normal_policy_value": 2.7677964951689518,
  "point_id": "seed_622777685_e04",
  "restricted_policy_horizon": 95,
  "restricted_policy_interval_width": 0.00047006150549133707,
  "restricted_policy_lower_bound": 2.761951535865859,
  "restricted_policy_status": "ok",
  "restricted_policy_total_belief_nodes": 51529,
  "restricted_policy_upper_bound": 2.7624215973713504,
  "restricted_policy_value": 2.7621865666186047,
  "reused_solver_checkpoint": false,
  "root_gap": 0.010891041765192571,
  "sampled_belief_count": 3755578,
  "sarsop_gap": 0.010657854597894811,
  "sarsop_gap_within_acceptance_threshold": true,
  "sarsop_lower_bound": 2.76770954490795,
  "sarsop_upper_bound": 2.7783673995058447,
  "solver_elapsed_seconds": 269.23848581314087,
  "solver_iterations": 464,
  "solver_stop_reason": "precision",
  "status": "ok",
  "violation_count": 1,
  "violation_discounted_event_occupancy": 0.12215756584963536,
  "violation_first_depth_max": 0,
  "violation_first_depth_min": 0
}