{
  "horizon": 95,
  "lower_objective": 2.218036083006094,
  "lower_values": [
    2.167797525049077,
    2.1222929436770492,
    2.1222929436770492,
    2.167797525049077,
    2.167797525049077,
    2.5602380355352365
  ],
  "method": "deterministic_joint_state_belief_propagation",
  "objective_estimate": 2.218271113758841,
  "status": "ok",
  "tail_interval_width": 0.0004700615054940016,
  "total_belief_nodes": 27078,
  "upper_objective": 2.218506144511588,
  "upper_values": [
    2.16826758655457,
    2.1227630051825424,
    2.1227630051825424,
    2.16826758655457,
    2.16826758655457,
    2.560708097040733
  ]
}