{
  "horizon": 95,
  "lower_objective": 4.909551215655675,
  "lower_values": [
    5.084696411990825,
    4.723506367469283,
    5.084696411990825,
    5.084696411990825,
    5.084696411990825,
    4.395015278501473
  ],
  "method": "deterministic_joint_state_belief_propagation",
  "objective_estimate": 4.909786246408422,
  "status": "ok",
  "tail_interval_width": 0.0004700615054940016,
  "total_belief_nodes": 21303,
  "upper_objective": 4.910021277161169,
  "upper_values": [
    5.085166473496318,
    4.723976428974775,
    5.085166473496318,
    5.085166473496318,
    5.085166473496318,
    4.395485340006967
  ]
}