{
  "alpha_vector_count": 5,
  "analysis_discounted_tail_bound": 9.67774912024056e-09,
  "analysis_horizon": 197,
  "analysis_total_belief_nodes": 7764,
  "beta": 0.05,
  "beta_index": 1,
  "discounted_transmission_occupancy": 3.091405369759354,
  "epsilon": 0.07,
  "epsilon_index": 6,
  "gamma": 0.9,
  "gamma_index": 0,
  "index": 16,
  "margin": -0.5359000000000002,
  "margin_region": "m<0",
  "mdp_seed": 1111,
  "normal_minus_restricted_lower": 0.01387218705687232,
  "normal_minus_restricted_upper": 0.014812310067860324,
  "normal_minus_restricted_value": 0.01434224856236721,
  "normal_policy_horizon": 95,
  "normal_policy_interval_width": 0.0004700615054940016,
  "normal_policy_lower_bound": 4.909551215655675,
  "normal_policy_total_belief_nodes": 21303,
  "normal_policy_upper_bound": 4.910021277161169,
  "normal_policy_value": 4.909786246408422,
  "point_id": "g0_b01_e06",
  "restricted_lower_bound_status": "ok",
  "restricted_policy_horizon": 95,
  "restricted_policy_interval_width": 0.0004700615054940016,
  "restricted_policy_lower_bound": 4.895208967093309,
  "restricted_policy_total_belief_nodes": 21284,
  "restricted_policy_upper_bound": 4.895679028598803,
  "reused_solver_checkpoint": false,
  "root_gap": 0.14506812579592163,
  "sampled_belief_count": 830761,
  "sarsop_gap": 0.1346772743780411,
  "sarsop_lower_bound": 4.9097939321271316,
  "sarsop_upper_bound": 5.044471206505173,
  "solver_elapsed_seconds": 991.5720610618591,
  "solver_iterations": 33,
  "solver_stop_reason": "max_time",
  "status": "ok",
  "unrestricted_upper_minus_restricted_lower": 0.1492622394118639,
  "violation_count": 1,
  "violation_discounted_event_occupancy": 0.23613420651294867,
  "violation_first_depth_max": 0,
  "violation_first_depth_min": 0
}