{
  "action_encoding": {
    "formula": "action = prescription_index * n_receiver_actions + receiver_action",
    "solver_jpo_action_offset": 1,
    "state_zero_bit": "most_significant"
  },
  "bounds": {
    "gap": 10.43018223434931,
    "lower_objective": 41.16729112501395,
    "lower_values": [
      41.353705638451075,
      40.89724503198104,
      41.353705638451075,
      41.353705638451075,
      41.353705638451075,
      40.69167916429837
    ],
    "root_gap": 10.430184405546937,
    "root_lower_objective": 41.167291125013946,
    "root_upper_objective": 51.59747553056088,
    "upper_objective": 51.59747335936326,
    "upper_values": [
      51.8151632803706,
      51.45463835486836,
      51.74050262281495,
      51.73658718774613,
      51.72626926464819,
      51.11167944573139
    ]
  },
  "initialization": {
    "initial_beliefs": [
      [
        1.0,
        0.0,
        0.0,
        0.0,
        0.0,
        0.0
      ],
      [
        0.0,
        1.0,
        0.0,
        0.0,
        0.0,
        0.0
      ],
      [
        0.0,
        0.0,
        1.0,
        0.0,
        0.0,
        0.0
      ],
      [
        0.0,
        0.0,
        0.0,
        1.0,
        0.0,
        0.0
      ],
      [
        0.0,
        0.0,
        0.0,
        0.0,
        1.0,
        0.0
      ],
      [
        0.0,
        0.0,
        0.0,
        0.0,
        0.0,
        1.0
      ]
    ],
    "initial_weights": [
      0.16666666666666666,
      0.16666666666666666,
      0.16666666666666666,
      0.16666666666666666,
      0.16666666666666666,
      0.16666666666666666
    ],
    "kind": "single synthetic root revealing a uniformly sampled physical state",
    "root_value_scale": "V_root / gamma, gamma=0.99"
  },
  "model": {
    "beta": 0.05,
    "epsilon": 0.01,
    "gamma": 0.99,
    "mdp_density": 0.5,
    "mdp_seed": 1111,
    "mdp_sha256": "580f9fa806b22e34e0f0d1010a1012409199158e69e3f71c129e1c5119fb8d6a",
    "n_jpo_actions": 128,
    "n_prescriptions": 64,
    "n_receiver_actions": 2,
    "n_states": 6
  },
  "runtime": {
    "julia": "1.12.6",
    "native_sarsop": "0.1.4",
    "pomdp_tools": "1.1.0",
    "pomdps": "1.0.0"
  },
  "solver": {
    "delta": 0.0001,
    "export_beliefs": false,
    "initial_bound_max_time": 30.0,
    "initial_bound_residual": 1e-08,
    "initial_upper_bound": "fully_observable",
    "kappa": 0.5,
    "max_steps": 1000000,
    "max_time": 500.0,
    "precision": 0.01,
    "prune_threshold": 0.1,
    "search_epsilon": 0.01,
    "use_binning": true
  },
  "training": {
    "alpha_count": 4,
    "belief_count": 6208126,
    "elapsed_seconds": 543.5277631282806,
    "history": [
      {
        "elapsed_seconds": 9.059906005859375e-06,
        "initial_gap": 10151.685969110493,
        "initial_lower_objective": -10099.999999999984,
        "initial_upper_objective": 51.68596911050958,
        "iteration": 0,
        "root_gap": 10050.169109419388,
        "root_lower": -9998.999999999984,
        "root_upper": 51.169109419404485
      },
      {
        "elapsed_seconds": 0.00032019615173339844,
        "initial_gap": 26.711134436216597,
        "initial_lower_objective": 24.974834674292985,
        "initial_upper_objective": 51.68596911050958,
        "iteration": 1,
        "root_gap": 26.44402309185443,
        "root_lower": 24.725086327550056,
        "root_upper": 51.169109419404485
      },
      {
        "elapsed_seconds": 1.7831790447235107,
        "initial_gap": 19.97574271765682,
        "initial_lower_objective": 31.71022639285276,
        "initial_upper_objective": 51.68596911050958,
        "iteration": 2,
        "root_gap": 19.775985290480254,
        "root_lower": 31.39312412892423,
        "root_upper": 51.169109419404485
      },
      {
        "elapsed_seconds": 7.177869081497192,
        "initial_gap": 19.011168256998094,
        "initial_lower_objective": 32.66801381591143,
        "initial_upper_objective": 51.679182072909526,
        "iteration": 3,
        "root_gap": 18.821056574428113,
        "root_lower": 32.34133367775232,
        "root_upper": 51.16239025218043
      },
      {
        "elapsed_seconds": 17.317567110061646,
        "initial_gap": 17.001086967492448,
        "initial_lower_objective": 34.66101990798182,
        "initial_upper_objective": 51.662106875474265,
        "iteration": 4,
        "root_gap": 16.831076097817522,
        "root_lower": 34.314409708902,
        "root_upper": 51.14548580671952
      },
      {
        "elapsed_seconds": 28.58320116996765,
        "initial_gap": 16.752412373929182,
        "initial_lower_objective": 34.894664037700004,
        "initial_upper_objective": 51.647076411629186,
        "iteration": 5,
        "root_gap": 16.58488825018989,
        "root_lower": 34.545717397323,
        "root_upper": 51.130605647512894
      },
      {
        "elapsed_seconds": 42.59351921081543,
        "initial_gap": 15.77648185812626,
        "initial_lower_objective": 35.87024647062451,
        "initial_upper_objective": 51.64672832875077,
        "iteration": 6,
        "root_gap": 15.618717039544997,
        "root_lower": 35.51154400591826,
        "root_upper": 51.13026104546326
      },
      {
        "elapsed_seconds": 61.79696607589722,
        "initial_gap": 14.558294920341961,
        "initial_lower_objective": 37.081005204323205,
        "initial_upper_objective": 51.63930012466517,
        "iteration": 7,
        "root_gap": 14.412711971138542,
        "root_lower": 36.71019515227997,
        "root_upper": 51.122907123418514
      },
      {
        "elapsed_seconds": 85.95353317260742,
        "initial_gap": 14.381070816983959,
        "initial_lower_objective": 37.25464417992518,
        "initial_upper_objective": 51.63571499690914,
        "iteration": 8,
        "root_gap": 14.23726010881412,
        "root_lower": 36.88209773812593,
        "root_upper": 51.11935784694005
      },
      {
        "elapsed_seconds": 119.58586120605469,
        "initial_gap": 13.55183141728107,
        "initial_lower_objective": 38.06366177920328,
        "initial_upper_objective": 51.615493196484344,
        "iteration": 9,
        "root_gap": 13.416313103108259,
        "root_lower": 37.683025161411244,
        "root_upper": 51.0993382645195
      },
      {
        "elapsed_seconds": 157.87714004516602,
        "initial_gap": 13.14130810841525,
        "initial_lower_objective": 38.45980667820295,
        "initial_upper_objective": 51.6011147866182,
        "iteration": 10,
        "root_gap": 13.009895027331098,
        "root_lower": 38.07520861142092,
        "root_upper": 51.08510363875202
      },
      {
        "elapsed_seconds": 204.6320149898529,
        "initial_gap": 12.709529861031335,
        "initial_lower_objective": 38.889921036151385,
        "initial_upper_objective": 51.59945089718272,
        "iteration": 11,
        "root_gap": 12.582434562421021,
        "root_lower": 38.50102182578987,
        "root_upper": 51.08345638821089
      },
      {
        "elapsed_seconds": 247.93306016921997,
        "initial_gap": 12.119533628394814,
        "initial_lower_objective": 39.47882032817639,
        "initial_upper_objective": 51.5983539565712,
        "iteration": 12,
        "root_gap": 11.998338292110866,
        "root_lower": 39.08403212489463,
        "root_upper": 51.08237041700549
      },
      {
        "elapsed_seconds": 310.2870180606842,
        "initial_gap": 11.73286154428612,
        "initial_lower_objective": 39.86527750146215,
        "initial_upper_objective": 51.59813904574827,
        "iteration": 13,
        "root_gap": 11.615532928843258,
        "root_lower": 39.46662472644753,
        "root_upper": 51.082157655290786
      },
      {
        "elapsed_seconds": 368.8335630893707,
        "initial_gap": 11.09124396001205,
        "initial_lower_objective": 40.50633073477712,
        "initial_upper_objective": 51.597574694789174,
        "iteration": 14,
        "root_gap": 10.98033152041193,