{
  "horizon": 95,
  "lower_objective": 3.8349255970270866,
  "lower_values": [
    4.31706682900488,
    3.2470081360829117,
    4.31706682900488,
    4.31706682900488,
    3.2470081360829117,
    3.564336822982057
  ],
  "method": "deterministic_joint_state_belief_propagation",
  "objective_estimate": 3.8351606277798846,
  "status": "ok",
  "tail_interval_width": 0.00047006150559525395,
  "total_belief_nodes": 21313,
  "unrestricted_upper_minus_restricted_lower": 0.18666299786266105,
  "upper_objective": 3.835395658532682,
  "upper_values": [
    4.317536890510374,
    3.2474781975886,
    4.317536890510374,
    4.317536890510374,
    3.2474781975886,
    3.5648068844877705
  ]
}