{
  "alpha_vector_count": 12,
  "analysis_discounted_tail_bound": 9.67774912024056e-09,
  "analysis_horizon": 197,
  "analysis_total_belief_nodes": 15379,
  "beta": 0.05,
  "candidate_index": 45,
  "discounted_transmission_occupancy": 2.630124075953871,
  "epsilon": 0.1,
  "epsilon_index": 9,
  "gamma": 0.9,
  "index": 459,
  "margin": -0.7600000000000003,
  "margin_region": "m<0",
  "mdp_seed": 20617211,
  "normal_minus_restricted_lower": 0.08890882960498825,
  "normal_minus_restricted_upper": 0.08984895261607573,
  "normal_minus_restricted_value": 0.08937889111053154,
  "normal_policy_horizon": 95,
  "normal_policy_interval_width": 0.00047006150549222525,
  "normal_policy_lower_bound": 3.92430448813767,
  "normal_policy_total_belief_nodes": 38226,
  "normal_policy_upper_bound": 3.9247745496431623,
  "normal_policy_value": 3.924539518890416,
  "point_id": "seed_20617211_e09",
  "restricted_policy_horizon": 95,
  "restricted_policy_interval_width": 0.00047006150559525395,
  "restricted_policy_lower_bound": 3.8349255970270866,
  "restricted_policy_status": "ok",
  "restricted_policy_total_belief_nodes": 21313,
  "restricted_policy_upper_bound": 3.835395658532682,
  "restricted_policy_value": 3.8351606277798846,
  "reused_solver_checkpoint": false,
  "root_gap": 0.09769011581552127,
  "sampled_belief_count": 4937605,
  "sarsop_gap": 0.09708046595323072,
  "sarsop_gap_within_acceptance_threshold": true,
  "sarsop_lower_bound": 3.924508128936517,
  "sarsop_upper_bound": 4.021588594889748,
  "solver_elapsed_seconds": 604.669919013977,
  "solver_iterations": 205,
  "solver_stop_reason": "max_time",
  "status": "ok",
  "violation_count": 126,
  "violation_discounted_event_occupancy": 0.7958836154256238,
  "violation_first_depth_max": 43,
  "violation_first_depth_min": 1
}