{
  "horizon": 95,
  "lower_objective": 2.3191976864616235,
  "lower_values": [
    2.083946855392134,
    2.2854451045709188,
    2.2854451045709188,
    2.2854451045709188,
    2.6894588450939314,
    2.2854451045709188
  ],
  "method": "deterministic_joint_state_belief_propagation",
  "objective_estimate": 2.3194327172143696,
  "status": "ok",
  "tail_interval_width": 0.00047006150549133707,
  "total_belief_nodes": 13815,
  "upper_objective": 2.319667747967115,
  "upper_values": [
    2.084416916897628,
    2.2859151660764097,
    2.2859151660764097,
    2.2859151660764097,
    2.689928906599424,
    2.2859151660764097
  ]
}