{
  "horizon": 95,
  "lower_objective": 3.11159741311441,
  "lower_values": [
    3.1778836722567383,
    2.789286513856231,
    2.888970410670452,
    3.1778836722567383,
    3.1778836722567383,
    3.4576765373895615
  ],
  "method": "deterministic_joint_state_belief_propagation",
  "objective_estimate": 3.111832443867156,
  "status": "ok",
  "tail_interval_width": 0.00047006150549266934,
  "total_belief_nodes": 58151,
  "upper_objective": 3.1120674746199026,
  "upper_values": [
    3.1783537337622305,
    2.789756575361724,
    2.889440472175946,
    3.1783537337622305,
    3.1783537337622305,
    3.4581465988950564
  ]
}