{
  "alpha_vector_count": 7,
  "analysis_discounted_tail_bound": 9.67774912024056e-09,
  "analysis_horizon": 197,
  "analysis_total_belief_nodes": 23594,
  "beta": 0.05,
  "candidate_index": 12,
  "discounted_transmission_occupancy": 2.6742911704068497,
  "epsilon": 0.09000000000000001,
  "epsilon_index": 8,
  "gamma": 0.9,
  "index": 128,
  "margin": -0.6871000000000003,
  "margin_region": "m<0",
  "mdp_seed": 978475358,
  "normal_minus_restricted_lower": 0.04723871593790818,
  "normal_minus_restricted_upper": 0.0481788389488953,
  "normal_minus_restricted_value": 0.047708777443402184,
  "normal_policy_horizon": 95,
  "normal_policy_interval_width": 0.00047006150549266934,
  "normal_policy_lower_bound": 3.11159741311441,
  "normal_policy_total_belief_nodes": 58151,
  "normal_policy_upper_bound": 3.1120674746199026,
  "normal_policy_value": 3.111832443867156,
  "point_id": "seed_978475358_e08",
  "restricted_policy_horizon": 95,
  "restricted_policy_interval_width": 0.0004700615054944457,
  "restricted_policy_lower_bound": 3.0638886356710073,
  "restricted_policy_status": "ok",
  "restricted_policy_total_belief_nodes": 58059,
  "restricted_policy_upper_bound": 3.0643586971765018,
  "restricted_policy_value": 3.064123666423754,
  "reused_solver_checkpoint": false,
  "root_gap": 0.06810723491306724,
  "sampled_belief_count": 6644275,
  "sarsop_gap": 0.06810723491306714,
  "sarsop_gap_within_acceptance_threshold": true,
  "sarsop_lower_bound": 3.111762498737755,
  "sarsop_upper_bound": 3.179869733650822,
  "solver_elapsed_seconds": 600.7982709407806,
  "solver_iterations": 464,
  "solver_stop_reason": "max_time",
  "status": "ok",
  "violation_count": 170,
  "violation_discounted_event_occupancy": 0.8152026262494999,
  "violation_first_depth_max": 45,
  "violation_first_depth_min": 0
}