{
  "horizon": 95,
  "lower_objective": 4.264068185759453,
  "lower_values": [
    4.458774915895501,
    3.9275007407557045,
    4.1402918130572575,
    4.458774915895501,
    4.1402918130572575,
    4.458774915895501
  ],
  "method": "deterministic_joint_state_belief_propagation",
  "objective_estimate": 4.264303216512199,
  "status": "same_as_normal_no_violations",
  "tail_interval_width": 0.00047006150549311343,
  "total_belief_nodes": 26325,
  "unrestricted_upper_minus_restricted_lower": 0.010687733926566523,
  "upper_objective": 4.264538247264946,
  "upper_values": [
    4.459244977400992,
    3.9279708022611994,
    4.1407618745627515,
    4.459244977400992,
    4.1407618745627515,
    4.459244977400992
  ]
}