{
  "horizon": 95,
  "lower_objective": 1.9832714996828607,
  "lower_values": [
    1.7575969331068513,
    1.9334829764229728,
    2.2908659965703952,
    1.9457377693626368,
    1.681079326063913,
    2.2908659965703952
  ],
  "method": "deterministic_joint_state_belief_propagation",
  "objective_estimate": 1.9835065304356074,
  "status": "same_as_normal_no_violations",
  "tail_interval_width": 0.0004700615054935575,
  "total_belief_nodes": 75224,
  "unrestricted_upper_minus_restricted_lower": 0.05631510079498181,
  "upper_objective": 1.9837415611883542,
  "upper_values": [
    1.758066994612344,
    1.933953037928468,
    2.291336058075889,
    1.9462078308681297,
    1.6815493875694056,
    2.291336058075889
  ]
}