{
  "horizon": 95,
  "lower_objective": 1.930410206407859,
  "lower_values": [
    1.911063449621895,
    1.7804258853506347,
    1.7804258853506347,
    1.9314340919144593,
    2.2476778342950716,
    1.9314340919144593
  ],
  "method": "deterministic_joint_state_belief_propagation",
  "objective_estimate": 1.9306452371606062,
  "status": "ok",
  "tail_interval_width": 0.0004700615054944457,
  "total_belief_nodes": 78533,
  "upper_objective": 1.9308802679133534,
  "upper_values": [
    1.911533511127389,
    1.7808959468561298,
    1.7808959468561298,
    1.9319041534199537,
    2.2481478958005656,
    1.9319041534199537
  ]
}