{
  "action_encoding": {
    "formula": "action = prescription_index * n_receiver_actions + receiver_action",
    "solver_jpo_action_offset": 1,
    "state_zero_bit": "most_significant"
  },
  "bounds": {
    "gap": 0.06676084341562305,
    "lower_objective": 1.988466545885375,
    "lower_values": [
      1.762777260480963,
      1.938556979612193,
      2.29609174952665,
      1.9505262832733712,
      1.6867552528924226,
      2.29609174952665
    ],
    "root_gap": 0.0667608434156233,
    "root_lower_objective": 1.988466545885375,
    "root_upper_objective": 2.0552273893009985,
    "upper_objective": 2.055227389300998,
    "upper_values": [
      1.8220864023288996,
      2.004628404856828,
      2.362425303719844,
      2.016328277955962,
      1.7605398983604568,
      2.3653560485839997
    ]
  },
  "initialization": {
    "initial_beliefs": [
      [
        1.0,
        0.0,
        0.0,
        0.0,
        0.0,
        0.0
      ],
      [
        0.0,
        1.0,
        0.0,
        0.0,
        0.0,
        0.0
      ],
      [
        0.0,
        0.0,
        1.0,
        0.0,
        0.0,
        0.0
      ],
      [
        0.0,
        0.0,
        0.0,
        1.0,
        0.0,
        0.0
      ],
      [
        0.0,
        0.0,
        0.0,
        0.0,
        1.0,
        0.0
      ],
      [
        0.0,
        0.0,
        0.0,
        0.0,
        0.0,
        1.0
      ]
    ],
    "initial_weights": [
      0.16666666666666666,
      0.16666666666666666,
      0.16666666666666666,
      0.16666666666666666,
      0.16666666666666666,
      0.16666666666666666
    ],
    "kind": "single synthetic root revealing a uniformly sampled physical state",
    "root_value_scale": "V_root / gamma, gamma=0.9"
  },
  "model": {
    "beta": 0.05,
    "epsilon": 0.08,
    "gamma": 0.9,
    "mdp_density": 0.5,
    "mdp_seed": 1638621136,
    "mdp_sha256": "30be6ff6860d2cd50ee0b43be8bf5d71bffc5fbe9fe965939b696c5d4a491487",
    "n_jpo_actions": 128,
    "n_prescriptions": 64,
    "n_receiver_actions": 2,
    "n_states": 6
  },
  "runtime": {
    "julia": "1.12.6",
    "native_sarsop": "0.1.4",
    "pomdp_tools": "1.1.0",
    "pomdps": "1.0.0"
  },
  "solver": {
    "delta": 0.0001,
    "export_beliefs": false,
    "initial_bound_max_time": 30.0,
    "initial_bound_residual": 1e-08,
    "initial_upper_bound": "fully_observable",
    "kappa": 0.5,
    "max_steps": 1000000,
    "max_time": 600.0,
    "precision": 0.01,
    "prune_threshold": 0.1,
    "search_epsilon": 0.01,
    "use_binning": true
  },
  "training": {
    "alpha_count": 8,
    "belief_count": 1380688,
    "elapsed_seconds": 1071.119994878769,
    "history": [
      {
        "elapsed_seconds": 1.5974044799804688e-05,
        "initial_gap": 112.06886560309829,
        "initial_lower_objective": -110.00000000000004,
        "initial_upper_objective": 2.068865603098241,
        "iteration": 0,
        "root_gap": 100.86197904278846,
        "root_lower": -99.00000000000004,
        "root_upper": 1.8619790427884166
      },
      {
        "elapsed_seconds": 0.034158945083618164,
        "initial_gap": 0.520505754773218,
        "initial_lower_objective": 1.5483598483250227,
        "initial_upper_objective": 2.068865603098241,
        "iteration": 1,
        "root_gap": 0.4684551792958962,
        "root_lower": 1.3935238634925204,
        "root_upper": 1.8619790427884166
      },
      {
        "elapsed_seconds": 0.06627202033996582,
        "initial_gap": 0.098038865542195,
        "initial_lower_objective": 1.9708267375560458,
        "initial_upper_objective": 2.068865603098241,
        "iteration": 2,
        "root_gap": 0.0882349789879755,
        "root_lower": 1.7737440638004411,
        "root_upper": 1.8619790427884166
      },
      {
        "elapsed_seconds": 0.11285996437072754,
        "initial_gap": 0.08265708149795116,
        "initial_lower_objective": 1.9847157265053215,
        "initial_upper_objective": 2.0673728080032725,
        "iteration": 3,
        "root_gap": 0.07439137334815604,
        "root_lower": 1.7862441538547893,
        "root_upper": 1.8606355272029453
      },
      {
        "elapsed_seconds": 0.1325240135192871,
        "initial_gap": 0.08140682900974743,
        "initial_lower_objective": 1.9859659776284386,
        "initial_upper_objective": 2.067372806638186,
        "iteration": 4,
        "root_gap": 0.07326614610877269,
        "root_lower": 1.7873693798655947,
        "root_upper": 1.8606355259743674
      },
      {
        "elapsed_seconds": 0.2157878875732422,
        "initial_gap": 0.07875761389294282,
        "initial_lower_objective": 1.9877515027894965,
        "initial_upper_objective": 2.066509116682439,
        "iteration": 5,
        "root_gap": 0.07088185250364853,
        "root_lower": 1.7889763525105469,
        "root_upper": 1.8598582050141954
      },
      {
        "elapsed_seconds": 0.34779787063598633,
        "initial_gap": 0.07829665548172486,
        "initial_lower_objective": 1.9882124612007144,
        "initial_upper_objective": 2.066509116682439,
        "iteration": 6,
        "root_gap": 0.07046698993355238,
        "root_lower": 1.789391215080643,
        "root_upper": 1.8598582050141954
      },
      {
        "elapsed_seconds": 0.4831349849700928,
        "initial_gap": 0.0781037223233532,
        "initial_lower_objective": 1.988405394359086,
        "initial_upper_objective": 2.066509116682439,
        "iteration": 7,
        "root_gap": 0.07029335009101789,
        "root_lower": 1.7895648549231775,
        "root_upper": 1.8598582050141954
      },
      {
        "elapsed_seconds": 0.6590778827667236,
        "initial_gap": 0.07806632295876452,
        "initial_lower_objective": 1.9884427937236748,
        "initial_upper_objective": 2.066509116682439,
        "iteration": 8,
        "root_gap": 0.07025969066288806,
        "root_lower": 1.7895985143513073,
        "root_upper": 1.8598582050141954
      },
      {
        "elapsed_seconds": 0.9634299278259277,
        "initial_gap": 0.07804846234568834,
        "initial_lower_objective": 1.988460654336751,
        "initial_upper_objective": 2.066509116682439,
        "iteration": 9,
        "root_gap": 0.07024361611111951,
        "root_lower": 1.789614588903076,
        "root_upper": 1.8598582050141954
      },
      {
        "elapsed_seconds": 0.9803929328918457,
        "initial_gap": 0.078048134017012,
        "initial_lower_objective": 1.9884609826654274,
        "initial_upper_objective": 2.066509116682439,
        "iteration": 10,
        "root_gap": 0.0702433206153108,
        "root_lower": 1.7896148843988846,
        "root_upper": 1.8598582050141954
      },
      {
        "elapsed_seconds": 1.2324550151824951,
        "initial_gap": 0.07804474122808787,
        "initial_lower_objective": 1.9884643754543514,
        "initial_upper_objective": 2.066509116682439,
        "iteration": 11,
        "root_gap": 0.07024026710527909,
        "root_lower": 1.7896179379089163,
        "root_upper": 1.8598582050141954
      },
      {
        "elapsed_seconds": 1.250309944152832,
        "initial_gap": 0.07804474052612223,
        "initial_lower_objective": 1.988464376156317,
        "initial_upper_objective": 2.066509116682439,
        "iteration": 12,
        "root_gap": 0.07024026647351,
        "root_lower": 1.7896179385406854,
        "root_upper": 1.8598582050141954
      },
      {
        "elapsed_seconds": 1.5719399452209473,
        "initial_gap": 0.07804438281723058,
        "initial_lower_objective": 1.9884647338652086,
        "initial_upper_objective": 2.066509116682439,
        "iteration": 13,
        "root_gap": 0.07023994453550753,
        "root_lower": 1.7896182604786879,
        "root_upper": 1.8598582050141954
      },
      {
        "elapsed_seconds": 1.9084270000457764,
        "initial_gap": 0.07795708975110419,
        "initial_lower_objective": 1.9884656214495253,
        "initial_upper_objective": 2.0664227112006297,