{
  "horizon": 95,
  "lower_objective": 3.739654585900945,
  "lower_values": [
    3.5308176304813945,
    4.186361371572278,
    3.5308176304813945,
    4.186361371572278,
    3.4511323806503844,
    3.5524371306479416
  ],
  "method": "deterministic_joint_state_belief_propagation",
  "objective_estimate": 3.7398896166536915,
  "status": "same_as_normal_no_violations",
  "tail_interval_width": 0.0004700615054935575,
  "total_belief_nodes": 65297,
  "unrestricted_upper_minus_restricted_lower": 0.011301386637981192,
  "upper_objective": 3.7401246474064385,
  "upper_values": [
    3.5312876919868876,
    4.1868314330777725,
    3.5312876919868876,
    4.1868314330777725,
    3.4516024421558775,
    3.552907192153434
  ]
}