{
  "horizon": 95,
  "lower_objective": 2.658555117039545,
  "lower_values": [
    2.7026196037848886,
    2.5695691903361366,
    2.4357596338048797,
    2.4357596338048797,
    2.903811320253243,
    2.903811320253243
  ],
  "method": "deterministic_joint_state_belief_propagation",
  "objective_estimate": 2.6587901477922924,
  "status": "ok",
  "tail_interval_width": 0.0004700615054948898,
  "total_belief_nodes": 70059,
  "upper_objective": 2.65902517854504,
  "upper_values": [
    2.7030896652903835,
    2.5700392518416297,
    2.4362296953103737,
    2.4362296953103737,
    2.9042813817587394,
    2.9042813817587394
  ]
}