{
  "horizon": 95,
  "lower_objective": 4.444311884973688,
  "lower_values": [
    4.880470542636712,
    4.511706160908126,
    4.511706160908126,
    3.9407589513762264,
    3.9407589513762264,
    4.880470542636712
  ],
  "method": "deterministic_joint_state_belief_propagation",
  "objective_estimate": 4.44454691572645,
  "status": "same_as_normal_no_violations",
  "tail_interval_width": 0.00047006150552597603,
  "total_belief_nodes": 19072,
  "unrestricted_upper_minus_restricted_lower": 0.011232311143393403,
  "upper_objective": 4.444781946479214,
  "upper_values": [
    4.88094060414221,
    4.51217622241362,
    4.51217622241362,
    3.9412290128818106,
    3.9412290128818106,
    4.88094060414221
  ]
}