{
  "horizon": 95,
  "lower_objective": 4.919964675589014,
  "lower_values": [
    5.095005973388428,
    4.735010657776018,
    5.095005973388428,
    5.095005973388428,
    5.095005973388428,
    4.4047535022043585
  ],
  "method": "deterministic_joint_state_belief_propagation",
  "objective_estimate": 4.920199706341764,
  "status": "ok",
  "tail_interval_width": 0.0004700615054975543,
  "total_belief_nodes": 21775,
  "upper_objective": 4.920434737094512,
  "upper_values": [
    5.0954760348939265,
    4.735480719281514,
    5.0954760348939265,
    5.0954760348939265,
    5.0954760348939265,
    4.405223563709854
  ]
}