{
  "alpha_vector_count": 5,
  "analysis_discounted_tail_bound": 9.67774912024056e-09,
  "analysis_horizon": 197,
  "analysis_total_belief_nodes": 7944,
  "beta": 0.05,
  "beta_index": 1,
  "discounted_transmission_occupancy": 3.0796445080477417,
  "epsilon": 0.06000000000000001,
  "epsilon_index": 5,
  "gamma": 0.9,
  "gamma_index": 0,
  "index": 15,
  "margin": -0.4576000000000002,
  "margin_region": "m<0",
  "mdp_seed": 1111,
  "normal_minus_restricted_lower": 0.013108519798816332,
  "normal_minus_restricted_upper": 0.014048642809807887,
  "normal_minus_restricted_value": 0.013578581304312998,
  "normal_policy_horizon": 95,
  "normal_policy_interval_width": 0.0004700615054975543,
  "normal_policy_lower_bound": 4.919964675589014,
  "normal_policy_total_belief_nodes": 21775,
  "normal_policy_upper_bound": 4.920434737094512,
  "normal_policy_value": 4.920199706341764,
  "point_id": "g0_b01_e05",
  "restricted_lower_bound_status": "ok",
  "restricted_policy_horizon": 95,
  "restricted_policy_interval_width": 0.0004700615054940016,
  "restricted_policy_lower_bound": 4.906386094284704,
  "restricted_policy_total_belief_nodes": 21757,
  "restricted_policy_upper_bound": 4.906856155790198,
  "reused_solver_checkpoint": false,
  "root_gap": 0.07508250827306304,
  "sampled_belief_count": 1811419,
  "sarsop_gap": 0.07463138840189565,
  "sarsop_lower_bound": 4.920207935512831,
  "sarsop_upper_bound": 4.994839323914727,
  "solver_elapsed_seconds": 1230.7180950641632,
  "solver_iterations": 93,
  "solver_stop_reason": "max_time",
  "status": "ok",
  "unrestricted_upper_minus_restricted_lower": 0.08845322963002289,
  "violation_count": 1,
  "violation_discounted_event_occupancy": 0.2412799776620879,
  "violation_first_depth_max": 0,
  "violation_first_depth_min": 0
}