{
  "horizon": 95,
  "lower_objective": 4.069938900412337,
  "lower_values": [
    4.560354003680636,
    3.4725303074884075,
    4.560354003680636,
    4.560354003680636,
    3.4725303074884075,
    3.7935107764553058
  ],
  "method": "deterministic_joint_state_belief_propagation",
  "objective_estimate": 4.070173931165088,
  "status": "ok",
  "tail_interval_width": 0.00047006150550021886,
  "total_belief_nodes": 49992,
  "upper_objective": 4.070408961917837,
  "upper_values": [
    4.56082406518613,
    3.4730003689939135,
    4.56082406518613,
    4.56082406518613,
    3.4730003689939135,
    3.7939808379608113
  ]
}