{
  "horizon": 95,
  "lower_objective": 3.8072048069274707,
  "lower_values": [
    3.696815828797492,
    3.977377200660112,
    3.5174655819895078,
    3.696815828797492,
    3.977377200660112,
    3.977377200660112
  ],
  "method": "deterministic_joint_state_belief_propagation",
  "objective_estimate": 3.807439837680218,
  "status": "same_as_normal_no_violations",
  "tail_interval_width": 0.0004700615054944457,
  "total_belief_nodes": 49975,
  "unrestricted_upper_minus_restricted_lower": 0.02429463271836907,
  "upper_objective": 3.807674868432965,
  "upper_values": [
    3.6972858903029837,
    3.9778472621656076,
    3.517935643495001,
    3.6972858903029837,
    3.9778472621656076,
    3.9778472621656076
  ]
}