{
  "action_encoding": {
    "formula": "action = prescription_index * n_receiver_actions + receiver_action",
    "solver_jpo_action_offset": 1,
    "state_zero_bit": "most_significant"
  },
  "bounds": {
    "gap": 5.789385779197261,
    "lower_objective": 45.548438266309276,
    "lower_values": [
      45.72033764604762,
      45.36831439453502,
      45.72012117405536,
      45.72033764604762,
      45.72012117405536,
      45.04139756311467
    ],
    "root_gap": 5.794957645876505,
    "root_lower_objective": 45.548438266309276,
    "root_upper_objective": 51.34339591218578,
    "upper_objective": 51.33782404550654,
    "upper_values": [
      51.42684217999675,
      51.465369175909984,
      51.39553966689566,
      51.52499103763535,
      51.365625968248324,
      50.84857624435316
    ]
  },
  "initialization": {
    "initial_beliefs": [
      [
        1.0,
        0.0,
        0.0,
        0.0,
        0.0,
        0.0
      ],
      [
        0.0,
        1.0,
        0.0,
        0.0,
        0.0,
        0.0
      ],
      [
        0.0,
        0.0,
        1.0,
        0.0,
        0.0,
        0.0
      ],
      [
        0.0,
        0.0,
        0.0,
        1.0,
        0.0,
        0.0
      ],
      [
        0.0,
        0.0,
        0.0,
        0.0,
        1.0,
        0.0
      ],
      [
        0.0,
        0.0,
        0.0,
        0.0,
        0.0,
        1.0
      ]
    ],
    "initial_weights": [
      0.16666666666666666,
      0.16666666666666666,
      0.16666666666666666,
      0.16666666666666666,
      0.16666666666666666,
      0.16666666666666666
    ],
    "kind": "single synthetic root revealing a uniformly sampled physical state",
    "root_value_scale": "V_root / gamma, gamma=0.99"
  },
  "model": {
    "beta": 0.15,
    "epsilon": 0.08,
    "gamma": 0.99,
    "mdp_density": 0.5,
    "mdp_seed": 1111,
    "mdp_sha256": "580f9fa806b22e34e0f0d1010a1012409199158e69e3f71c129e1c5119fb8d6a",
    "n_jpo_actions": 128,
    "n_prescriptions": 64,
    "n_receiver_actions": 2,
    "n_states": 6
  },
  "runtime": {
    "julia": "1.12.6",
    "native_sarsop": "0.1.4",
    "pomdp_tools": "1.1.0",
    "pomdps": "1.0.0"
  },
  "solver": {
    "delta": 0.0001,
    "export_beliefs": false,
    "initial_bound_max_time": 30.0,
    "initial_bound_residual": 1e-08,
    "initial_upper_bound": "fully_observable",
    "kappa": 0.5,
    "max_steps": 1000000,
    "max_time": 500.0,
    "precision": 0.01,
    "prune_threshold": 0.1,
    "search_epsilon": 0.01,
    "use_binning": true
  },
  "training": {
    "alpha_count": 8,
    "belief_count": 7419952,
    "elapsed_seconds": 528.2190761566162,
    "history": [
      {
        "elapsed_seconds": 5.9604644775390625e-06,
        "initial_gap": 10151.685969110493,
        "initial_lower_objective": -10099.999999999984,
        "initial_upper_objective": 51.68596911050958,
        "iteration": 0,
        "root_gap": 10050.169109419388,
        "root_lower": -9998.999999999984,
        "root_upper": 51.169109419404485
      },
      {
        "elapsed_seconds": 0.00022602081298828125,
        "initial_gap": 26.711134436216597,
        "initial_lower_objective": 24.974834674292985,
        "initial_upper_objective": 51.68596911050958,
        "iteration": 1,
        "root_gap": 26.44402309185443,
        "root_lower": 24.725086327550056,
        "root_upper": 51.169109419404485
      },
      {
        "elapsed_seconds": 1.0864520072937012,
        "initial_gap": 17.727985854948933,
        "initial_lower_objective": 33.95798325556065,
        "initial_upper_objective": 51.68596911050958,
        "iteration": 2,
        "root_gap": 17.550705996399444,
        "root_lower": 33.61840342300504,
        "root_upper": 51.169109419404485
      },
      {
        "elapsed_seconds": 4.252302169799805,
        "initial_gap": 16.968874816589533,
        "initial_lower_objective": 34.69077907114209,
        "initial_upper_objective": 51.65965388773162,
        "iteration": 3,
        "root_gap": 16.799186068423637,
        "root_lower": 34.34387128043067,
        "root_upper": 51.143057348854306
      },
      {
        "elapsed_seconds": 10.289575099945068,
        "initial_gap": 13.965833348799766,
        "initial_lower_objective": 37.656994567458824,
        "initial_upper_objective": 51.62282791625859,
        "iteration": 4,
        "root_gap": 13.826175015311769,
        "root_lower": 37.280424621784235,
        "root_upper": 51.106599637096004
      },
      {
        "elapsed_seconds": 16.54550004005432,
        "initial_gap": 11.911573708284108,
        "initial_lower_objective": 39.6418224915526,
        "initial_upper_objective": 51.553396199836705,
        "iteration": 5,
        "root_gap": 11.792457971201266,
        "root_lower": 39.245404266637074,
        "root_upper": 51.03786223783834
      },
      {
        "elapsed_seconds": 27.286288022994995,
        "initial_gap": 10.285489952434668,
        "initial_lower_objective": 41.261333853316,
        "initial_upper_objective": 51.54682380575067,
        "iteration": 6,
        "root_gap": 10.182635052910321,
        "root_lower": 40.84872051478284,
        "root_upper": 51.03135556769316
      },
      {
        "elapsed_seconds": 38.95836615562439,
        "initial_gap": 9.18607443893592,
        "initial_lower_objective": 42.33371058110689,
        "initial_upper_objective": 51.51978502004281,
        "iteration": 7,
        "root_gap": 9.09421369454656,
        "root_lower": 41.91037347529582,
        "root_upper": 51.00458716984238
      },
      {
        "elapsed_seconds": 52.82939004898071,
        "initial_gap": 8.674660849069715,
        "initial_lower_objective": 42.83499144345405,
        "initial_upper_objective": 51.50965229252377,
        "iteration": 8,
        "root_gap": 8.587914240579018,
        "root_lower": 42.40664152901951,
        "root_upper": 50.99455576959853
      },
      {
        "elapsed_seconds": 72.50002908706665,
        "initial_gap": 8.440451425892459,
        "initial_lower_objective": 43.068455379919754,
        "initial_upper_objective": 51.50890680581222,
        "iteration": 9,
        "root_gap": 8.356046911633534,
        "root_lower": 42.63777082612056,
        "root_upper": 50.99381773775409
      },
      {
        "elapsed_seconds": 97.97498416900635,
        "initial_gap": 7.9401993781965325,
        "initial_lower_objective": 43.56321337578075,
        "initial_upper_objective": 51.50341275397728,
        "iteration": 10,
        "root_gap": 7.8607973844145675,
        "root_lower": 43.12758124202294,
        "root_upper": 50.98837862643751
      },
      {
        "elapsed_seconds": 129.0670599937439,
        "initial_gap": 7.812729192099571,
        "initial_lower_objective": 43.68589891389015,
        "initial_upper_objective": 51.49862810598972,
        "iteration": 11,
        "root_gap": 7.734601900178575,
        "root_lower": 43.249039924751244,
        "root_upper": 50.98364182492982
      },
      {
        "elapsed_seconds": 163.77364206314087,
        "initial_gap": 7.591644481730335,
        "initial_lower_objective": 43.8987876776765,
        "initial_upper_objective": 51.490432159406836,
        "iteration": 12,
        "root_gap": 7.515728036913032,
        "root_lower": 43.45979980089974,
        "root_upper": 50.97552783781277
      },
      {
        "elapsed_seconds": 205.1076741218567,
        "initial_gap": 7.306873494123433,
        "initial_lower_objective": 44.18230296144233,
        "initial_upper_objective": 51.48917645556576,
        "iteration": 13,
        "root_gap": 7.233804759182199,
        "root_lower": 43.740479931827906,
        "root_upper": 50.974284691010105
      },
      {
        "elapsed_seconds": 246.85058999061584,
        "initial_gap": 7.188286427425263,
        "initial_lower_objective": 44.299792055311464,
        "initial_upper_objective": 51.488078482736725,
        "iteration": 14,
        "root_gap": 7.11640356315101,