{
  "horizon": 95,
  "lower_objective": 2.0779066142356664,
  "lower_values": [
    1.993807486304549,
    2.0467884627380255,
    1.9631263640418062,
    1.993807486304549,
    2.0467884627380255,
    2.4231214232870446
  ],
  "method": "deterministic_joint_state_belief_propagation",
  "objective_estimate": 2.0781416449884134,
  "status": "ok",
  "tail_interval_width": 0.0004700615054940016,
  "total_belief_nodes": 49413,
  "upper_objective": 2.0783766757411604,
  "upper_values": [
    1.994277547810043,
    2.0472585242435195,
    1.9635964255473002,
    1.994277547810043,
    2.0472585242435195,
    2.4235914847925364
  ]
}