{
  "horizon": 95,
  "lower_objective": 2.4832384185641687,
  "lower_values": [
    2.3144173619081814,
    2.802523322291834,
    2.115973791602427,
    2.802523322291834,
    2.504002489343039,
    2.3599902239476984
  ],
  "method": "deterministic_joint_state_belief_propagation",
  "objective_estimate": 2.483473449316916,
  "status": "same_as_normal_no_violations",
  "tail_interval_width": 0.0004700615054935575,
  "total_belief_nodes": 27078,
  "unrestricted_upper_minus_restricted_lower": 0.02064281752951036,
  "upper_objective": 2.4837084800696623,
  "upper_values": [
    2.314887423413675,
    2.8029933837973258,
    2.1164438531079215,
    2.8029933837973258,
    2.5044725508485324,
    2.3604602854531955
  ]
}