{
  "horizon": 95,
  "lower_objective": 3.271226991976736,
  "lower_values": [
    2.9994356006888774,
    3.4890466073933424,
    2.9994356006888774,
    3.4890466073933424,
    3.1613509283026353,
    3.4890466073933424
  ],
  "method": "deterministic_joint_state_belief_propagation",
  "objective_estimate": 3.2714620227294833,
  "status": "ok",
  "tail_interval_width": 0.0004700615054948898,
  "total_belief_nodes": 48744,
  "upper_objective": 3.2716970534822307,
  "upper_values": [
    2.999905662194373,
    3.489516668898836,
    2.999905662194373,
    3.489516668898836,
    3.161820989808132,
    3.489516668898836
  ]
}