{
  "horizon": 95,
  "lower_objective": 1.9958539303491556,
  "lower_values": [
    1.7701285033299972,
    1.945767430154414,
    2.303527622566976,
    1.9573187181435419,
    1.6948536853330298,
    2.303527622566976
  ],
  "method": "deterministic_joint_state_belief_propagation",
  "objective_estimate": 1.996088961101902,
  "status": "ok",
  "tail_interval_width": 0.0004700615054924473,
  "total_belief_nodes": 75339,
  "upper_objective": 1.996323991854648,
  "upper_values": [
    1.7705985648354898,
    1.9462374916599066,
    2.303997684072468,
    1.957788779649035,
    1.6953237468385214,
    2.303997684072468
  ]
}