{
  "horizon": 95,
  "lower_objective": 3.9183051636627275,
  "lower_values": [
    4.402689086519524,
    3.3282613608707257,
    4.402689086519524,
    4.402689086519524,
    3.3282613608707257,
    3.6452410006763425
  ],
  "method": "deterministic_joint_state_belief_propagation",
  "objective_estimate": 3.9185401944155225,
  "status": "ok",
  "tail_interval_width": 0.0004700615055894808,
  "total_belief_nodes": 19867,
  "unrestricted_upper_minus_restricted_lower": 0.14124388312678926,
  "upper_objective": 3.918775225168317,
  "upper_values": [
    4.403159148025019,
    3.328731422376399,
    4.403159148025019,
    4.403159148025019,
    3.328731422376399,
    3.6457110621820483
  ]
}