{
  "alpha_vector_count": 10,
  "analysis_discounted_tail_bound": 9.67774912024056e-09,
  "analysis_horizon": 197,
  "analysis_total_belief_nodes": 14122,
  "beta": 0.05,
  "candidate_index": 45,
  "discounted_transmission_occupancy": 2.5704089106219907,
  "epsilon": 0.06000000000000001,
  "epsilon_index": 5,
  "gamma": 0.9,
  "index": 455,
  "margin": -0.4576000000000002,
  "margin_region": "m<0",
  "mdp_seed": 20617211,
  "normal_minus_restricted_lower": 0.06498409063499011,
  "normal_minus_restricted_upper": 0.06592421364607315,
  "normal_minus_restricted_value": 0.06545415214053119,
  "normal_policy_horizon": 95,
  "normal_policy_interval_width": 0.0004700615054935575,
  "normal_policy_lower_bound": 3.983759315803307,
  "normal_policy_total_belief_nodes": 35659,
  "normal_policy_upper_bound": 3.9842293773088007,
  "normal_policy_value": 3.9839943465560537,
  "point_id": "seed_20617211_e05",
  "restricted_policy_horizon": 95,
  "restricted_policy_interval_width": 0.0004700615055894808,
  "restricted_policy_lower_bound": 3.9183051636627275,
  "restricted_policy_status": "ok",
  "restricted_policy_total_belief_nodes": 19867,
  "restricted_policy_upper_bound": 3.918775225168317,
  "restricted_policy_value": 3.9185401944155225,
  "reused_solver_checkpoint": false,
  "root_gap": 0.07561108293412142,
  "sampled_belief_count": 4880716,
  "sarsop_gap": 0.07558289906517723,
  "sarsop_gap_within_acceptance_threshold": true,
  "sarsop_lower_bound": 3.9839661477243395,
  "sarsop_upper_bound": 4.059549046789517,
  "solver_elapsed_seconds": 608.0178020000458,
  "solver_iterations": 199,
  "solver_stop_reason": "max_time",
  "status": "ok",
  "violation_count": 113,
  "violation_discounted_event_occupancy": 0.8046772166315018,
  "violation_first_depth_max": 38,
  "violation_first_depth_min": 1
}