{
  "action_encoding": {
    "formula": "action = prescription_index * n_receiver_actions + receiver_action",
    "solver_jpo_action_offset": 1,
    "state_zero_bit": "most_significant"
  },
  "bounds": {
    "gap": 0.008884011488251353,
    "lower_objective": 7.363150684867258,
    "lower_values": [
      7.421655993888079,
      7.392567012759996,
      7.273776322160209,
      7.104366967314078,
      7.508892281962647,
      7.477645531118538
    ],
    "root_gap": 0.009012445705255267,
    "root_lower_objective": 7.363150684867258,
    "root_upper_objective": 7.372163130572513,
    "upper_objective": 7.3720346963555095,
    "upper_values": [
      7.4317658517764125,
      7.401194141671583,
      7.282058310472899,
      7.113798430247803,
      7.5172193332188115,
      7.486172110745548
    ]
  },
  "initialization": {
    "initial_beliefs": [
      [
        1.0,
        0.0,
        0.0,
        0.0,
        0.0,
        0.0
      ],
      [
        0.0,
        1.0,
        0.0,
        0.0,
        0.0,
        0.0
      ],
      [
        0.0,
        0.0,
        1.0,
        0.0,
        0.0,
        0.0
      ],
      [
        0.0,
        0.0,
        0.0,
        1.0,
        0.0,
        0.0
      ],
      [
        0.0,
        0.0,
        0.0,
        0.0,
        1.0,
        0.0
      ],
      [
        0.0,
        0.0,
        0.0,
        0.0,
        0.0,
        1.0
      ]
    ],
    "initial_weights": [
      0.16666666666666666,
      0.16666666666666666,
      0.16666666666666666,
      0.16666666666666666,
      0.16666666666666666,
      0.16666666666666666
    ],
    "kind": "single synthetic root revealing a uniformly sampled physical state",
    "root_value_scale": "V_root / gamma, gamma=0.9"
  },
  "model": {
    "beta": 0.0,
    "epsilon": 0.01,
    "gamma": 0.9,
    "mdp_density": 0.5,
    "mdp_seed": 1111,
    "mdp_sha256": "d7da316d329b4889e7e777d11e05e73cfbc4247cc4fc4b11b7ce59a173551948",
    "n_jpo_actions": 128,
    "n_prescriptions": 64,
    "n_receiver_actions": 2,
    "n_states": 6
  },
  "runtime": {
    "julia": "1.12.6",
    "native_sarsop": "0.1.4",
    "pomdp_tools": "1.1.0",
    "pomdps": "1.0.0"
  },
  "solver": {
    "delta": 0.0001,
    "export_beliefs": false,
    "initial_bound_max_time": 30.0,
    "initial_bound_residual": 1e-08,
    "initial_upper_bound": "fully_observable",
    "kappa": 0.5,
    "max_steps": 1000000,
    "max_time": 500.0,
    "precision": 0.01,
    "prune_threshold": 0.1,
    "search_epsilon": 0.01,
    "use_binning": true
  },
  "training": {
    "alpha_count": 7,
    "belief_count": 150802,
    "elapsed_seconds": 0.3037419319152832,
    "history": [
      {
        "elapsed_seconds": 1.0967254638671875e-05,
        "initial_gap": 117.37377851153757,
        "initial_lower_objective": -110.00000000000004,
        "initial_upper_objective": 7.373778511537526,
        "iteration": 0,
        "root_gap": 105.63640066038381,
        "root_lower": -99.00000000000004,
        "root_upper": 6.6364006603837735
      },
      {
        "elapsed_seconds": 0.02483201026916504,
        "initial_gap": 1.075079598679927,
        "initial_lower_objective": 6.298698912857599,
        "initial_upper_objective": 7.373778511537526,
        "iteration": 1,
        "root_gap": 0.9675716388119344,
        "root_lower": 5.668829021571839,
        "root_upper": 6.6364006603837735
      },
      {
        "elapsed_seconds": 0.04493379592895508,
        "initial_gap": 0.1412129565237653,
        "initial_lower_objective": 7.232565553517871,
        "initial_upper_objective": 7.373778510041636,
        "iteration": 2,
        "root_gap": 0.1270916608713888,
        "root_lower": 6.509308998166084,
        "root_upper": 6.636400659037473
      },
      {
        "elapsed_seconds": 0.08264589309692383,
        "initial_gap": 0.04035555795782643,
        "initial_lower_objective": 7.332742628373615,
        "initial_upper_objective": 7.3730981863314415,
        "iteration": 3,
        "root_gap": 0.036320002162043785,
        "root_lower": 6.599468365536254,
        "root_upper": 6.635788367698297
      },
      {
        "elapsed_seconds": 0.0899808406829834,
        "initial_gap": 0.031977949543567794,
        "initial_lower_objective": 7.340697901560558,
        "initial_upper_objective": 7.372675851104126,
        "iteration": 4,
        "root_gap": 0.028780154589211016,
        "root_lower": 6.606628111404502,
        "root_upper": 6.635408265993713
      },
      {
        "elapsed_seconds": 0.09684491157531738,
        "initial_gap": 0.02622376932838597,
        "initial_lower_objective": 7.346312955118027,
        "initial_upper_objective": 7.372536724446412,
        "iteration": 5,
        "root_gap": 0.02360139239554737,
        "root_lower": 6.611681659606224,
        "root_upper": 6.635283052001771
      },
      {
        "elapsed_seconds": 0.14135193824768066,
        "initial_gap": 0.012128002024086962,
        "initial_lower_objective": 7.360288483421693,
        "initial_upper_objective": 7.37241648544578,
        "iteration": 6,
        "root_gap": 0.010915201821678266,
        "root_lower": 6.6242596350795235,
        "root_upper": 6.635174836901202
      },
      {
        "elapsed_seconds": 0.1618509292602539,
        "initial_gap": 0.009012445705255267,
        "initial_lower_objective": 7.363150684867258,
        "initial_upper_objective": 7.372163130572513,
        "iteration": 7,
        "root_gap": 0.00811120113472974,
        "root_lower": 6.626835616380532,
        "root_upper": 6.634946817515262
      }
    ],
    "initial_lower_residual": 8.77845263147492e-09,
    "initial_lower_subsolution_shift": 0.0,
    "initial_upper_bound": "fully_observable",
    "initial_upper_iterations": 162,
    "initial_upper_residual": 9.972599634977541e-09,
    "initialization_seconds": 0.2301769256591797,
    "iterations": 7,
    "stop_reason": "precision"
  }
}