{
  "horizon": 95,
  "lower_objective": 2.633574897797698,
  "lower_values": [
    2.824912006137493,
    3.145867715454596,
    2.3736014935255656,
    2.824912006137493,
    2.2989974125832093,
    2.3331587529478304
  ],
  "method": "deterministic_joint_state_belief_propagation",
  "objective_estimate": 2.6338099285504457,
  "status": "ok",
  "tail_interval_width": 0.00047006150549577796,
  "total_belief_nodes": 120386,
  "upper_objective": 2.6340449593031936,
  "upper_values": [
    2.825382067642989,
    3.146337776960093,
    2.374071555031059,
    2.825382067642989,
    2.2994674740887047,
    2.333628814453328
  ]
}