{
  "horizon": 95,
  "lower_objective": 2.4799347582520563,
  "lower_values": [
    2.819072587393393,
    2.396102119297892,
    2.4227772411743875,
    2.396102119297892,
    2.4227772411743875,
    2.4227772411743875
  ],
  "method": "deterministic_joint_state_belief_propagation",
  "objective_estimate": 2.4801697890048033,
  "status": "same_as_normal_no_violations",
  "tail_interval_width": 0.0004700615054944457,
  "total_belief_nodes": 38550,
  "unrestricted_upper_minus_restricted_lower": 0.005269912198071491,
  "upper_objective": 2.480404819757551,
  "upper_values": [
    2.8195426488988877,
    2.3965721808033855,
    2.4232473026798815,
    2.3965721808033855,
    2.4232473026798815,
    2.4232473026798815
  ]
}