{
  "horizon": 94,
  "lower_objective": 5.103374686728748,
  "lower_values": [
    5.278837120780466,
    4.923251098241741,
    5.278837120780466,
    5.278837120780466,
    5.278837120780466,
    4.581648539008888
  ],
  "method": "deterministic_joint_state_belief_propagation",
  "objective_estimate": 5.10362458651962,
  "status": "ok",
  "tail_interval_width": 0.0004997995817443979,
  "total_belief_nodes": 18583,
  "upper_objective": 5.103874486310493,
  "upper_values": [
    5.27933692036222,
    4.923750897823443,
    5.27933692036222,
    5.27933692036222,
    5.27933692036222,
    4.5821483385906365
  ]
}