{
  "alpha_vector_count": 7,
  "analysis_discounted_tail_bound": 9.67774912024056e-09,
  "analysis_horizon": 197,
  "analysis_total_belief_nodes": 6740,
  "beta": 0.0,
  "beta_index": 0,
  "discounted_transmission_occupancy": 7.791944442606073,
  "epsilon": 0.030000000000000006,
  "epsilon_index": 2,
  "gamma": 0.9,
  "gamma_index": 0,
  "index": 2,
  "margin": -0.26190000000000013,
  "margin_region": "m<0",
  "mdp_seed": 1111,
  "normal_minus_restricted_lower": 0.02070089564137767,
  "normal_minus_restricted_upper": 0.021700494803656767,
  "normal_minus_restricted_value": 0.02120069522251722,
  "normal_policy_horizon": 94,
  "normal_policy_interval_width": 0.0004997995817443979,
  "normal_policy_lower_bound": 5.103374686728748,
  "normal_policy_total_belief_nodes": 18583,
  "normal_policy_upper_bound": 5.103874486310493,
  "normal_policy_value": 5.10362458651962,
  "point_id": "g0_b00_e02",
  "restricted_lower_bound_status": "ok",
  "restricted_policy_horizon": 94,
  "restricted_policy_interval_width": 0.0004997995805346989,
  "restricted_policy_lower_bound": 5.082173991506836,
  "restricted_policy_total_belief_nodes": 52101,
  "restricted_policy_upper_bound": 5.0826737910873705,
  "reused_solver_checkpoint": false,
  "root_gap": 0.011100503457328357,
  "sampled_belief_count": 1387009,
  "sarsop_gap": 0.01093866671491206,
  "sarsop_lower_bound": 5.103631395488852,
  "sarsop_upper_bound": 5.114570062203764,
  "solver_elapsed_seconds": 16.52996802330017,
  "solver_iterations": 62,
  "solver_stop_reason": "precision",
  "status": "ok",
  "unrestricted_upper_minus_restricted_lower": 0.032396070696928625,
  "violation_count": 87,
  "violation_discounted_event_occupancy": 5.894338552242319,
  "violation_first_depth_max": 10,
  "violation_first_depth_min": 0
}