{
  "horizon": 94,
  "lower_objective": 5.0565176213825715,
  "lower_values": [
    5.232389358592694,
    4.870654956331305,
    5.232389358592694,
    5.232389358592694,
    5.232389358592694,
    4.538893337593353
  ],
  "method": "deterministic_joint_state_belief_propagation",
  "objective_estimate": 5.056767521172839,
  "status": "ok",
  "tail_interval_width": 0.0004997995805329225,
  "total_belief_nodes": 21992,
  "upper_objective": 5.0570174209631045,
  "upper_values": [
    5.232889158173227,
    4.871154755911839,
    5.232889158173227,
    5.232889158173227,
    5.232889158173227,
    4.539393137173887
  ]
}