{
  "horizon": 94,
  "lower_objective": 5.0463321096897715,
  "lower_values": [
    5.223109249666218,
    4.862317437711434,
    5.223109249666218,
    5.223109249666218,
    5.223109249666218,
    4.5232382217623215
  ],
  "method": "deterministic_joint_state_belief_propagation",
  "objective_estimate": 5.046582009480039,
  "status": "ok",
  "tail_interval_width": 0.0004997995805346989,
  "total_belief_nodes": 21953,
  "unrestricted_upper_minus_restricted_lower": 0.02147143083735248,
  "upper_objective": 5.046831909270306,
  "upper_values": [
    5.223609049246754,
    4.862817237291969,
    5.223609049246754,
    5.223609049246754,
    5.223609049246754,
    4.523738021342854
  ]
}