{
  "alpha_vector_count": 7,
  "analysis_discounted_tail_bound": 9.67774912024056e-09,
  "analysis_horizon": 197,
  "analysis_total_belief_nodes": 8127,
  "beta": 0.0,
  "beta_index": 0,
  "discounted_transmission_occupancy": 3.2968165804464724,
  "epsilon": 0.08,
  "epsilon_index": 7,
  "gamma": 0.9,
  "gamma_index": 0,
  "index": 7,
  "margin": -0.6624000000000002,
  "margin_region": "m<0",
  "mdp_seed": 1111,
  "normal_minus_restricted_lower": 0.009685712112265321,
  "normal_minus_restricted_upper": 0.010685311273332943,
  "normal_minus_restricted_value": 0.01018551169280002,
  "normal_policy_horizon": 94,
  "normal_policy_interval_width": 0.0004997995805329225,
  "normal_policy_lower_bound": 5.0565176213825715,
  "normal_policy_total_belief_nodes": 21992,
  "normal_policy_upper_bound": 5.0570174209631045,
  "normal_policy_value": 5.056767521172839,
  "point_id": "g0_b00_e07",
  "restricted_lower_bound_status": "ok",
  "restricted_policy_horizon": 94,
  "restricted_policy_interval_width": 0.0004997995805346989,
  "restricted_policy_lower_bound": 5.0463321096897715,
  "restricted_policy_total_belief_nodes": 21953,
  "restricted_policy_upper_bound": 5.046831909270306,
  "reused_solver_checkpoint": false,
  "root_gap": 0.011168348983465748,
  "sampled_belief_count": 6802300,
  "sarsop_gap": 0.01103134543161044,
  "sarsop_lower_bound": 5.056772195095514,
  "sarsop_upper_bound": 5.067803540527124,
  "solver_elapsed_seconds": 501.79154896736145,
  "solver_iterations": 265,
  "solver_stop_reason": "max_time",
  "status": "ok",
  "unrestricted_upper_minus_restricted_lower": 0.02147143083735248,
  "violation_count": 2,
  "violation_discounted_event_occupancy": 0.46250218553706524,
  "violation_first_depth_max": 0,
  "violation_first_depth_min": 0
}