{
  "horizon": 95,
  "lower_objective": 2.2956154359690446,
  "lower_values": [
    2.6397290796715653,
    2.237604179988776,
    2.1835468161876004,
    2.237604179988776,
    2.237604179988776,
    2.237604179988776
  ],
  "method": "deterministic_joint_state_belief_propagation",
  "objective_estimate": 2.2958504667217916,
  "status": "ok",
  "tail_interval_width": 0.0004700615054940016,
  "total_belief_nodes": 53586,
  "upper_objective": 2.2960854974745386,
  "upper_values": [
    2.6401991411770593,
    2.2380742414942696,
    2.184016877693094,
    2.2380742414942696,
    2.2380742414942696,
    2.2380742414942696
  ]
}