{
  "horizon": 95,
  "lower_objective": 3.2718283327389384,
  "lower_values": [
    3.4636788885163874,
    3.0454929088563776,
    3.4636788885163874,
    3.0454929088563776,
    3.1489475131717146,
    3.4636788885163874
  ],
  "method": "deterministic_joint_state_belief_propagation",
  "objective_estimate": 3.272063363491685,
  "status": "ok",
  "tail_interval_width": 0.0004700615054940016,
  "total_belief_nodes": 26890,
  "upper_objective": 3.2722983942444324,
  "upper_values": [
    3.4641489500218827,
    3.0459629703618694,
    3.4641489500218827,
    3.0459629703618694,
    3.1494175746772073,
    3.4641489500218827
  ]
}