{
  "horizon": 95,
  "lower_objective": 3.179595549582278,
  "lower_values": [
    3.1158319282270566,
    2.978166783343212,
    3.4325343835739983,
    3.0026738905483463,
    3.1158319282270566,
    3.4325343835739983
  ],
  "method": "deterministic_joint_state_belief_propagation",
  "objective_estimate": 3.1798305803350244,
  "status": "same_as_normal_no_violations",
  "tail_interval_width": 0.00047006150549311343,
  "total_belief_nodes": 73821,
  "unrestricted_upper_minus_restricted_lower": 0.010918041935540135,
  "upper_objective": 3.180065611087771,
  "upper_values": [
    3.1163019897325497,
    2.978636844848705,
    3.433004445079493,
    3.0031439520538377,
    3.1163019897325497,
    3.433004445079493
  ]
}