{
  "horizon": 95,
  "lower_objective": 1.0928514294332514,
  "lower_values": [
    0.9240065880321272,
    0.9240065880321272,
    1.2999834167086708,
    1.2999834167086708,
    1.0545642835589564,
    1.0545642835589564
  ],
  "method": "deterministic_joint_state_belief_propagation",
  "objective_estimate": 1.0930864601859982,
  "status": "same_as_normal_no_violations",
  "tail_interval_width": 0.0004700615054933355,
  "total_belief_nodes": 79610,
  "unrestricted_upper_minus_restricted_lower": 0.03209364704337836,
  "upper_objective": 1.0933214909387448,
  "upper_values": [
    0.9244766495376225,
    0.9244766495376225,
    1.3004534782141632,
    1.3004534782141632,
    1.0550343450644493,
    1.0550343450644493
  ]
}