{
  "horizon": 95,
  "lower_objective": 4.570772571911377,
  "lower_values": [
    4.126192167670811,
    4.966075495306696,
    4.966075495306696,
    4.200108388938682,
    4.200108388938682,
    4.966075495306696
  ],
  "method": "deterministic_joint_state_belief_propagation",
  "objective_estimate": 4.571007602664124,
  "status": "same_as_normal_no_violations",
  "tail_interval_width": 0.0004700615054940016,
  "total_belief_nodes": 42903,
  "unrestricted_upper_minus_restricted_lower": 0.019669455618231524,
  "upper_objective": 4.571242633416871,
  "upper_values": [
    4.126662229176304,
    4.966545556812191,
    4.966545556812191,
    4.200578450444175,
    4.200578450444175,
    4.966545556812191
  ]
}