iteration	elapsed_seconds	root_lower	root_upper	root_gap
0.0	8.821487426757812e-6	-99.00000000000004	5.587913460823229	104.58791346082327
1.0	0.0003819465637207031	5.503497889717095	5.587913460823229	0.08441557110613385
2.0	0.007620811462402344	5.58615311743404	5.587913460823229	0.0017603433891890674
