{
  "horizon": 95,
  "lower_objective": 2.659772005953089,
  "lower_values": [
    2.6693528151447086,
    2.6693528151447086,
    2.6693528151447086,
    2.9028950519902406,
    2.3783257231494606,
    2.6693528151447086
  ],
  "method": "deterministic_joint_state_belief_propagation",
  "objective_estimate": 2.660007036705835,
  "status": "same_as_normal_no_violations",
  "tail_interval_width": 0.00047006150549222525,
  "total_belief_nodes": 27537,
  "unrestricted_upper_minus_restricted_lower": 0.011123900714365753,
  "upper_objective": 2.660242067458581,
  "upper_values": [
    2.669822876650201,
    2.669822876650201,
    2.669822876650201,
    2.9033651134957332,
    2.378795784654953,
    2.669822876650201
  ]
}