{
  "horizon": 95,
  "lower_objective": 3.728032956447782,
  "lower_values": [
    4.203568622220596,
    3.435427136839523,
    3.5372162986011637,
    4.203568622220596,
    3.5372162986011637,
    3.451200760203652
  ],
  "method": "deterministic_joint_state_belief_propagation",
  "objective_estimate": 3.728267987200529,
  "status": "same_as_normal_no_violations",
  "tail_interval_width": 0.00047006150549311343,
  "total_belief_nodes": 18689,
  "unrestricted_upper_minus_restricted_lower": 0.011092725840226692,
  "upper_objective": 3.728503017953275,
  "upper_values": [
    4.204038683726088,
    3.435897198345019,
    3.537686360106657,
    4.204038683726088,
    3.537686360106657,
    3.451670821709145
  ]
}