{
  "horizon": 95,
  "lower_objective": 4.051224291932973,
  "lower_values": [
    4.541162998503253,
    3.454202696387499,
    4.541162998503253,
    4.541162998503253,
    3.454202696387499,
    3.775451363313083
  ],
  "method": "deterministic_joint_state_belief_propagation",
  "objective_estimate": 4.05145932268572,
  "status": "same_as_normal_no_violations",
  "tail_interval_width": 0.0004700615054940016,
  "total_belief_nodes": 49154,
  "unrestricted_upper_minus_restricted_lower": 0.04569268549144567,
  "upper_objective": 4.051694353438467,
  "upper_values": [
    4.541633060008746,
    3.454672757892994,
    4.541633060008746,
    4.541633060008746,
    3.454672757892994,
    3.775921424818578
  ]
}