{
  "horizon": 95,
  "lower_objective": 4.7324067903364835,
  "lower_values": [
    4.906916407485481,
    4.542476520562021,
    4.906916407485481,
    4.906916407485481,
    4.906916407485481,
    4.224298591514955
  ],
  "method": "deterministic_joint_state_belief_propagation",
  "objective_estimate": 4.732651942030735,
  "status": "ok",
  "tail_interval_width": 0.0004903033885037544,
  "total_belief_nodes": 22230,
  "upper_objective": 4.732897093724987,
  "upper_values": [
    4.9074067108739845,
    4.542966823950526,
    4.9074067108739845,
    4.9074067108739845,
    4.9074067108739845,
    4.224788894903461
  ]
}