{
  "alpha_vector_count": 7,
  "analysis_discounted_tail_bound": 9.67774912024056e-09,
  "analysis_horizon": 197,
  "analysis_total_belief_nodes": 8123,
  "beta": 0.1,
  "beta_index": 2,
  "discounted_transmission_occupancy": 3.115217763868097,
  "epsilon": 0.09000000000000001,
  "epsilon_index": 8,
  "gamma": 0.9,
  "gamma_index": 0,
  "index": 28,
  "margin": -0.6371000000000003,
  "margin_region": "m<0",
  "mdp_seed": 1111,
  "normal_minus_restricted_lower": 0.15940379206324629,
  "normal_minus_restricted_upper": 0.16038439884029287,
  "normal_minus_restricted_value": 0.1598940954517687,
  "normal_policy_horizon": 95,
  "normal_policy_interval_width": 0.0004903033885037544,
  "normal_policy_lower_bound": 4.7324067903364835,
  "normal_policy_total_belief_nodes": 22230,
  "normal_policy_upper_bound": 4.732897093724987,
  "normal_policy_value": 4.732651942030735,
  "point_id": "g0_b02_e08",
  "restricted_lower_bound_status": "ok",
  "restricted_policy_horizon": 95,
  "restricted_policy_interval_width": 0.0004903033885428343,
  "restricted_policy_lower_bound": 4.572512694884694,
  "restricted_policy_total_belief_nodes": 12850,
  "restricted_policy_upper_bound": 4.573002998273237,
  "reused_solver_checkpoint": false,
  "root_gap": 0.05482957909337196,
  "sampled_belief_count": 6730060,
  "sarsop_gap": 0.05482957909337127,
  "sarsop_lower_bound": 4.732661667531046,
  "sarsop_upper_bound": 4.787491246624417,
  "solver_elapsed_seconds": 500.26656007766724,
  "solver_iterations": 507,
  "solver_stop_reason": "max_time",
  "status": "ok",
  "unrestricted_upper_minus_restricted_lower": 0.2149785517397227,
  "violation_count": 41,
  "violation_discounted_event_occupancy": 1.1529637936926491,
  "violation_first_depth_max": 18,
  "violation_first_depth_min": 0
}