{
  "horizon": 95,
  "lower_objective": 2.431654628798382,
  "lower_values": [
    2.294272910249135,
    2.30010775959844,
    2.6976657918729186,
    2.30010775959844,
    2.6976657918729186,
    2.30010775959844
  ],
  "method": "deterministic_joint_state_belief_propagation",
  "objective_estimate": 2.4318896595511283,
  "status": "same_as_normal_no_violations",
  "tail_interval_width": 0.00047006150549266934,
  "total_belief_nodes": 27078,
  "unrestricted_upper_minus_restricted_lower": 0.031201125189131762,
  "upper_objective": 2.4321246903038745,
  "upper_values": [
    2.294742971754627,
    2.300577821103932,
    2.6981358533784117,
    2.300577821103932,
    2.6981358533784117,
    2.300577821103932
  ]
}