{
  "action_encoding": {
    "formula": "action = prescription_index * n_receiver_actions + receiver_action",
    "solver_jpo_action_offset": 1,
    "state_zero_bit": "most_significant"
  },
  "bounds": {
    "gap": 5.902537247762396,
    "lower_objective": 45.55053718211151,
    "lower_values": [
      45.6948030258415,
      45.355936763545735,
      45.76225362351837,
      45.6948030258415,
      45.76225362351837,
      45.033173030403624
    ],
    "root_gap": 5.903877962249695,
    "root_lower_objective": 45.55053718211151,
    "root_upper_objective": 51.45441514436121,
    "upper_objective": 51.45307442987391,
    "upper_values": [
      51.52707853591916,
      51.337604923743086,
      51.842118741392895,
      51.6012978230201,
      51.51610922697701,
      50.89423732819124
    ]
  },
  "initialization": {
    "initial_beliefs": [
      [
        1.0,
        0.0,
        0.0,
        0.0,
        0.0,
        0.0
      ],
      [
        0.0,
        1.0,
        0.0,
        0.0,
        0.0,
        0.0
      ],
      [
        0.0,
        0.0,
        1.0,
        0.0,
        0.0,
        0.0
      ],
      [
        0.0,
        0.0,
        0.0,
        1.0,
        0.0,
        0.0
      ],
      [
        0.0,
        0.0,
        0.0,
        0.0,
        1.0,
        0.0
      ],
      [
        0.0,
        0.0,
        0.0,
        0.0,
        0.0,
        1.0
      ]
    ],
    "initial_weights": [
      0.16666666666666666,
      0.16666666666666666,
      0.16666666666666666,
      0.16666666666666666,
      0.16666666666666666,
      0.16666666666666666
    ],
    "kind": "single synthetic root revealing a uniformly sampled physical state",
    "root_value_scale": "V_root / gamma, gamma=0.99"
  },
  "model": {
    "beta": 0.1,
    "epsilon": 0.08,
    "gamma": 0.99,
    "mdp_density": 0.5,
    "mdp_seed": 1111,
    "mdp_sha256": "580f9fa806b22e34e0f0d1010a1012409199158e69e3f71c129e1c5119fb8d6a",
    "n_jpo_actions": 128,
    "n_prescriptions": 64,
    "n_receiver_actions": 2,
    "n_states": 6
  },
  "runtime": {
    "julia": "1.12.6",
    "native_sarsop": "0.1.4",
    "pomdp_tools": "1.1.0",
    "pomdps": "1.0.0"
  },
  "solver": {
    "delta": 0.0001,
    "export_beliefs": false,
    "initial_bound_max_time": 30.0,
    "initial_bound_residual": 1e-08,
    "initial_upper_bound": "fully_observable",
    "kappa": 0.5,
    "max_steps": 1000000,
    "max_time": 500.0,
    "precision": 0.01,
    "prune_threshold": 0.1,
    "search_epsilon": 0.01,
    "use_binning": true
  },
  "training": {
    "alpha_count": 4,
    "belief_count": 6607252,
    "elapsed_seconds": 547.6109139919281,
    "history": [
      {
        "elapsed_seconds": 9.059906005859375e-06,
        "initial_gap": 10151.685969110493,
        "initial_lower_objective": -10099.999999999984,
        "initial_upper_objective": 51.68596911050958,
        "iteration": 0,
        "root_gap": 10050.169109419388,
        "root_lower": -9998.999999999984,
        "root_upper": 51.169109419404485
      },
      {
        "elapsed_seconds": 0.0002770423889160156,
        "initial_gap": 26.711134436216597,
        "initial_lower_objective": 24.974834674292985,
        "initial_upper_objective": 51.68596911050958,
        "iteration": 1,
        "root_gap": 26.44402309185443,
        "root_lower": 24.725086327550056,
        "root_upper": 51.169109419404485
      },
      {
        "elapsed_seconds": 1.5963599681854248,
        "initial_gap": 18.2062957188803,
        "initial_lower_objective": 33.479673391629284,
        "initial_upper_objective": 51.68596911050958,
        "iteration": 2,
        "root_gap": 18.024232761691493,
        "root_lower": 33.14487665771299,
        "root_upper": 51.169109419404485
      },
      {
        "elapsed_seconds": 5.430404901504517,
        "initial_gap": 17.40976138906595,
        "initial_lower_objective": 34.25708469911512,
        "initial_upper_objective": 51.66684608818107,
        "iteration": 3,
        "root_gap": 17.23566377517529,
        "root_lower": 33.91451385212397,
        "root_upper": 51.15017762729926
      },
      {
        "elapsed_seconds": 12.861731052398682,
        "initial_gap": 16.438316651573633,
        "initial_lower_objective": 35.2028242162182,
        "initial_upper_objective": 51.641140867791826,
        "iteration": 4,
        "root_gap": 16.273933485057896,
        "root_lower": 34.85079597405601,
        "root_upper": 51.12472945911391
      },
      {
        "elapsed_seconds": 24.77041506767273,
        "initial_gap": 15.750281854705559,
        "initial_lower_objective": 35.87775248743124,
        "initial_upper_objective": 51.6280343421368,
        "iteration": 5,
        "root_gap": 15.592779036158504,
        "root_lower": 35.518974962556925,
        "root_upper": 51.11175399871543
      },
      {
        "elapsed_seconds": 39.44964098930359,
        "initial_gap": 14.233198998223353,
        "initial_lower_objective": 37.39453708463186,
        "initial_upper_objective": 51.62773608285521,
        "iteration": 6,
        "root_gap": 14.09086700824112,
        "root_lower": 37.020591713785535,
        "root_upper": 51.111458722026654
      },
      {
        "elapsed_seconds": 49.54627203941345,
        "initial_gap": 13.408245782436376,
        "initial_lower_objective": 38.16396960270993,
        "initial_upper_objective": 51.57221538514631,
        "iteration": 7,
        "root_gap": 13.274163324612012,
        "root_lower": 37.78232990668283,
        "root_upper": 51.056493231294844
      },
      {
        "elapsed_seconds": 69.20473003387451,
        "initial_gap": 11.168406599554084,
        "initial_lower_objective": 40.40098232118407,
        "initial_upper_objective": 51.56938892073815,
        "iteration": 8,
        "root_gap": 11.056722533558542,
        "root_lower": 39.99697249797222,
        "root_upper": 51.053695031530765
      },
      {
        "elapsed_seconds": 90.00283885002136,
        "initial_gap": 9.432709399490088,
        "initial_lower_objective": 42.10840074758889,
        "initial_upper_objective": 51.541110147078975,
        "iteration": 9,
        "root_gap": 9.338382305495188,
        "root_lower": 41.687316740113,
        "root_upper": 51.025699045608185
      },
      {
        "elapsed_seconds": 117.41466999053955,
        "initial_gap": 7.940735904571954,
        "initial_lower_objective": 43.567107701925515,
        "initial_upper_objective": 51.50784360649747,
        "iteration": 10,
        "root_gap": 7.861328545526234,
        "root_lower": 43.13143662490626,
        "root_upper": 50.99276517043249
      },
      {
        "elapsed_seconds": 143.9887900352478,
        "initial_gap": 7.040260338223368,
        "initial_lower_objective": 44.460118244942855,
        "initial_upper_objective": 51.50037858316622,
        "iteration": 11,
        "root_gap": 6.969857734841135,
        "root_lower": 44.01551706249342,
        "root_upper": 50.98537479733456
      },
      {
        "elapsed_seconds": 182.75208592414856,
        "initial_gap": 6.712456236330454,
        "initial_lower_objective": 44.78685420945405,
        "initial_upper_objective": 51.4993104457845,
        "iteration": 12,
        "root_gap": 6.645331673967149,
        "root_lower": 44.33898566735951,
        "root_upper": 50.98431734132666
      },
      {
        "elapsed_seconds": 231.7303068637848,
        "initial_gap": 6.6273917533939635,
        "initial_lower_objective": 44.870815999727455,
        "initial_upper_objective": 51.49820775312142,
        "iteration": 13,
        "root_gap": 6.561117835860024,
        "root_lower": 44.42210783973018,
        "root_upper": 50.983225675590205
      },
      {
        "elapsed_seconds": 293.4219479560852,
        "initial_gap": 6.548824175051292,
        "initial_lower_objective": 44.948955201897995,
        "initial_upper_objective": 51.49777937694929,
        "iteration": 14,
        "root_gap": 6.483335933300779,