{
  "horizon": 95,
  "lower_objective": 3.470978006585223,
  "lower_values": [
    4.034219925062778,
    3.3178992538430405,
    3.3178992538430405,
    4.034219925062778,
    2.803730427856664,
    3.3178992538430405
  ],
  "method": "deterministic_joint_state_belief_propagation",
  "objective_estimate": 3.4712130373379693,
  "status": "ok",
  "tail_interval_width": 0.00047006150549178116,
  "total_belief_nodes": 26974,
  "upper_objective": 3.471448068090715,
  "upper_values": [
    4.03468998656827,
    3.3183693153485323,
    3.3183693153485323,
    4.03468998656827,
    2.8042004893621555,
    3.3183693153485323
  ]
}