{
  "horizon": 95,
  "lower_objective": 2.276070548728672,
  "lower_values": [
    2.1995463251781047,
    2.1995463251781047,
    2.515120024934781,
    2.515120024934781,
    2.1995463251781047,
    2.0275442669681594
  ],
  "method": "deterministic_joint_state_belief_propagation",
  "objective_estimate": 2.276305579481419,
  "status": "same_as_normal_no_violations",
  "tail_interval_width": 0.00047006150549266934,
  "total_belief_nodes": 46246,
  "unrestricted_upper_minus_restricted_lower": 0.01968953052121858,
  "upper_objective": 2.2765406102341648,
  "upper_values": [
    2.2000163866835964,
    2.2000163866835964,
    2.5155900864402745,
    2.5155900864402745,
    2.2000163866835964,
    2.0280143284736525
  ]
}