{
  "horizon": 95,
  "lower_objective": 3.9064877634425517,
  "lower_values": [
    3.9743966047757677,
    3.9743966047757677,
    3.9743966047757677,
    3.566943556776471,
    3.9743966047757677,
    3.9743966047757677
  ],
  "method": "deterministic_joint_state_belief_propagation",
  "objective_estimate": 3.9067227941952987,
  "status": "same_as_normal_no_violations",
  "tail_interval_width": 0.0004700615054935575,
  "total_belief_nodes": 28469,
  "unrestricted_upper_minus_restricted_lower": 0.009130582814663502,
  "upper_objective": 3.906957824948045,
  "upper_values": [
    3.9748666662812617,
    3.9748666662812617,
    3.9748666662812617,
    3.5674136182819662,
    3.9748666662812617,
    3.9748666662812617
  ]
}