{
  "horizon": 1215,
  "lower_objective": 50.11621369220873,
  "lower_values": [
    50.28921621437338,
    49.93928892707961,
    50.28921621437338,
    50.28921621437338,
    50.28921621437338,
    49.60112836867925
  ],
  "method": "deterministic_joint_state_belief_propagation",
  "objective_estimate": 50.11646242420427,
  "status": "ok",
  "tail_interval_width": 0.0004974639910955148,
  "total_belief_nodes": 892926,
  "upper_objective": 50.11671115619983,
  "upper_values": [
    50.2897136783653,
    49.939786391071195,
    50.2897136783653,
    50.2897136783653,
    50.2897136783653,
    49.601625832666585
  ]
}