{
  "horizon": 95,
  "lower_objective": 2.8486933491590207,
  "lower_values": [
    3.0856964480470124,
    2.8250686300229657,
    3.0856964480470124,
    2.613451669557067,
    2.8250686300229657,
    2.6571782692571024
  ],
  "method": "deterministic_joint_state_belief_propagation",
  "objective_estimate": 2.8489283799117673,
  "status": "ok",
  "tail_interval_width": 0.00047006150549311343,
  "total_belief_nodes": 58220,
  "upper_objective": 2.849163410664514,
  "upper_values": [
    3.086166509552505,
    2.82553869152846,
    3.086166509552505,
    2.613921731062558,
    2.82553869152846,
    2.657648330762595
  ]
}