{
  "horizon": 95,
  "lower_objective": 3.285602432140612,
  "lower_values": [
    3.4770750632498832,
    3.0590066709066015,
    3.4770750632498832,
    3.0590066709066015,
    3.164376061280822,
    3.4770750632498832
  ],
  "method": "deterministic_joint_state_belief_propagation",
  "objective_estimate": 3.285837462893359,
  "status": "same_as_normal_no_violations",
  "tail_interval_width": 0.00047006150549311343,
  "total_belief_nodes": 26890,
  "unrestricted_upper_minus_restricted_lower": 0.011265188114530034,
  "upper_objective": 3.286072493646105,
  "upper_values": [
    3.477545124755376,
    3.059476732412095,
    3.477545124755376,
    3.059476732412095,
    3.1648461227863143,
    3.477545124755376
  ]
}