{
  "horizon": 95,
  "lower_objective": 2.455828300899582,
  "lower_values": [
    2.2883376921440624,
    2.7748386505461853,
    2.085854734041827,
    2.7748386505461853,
    2.478189032469247,
    2.3329110456499866
  ],
  "method": "deterministic_joint_state_belief_propagation",
  "objective_estimate": 2.456063331652329,
  "status": "same_as_normal_no_violations",
  "tail_interval_width": 0.0004700615054940016,
  "total_belief_nodes": 27171,
  "unrestricted_upper_minus_restricted_lower": 0.04737126868082253,
  "upper_objective": 2.456298362405076,
  "upper_values": [
    2.288807753649556,
    2.7753087120516806,
    2.086324795547321,
    2.7753087120516806,
    2.478659093974739,
    2.333381107155479
  ]
}