{
  "horizon": 95,
  "lower_objective": 2.799471729423793,
  "lower_values": [
    2.7427441768669443,
    2.7427441768669443,
    2.380982090635354,
    2.588914949288259,
    3.1707224914426284,
    3.1707224914426284
  ],
  "method": "deterministic_joint_state_belief_propagation",
  "objective_estimate": 2.799706760176539,
  "status": "ok",
  "tail_interval_width": 0.00047006150549311343,
  "total_belief_nodes": 65730,
  "upper_objective": 2.799941790929286,
  "upper_values": [
    2.7432142383724374,
    2.7432142383724374,
    2.3814521521408483,
    2.5893850107937526,
    3.17119255294812,
    3.17119255294812
  ]
}