{
  "horizon": 95,
  "lower_objective": 2.752766240261044,
  "lower_values": [
    2.698380465134445,
    2.698380465134445,
    2.3328766738365405,
    2.548386529719021,
    3.1192866538709074,
    3.1192866538709074
  ],
  "method": "deterministic_joint_state_belief_propagation",
  "objective_estimate": 2.7530012710137903,
  "status": "ok",
  "tail_interval_width": 0.00047006150549311343,
  "total_belief_nodes": 49108,
  "unrestricted_upper_minus_restricted_lower": 0.07345659359170487,
  "upper_objective": 2.7532363017665373,
  "upper_values": [
    2.698850526639938,
    2.698850526639938,
    2.333346735342034,
    2.5488565912245122,
    3.119756715376402,
    3.119756715376402
  ]
}