iteration	elapsed_seconds	root_lower	root_upper	root_gap
0.0	1.0013580322265625e-5	-9998.999999999984	51.169109419404485	10050.169109419388
1.0	0.0002951622009277344	24.725086327550056	51.169109419404485	26.44402309185443
2.0	1.4656651020050049	33.30649008944961	51.169109419404485	17.862619329954875
3.0	6.2273170948028564	34.076067487807734	51.14530840228259	17.069240914474854
4.0	14.862029075622559	36.35562861629481	51.11258916047863	14.75696054418382
5.0	24.428455114364624	39.187004349636545	51.043207621904095	11.85620327226755
6.0	36.45221304893494	39.39392235206229	51.016480820927164	11.622558468864874
7.0	51.473817110061646	40.09216535877087	51.015194045416486	10.923028686645615
8.0	982.3627109527588	40.17592777916399	51.01494834095674	10.83902056179275
