{
  "horizon": 95,
  "lower_objective": 2.058833215532975,
  "lower_values": [
    2.3979867150751226,
    3.1919221970779037,
    2.0919806060357815,
    1.2895645844866306,
    1.2895645844866306,
    2.0919806060357815
  ],
  "method": "deterministic_joint_state_belief_propagation",
  "objective_estimate": 2.059068246285721,
  "status": "same_as_normal_no_violations",
  "tail_interval_width": 0.00047006150549266934,
  "total_belief_nodes": 78165,
  "unrestricted_upper_minus_restricted_lower": 0.009874003007217524,
  "upper_objective": 2.0593032770384676,
  "upper_values": [
    2.398456776580615,
    3.1923922585833964,
    2.092450667541275,
    1.2900346459921217,
    1.2900346459921217,
    2.092450667541275
  ]
}