{
  "horizon": 1224,
  "lower_objective": 48.578292926519005,
  "lower_values": [
    48.75409955032772,
    48.407397232335356,
    48.75409955032772,
    48.75409955032772,
    48.75409955032772,
    48.045962125467796
  ],
  "method": "deterministic_joint_state_belief_propagation",
  "objective_estimate": 48.57854264224052,
  "status": "ok",
  "tail_interval_width": 0.0004994314430391,
  "total_belief_nodes": 478448,
  "upper_objective": 48.578792357962044,
  "upper_values": [
    48.754598981770485,
    48.40789666377811,
    48.754598981770485,
    48.754598981770485,
    48.754598981770485,
    48.046461556912206
  ]
}