{
  "action_encoding": {
    "formula": "action = prescription_index * n_receiver_actions + receiver_action",
    "solver_jpo_action_offset": 1,
    "state_zero_bit": "most_significant"
  },
  "bounds": {
    "gap": 0.010291802569396324,
    "lower_objective": 5.094077399253074,
    "lower_values": [
      5.269792432133685,
      4.915126741509552,
      5.269792432133648,
      5.269792432133685,
      5.269792432133648,
      4.570167925474227
    ],
    "root_gap": 0.010291802569396916,
    "root_lower_objective": 5.094077399253074,
    "root_upper_objective": 5.104369201822471,
    "upper_objective": 5.10436920182247,
    "upper_values": [
      5.279820523200143,
      4.924256143522501,
      5.279845100647757,
      5.279817904727866,
      5.279821145600492,
      4.582654393236067
    ]
  },
  "initialization": {
    "initial_beliefs": [
      [
        1.0,
        0.0,
        0.0,
        0.0,
        0.0,
        0.0
      ],
      [
        0.0,
        1.0,
        0.0,
        0.0,
        0.0,
        0.0
      ],
      [
        0.0,
        0.0,
        1.0,
        0.0,
        0.0,
        0.0
      ],
      [
        0.0,
        0.0,
        0.0,
        1.0,
        0.0,
        0.0
      ],
      [
        0.0,
        0.0,
        0.0,
        0.0,
        1.0,
        0.0
      ],
      [
        0.0,
        0.0,
        0.0,
        0.0,
        0.0,
        1.0
      ]
    ],
    "initial_weights": [
      0.16666666666666666,
      0.16666666666666666,
      0.16666666666666666,
      0.16666666666666666,
      0.16666666666666666,
      0.16666666666666666
    ],
    "kind": "single synthetic root revealing a uniformly sampled physical state",
    "root_value_scale": "V_root / gamma, gamma=0.9"
  },
  "model": {
    "beta": 0.0,
    "epsilon": 0.03,
    "gamma": 0.9,
    "mdp_density": 0.5,
    "mdp_seed": 1111,
    "mdp_sha256": "580f9fa806b22e34e0f0d1010a1012409199158e69e3f71c129e1c5119fb8d6a",
    "n_jpo_actions": 128,
    "n_prescriptions": 64,
    "n_receiver_actions": 2,
    "n_states": 6
  },
  "runtime": {
    "julia": "1.12.6",
    "native_sarsop": "0.1.4",
    "pomdp_tools": "1.1.0",
    "pomdps": "1.0.0"
  },
  "solver": {
    "delta": 0.0001,
    "export_beliefs": false,
    "initial_bound_max_time": 30.0,
    "initial_bound_residual": 1e-08,
    "initial_upper_bound": "fib",
    "kappa": 0.5,
    "max_steps": 1000000,
    "max_time": 700.0,
    "precision": 0.01,
    "prune_threshold": 0.1,
    "search_epsilon": 0.01,
    "use_binning": true
  },
  "training": {
    "alpha_count": 6,
    "belief_count": 569794,
    "elapsed_seconds": 0.7537751197814941,
    "history": [
      {
        "elapsed_seconds": 6.198883056640625e-06,
        "initial_gap": 115.10438531438695,
        "initial_lower_objective": -110.00000000000004,
        "initial_upper_objective": 5.104385314386901,
        "iteration": 0,
        "root_gap": 103.59394678294825,
        "root_lower": -99.00000000000004,
        "root_upper": 4.593946782948211
      },
      {
        "elapsed_seconds": 0.01501917839050293,
        "initial_gap": 1.4679145555251516,
        "initial_lower_objective": 3.6364707588617495,
        "initial_upper_objective": 5.104385314386901,
        "iteration": 1,
        "root_gap": 1.3211230999726364,
        "root_lower": 3.2728236829755746,
        "root_upper": 4.593946782948211
      },
      {
        "elapsed_seconds": 0.02293109893798828,
        "initial_gap": 0.8990971127383431,
        "initial_lower_objective": 4.205288201648558,
        "initial_upper_objective": 5.104385314386901,
        "iteration": 2,
        "root_gap": 0.8091874014645088,
        "root_lower": 3.784759381483702,
        "root_upper": 4.593946782948211
      },
      {
        "elapsed_seconds": 0.03362011909484863,
        "initial_gap": 0.6318376124783389,
        "initial_lower_objective": 4.472547700521668,
        "initial_upper_objective": 5.104385313000006,
        "iteration": 3,
        "root_gap": 0.568653851230505,
        "root_lower": 4.025292930469501,
        "root_upper": 4.593946781700006
      },
      {
        "elapsed_seconds": 0.04723310470581055,
        "initial_gap": 0.5735717948621892,
        "initial_lower_objective": 4.530813518137817,
        "initial_upper_objective": 5.104385313000006,
        "iteration": 4,
        "root_gap": 0.5162146153759704,
        "root_lower": 4.077732166324036,
        "root_upper": 4.593946781700006
      },
      {
        "elapsed_seconds": 0.06479907035827637,
        "initial_gap": 0.3426042602972412,
        "initial_lower_objective": 4.761781052702765,
        "initial_upper_objective": 5.104385313000006,
        "iteration": 5,
        "root_gap": 0.3083438342675171,
        "root_lower": 4.285602947432489,
        "root_upper": 4.593946781700006
      },
      {
        "elapsed_seconds": 0.11486697196960449,
        "initial_gap": 0.1950984823944858,
        "initial_lower_objective": 4.909286830605521,
        "initial_upper_objective": 5.104385313000006,
        "iteration": 6,
        "root_gap": 0.17558863415503723,
        "root_lower": 4.418358147544969,
        "root_upper": 4.593946781700006
      },
      {
        "elapsed_seconds": 0.13921403884887695,
        "initial_gap": 0.17479024562460013,
        "initial_lower_objective": 4.9295950673754065,
        "initial_upper_objective": 5.104385313000006,
        "iteration": 7,
        "root_gap": 0.15731122106214013,
        "root_lower": 4.436635560637866,
        "root_upper": 4.593946781700006
      },
      {
        "elapsed_seconds": 0.16876697540283203,
        "initial_gap": 0.10224306245087374,
        "initial_lower_objective": 5.002142250549133,
        "initial_upper_objective": 5.104385313000006,
        "iteration": 8,
        "root_gap": 0.09201875620578637,
        "root_lower": 4.5019280254942196,
        "root_upper": 4.593946781700006
      },
      {
        "elapsed_seconds": 0.25478315353393555,
        "initial_gap": 0.07931559519934615,
        "initial_lower_objective": 5.02506971780066,
        "initial_upper_objective": 5.104385313000006,
        "iteration": 9,
        "root_gap": 0.07138403567941154,
        "root_lower": 4.522562746020594,
        "root_upper": 4.593946781700006
      },
      {
        "elapsed_seconds": 0.2962000370025635,
        "initial_gap": 0.05879644573297939,
        "initial_lower_objective": 5.045585402279259,
        "initial_upper_objective": 5.104381848012238,
        "iteration": 10,
        "root_gap": 0.05291680115968145,
        "root_lower": 4.541026862051333,
        "root_upper": 4.593943663211014
      },
      {
        "elapsed_seconds": 0.2998180389404297,
        "initial_gap": 0.05505507593986121,
        "initial_lower_objective": 5.049326772072377,
        "initial_upper_objective": 5.104381848012238,
        "iteration": 11,
        "root_gap": 0.049549568345875095,
        "root_lower": 4.544394094865139,
        "root_upper": 4.593943663211014
      },
      {
        "elapsed_seconds": 0.3467559814453125,
        "initial_gap": 0.027578782129879582,
        "initial_lower_objective": 5.076801314009843,
        "initial_upper_objective": 5.104380096139723,
        "iteration": 12,
        "root_gap": 0.024820903916891623,
        "root_lower": 4.569121182608859,
        "root_upper": 4.59394208652575
      },
      {
        "elapsed_seconds": 0.34887218475341797,
        "initial_gap": 0.02637825285290872,
        "initial_lower_objective": 5.077990973831274,
        "initial_upper_objective": 5.104369226684183,
        "iteration": 13,
        "root_gap": 0.02374042756761785,
        "root_lower": 4.570191876448146,
        "root_upper": 4.593932304015764
      },
      {
        "elapsed_seconds": 0.3835451602935791,
        "initial_gap": 0.020362237275248773,
        "initial_lower_objective": 5.084006989408934,
        "initial_upper_objective": 5.104369226684183,
        "iteration": 14,