{
  "action_encoding": {
    "formula": "action = prescription_index * n_receiver_actions + receiver_action",
    "solver_jpo_action_offset": 1,
    "state_zero_bit": "most_significant"
  },
  "bounds": {
    "gap": 6.181781348204915,
    "lower_objective": 45.26746124471561,
    "lower_values": [
      45.4362383222668,
      45.10216203111009,
      45.4362383222668,
      45.4362383222668,
      45.4362383222668,
      44.75765214811637
    ],
    "root_gap": 6.193539403303044,
    "root_lower_objective": 45.26746124471561,
    "root_upper_objective": 51.46100064801866,
    "upper_objective": 51.44924259292053,
    "upper_values": [
      51.536225532982925,
      51.48095053177956,
      51.61830885390324,
      51.60147260594539,
      51.52315875385675,
      50.93533927905535
    ]
  },
  "initialization": {
    "initial_beliefs": [
      [
        1.0,
        0.0,
        0.0,
        0.0,
        0.0,
        0.0
      ],
      [
        0.0,
        1.0,
        0.0,
        0.0,
        0.0,
        0.0
      ],
      [
        0.0,
        0.0,
        1.0,
        0.0,
        0.0,
        0.0
      ],
      [
        0.0,
        0.0,
        0.0,
        1.0,
        0.0,
        0.0
      ],
      [
        0.0,
        0.0,
        0.0,
        0.0,
        1.0,
        0.0
      ],
      [
        0.0,
        0.0,
        0.0,
        0.0,
        0.0,
        1.0
      ]
    ],
    "initial_weights": [
      0.16666666666666666,
      0.16666666666666666,
      0.16666666666666666,
      0.16666666666666666,
      0.16666666666666666,
      0.16666666666666666
    ],
    "kind": "single synthetic root revealing a uniformly sampled physical state",
    "root_value_scale": "V_root / gamma, gamma=0.99"
  },
  "model": {
    "beta": 0.1,
    "epsilon": 0.09000000000000001,
    "gamma": 0.99,
    "mdp_density": 0.5,
    "mdp_seed": 1111,
    "mdp_sha256": "580f9fa806b22e34e0f0d1010a1012409199158e69e3f71c129e1c5119fb8d6a",
    "n_jpo_actions": 128,
    "n_prescriptions": 64,
    "n_receiver_actions": 2,
    "n_states": 6
  },
  "runtime": {
    "julia": "1.12.6",
    "native_sarsop": "0.1.4",
    "pomdp_tools": "1.1.0",
    "pomdps": "1.0.0"
  },
  "solver": {
    "delta": 0.0001,
    "export_beliefs": false,
    "initial_bound_max_time": 30.0,
    "initial_bound_residual": 1e-08,
    "initial_upper_bound": "fully_observable",
    "kappa": 0.5,
    "max_steps": 1000000,
    "max_time": 500.0,
    "precision": 0.01,
    "prune_threshold": 0.1,
    "search_epsilon": 0.01,
    "use_binning": true
  },
  "training": {
    "alpha_count": 8,
    "belief_count": 6615379,
    "elapsed_seconds": 517.8193700313568,
    "history": [
      {
        "elapsed_seconds": 9.059906005859375e-06,
        "initial_gap": 10151.685969110493,
        "initial_lower_objective": -10099.999999999984,
        "initial_upper_objective": 51.68596911050958,
        "iteration": 0,
        "root_gap": 10050.169109419388,
        "root_lower": -9998.999999999984,
        "root_upper": 51.169109419404485
      },
      {
        "elapsed_seconds": 0.0003070831298828125,
        "initial_gap": 26.711134436216597,
        "initial_lower_objective": 24.974834674292985,
        "initial_upper_objective": 51.68596911050958,
        "iteration": 1,
        "root_gap": 26.44402309185443,
        "root_lower": 24.725086327550056,
        "root_upper": 51.169109419404485
      },
      {
        "elapsed_seconds": 1.393578052520752,
        "initial_gap": 17.16813497944041,
        "initial_lower_objective": 34.51783413106917,
        "initial_upper_objective": 51.68596911050958,
        "iteration": 2,
        "root_gap": 16.996453629646005,
        "root_lower": 34.17265578975848,
        "root_upper": 51.169109419404485
      },
      {
        "elapsed_seconds": 5.224426031112671,
        "initial_gap": 16.4383345307251,
        "initial_lower_objective": 35.2276755174223,
        "initial_upper_objective": 51.6660100481474,
        "iteration": 3,
        "root_gap": 16.27395118541785,
        "root_lower": 34.875398762248075,
        "root_upper": 51.149349947665925
      },
      {
        "elapsed_seconds": 14.084660053253174,
        "initial_gap": 13.473771744311124,
        "initial_lower_objective": 38.16497113323004,
        "initial_upper_objective": 51.63874287754116,
        "iteration": 4,
        "root_gap": 13.339034026868013,
        "root_lower": 37.78332142189774,
        "root_upper": 51.12235544876575
      },
      {
        "elapsed_seconds": 21.05248999595642,
        "initial_gap": 12.508983314221679,
        "initial_lower_objective": 39.07656524432189,
        "initial_upper_objective": 51.585548558543564,
        "iteration": 5,
        "root_gap": 12.383893481079461,
        "root_lower": 38.68579959187867,
        "root_upper": 51.06969307295813
      },
      {
        "elapsed_seconds": 34.959465980529785,
        "initial_gap": 11.383848534332072,
        "initial_lower_objective": 40.19996470509822,
        "initial_upper_objective": 51.583813239430285,
        "iteration": 6,
        "root_gap": 11.270010048988752,
        "root_lower": 39.79796505804723,
        "root_upper": 51.067975107035984
      },
      {
        "elapsed_seconds": 53.40595507621765,
        "initial_gap": 10.93139729041066,
        "initial_lower_objective": 40.60738608230161,
        "initial_upper_objective": 51.538783372712274,
        "iteration": 7,
        "root_gap": 10.822083317506554,
        "root_lower": 40.201312221478595,
        "root_upper": 51.02339553898515
      },
      {
        "elapsed_seconds": 75.58093905448914,
        "initial_gap": 10.645375721015707,
        "initial_lower_objective": 40.89205475839483,
        "initial_upper_objective": 51.53743047941054,
        "iteration": 8,
        "root_gap": 10.53892196380555,
        "root_lower": 40.48313421081088,
        "root_upper": 51.02205617461643
      },
      {
        "elapsed_seconds": 101.84711408615112,
        "initial_gap": 10.31037410416335,
        "initial_lower_objective": 41.223464940991576,
        "initial_upper_objective": 51.53383904515492,
        "iteration": 9,
        "root_gap": 10.207270363121715,
        "root_lower": 40.81123029158166,
        "root_upper": 51.018500654703374
      },
      {
        "elapsed_seconds": 126.85656404495239,
        "initial_gap": 9.042111744552258,
        "initial_lower_objective": 42.470815409738385,
        "initial_upper_objective": 51.512927154290644,
        "iteration": 10,
        "root_gap": 8.951690627106736,
        "root_lower": 42.046107255641004,
        "root_upper": 50.99779788274774
      },
      {
        "elapsed_seconds": 153.59069395065308,
        "initial_gap": 8.727477828164947,
        "initial_lower_objective": 42.77968856599361,
        "initial_upper_objective": 51.50716639415855,
        "iteration": 11,
        "root_gap": 8.640203049883297,
        "root_lower": 42.35189168033367,
        "root_upper": 50.99209473021697
      },
      {
        "elapsed_seconds": 193.77462005615234,
        "initial_gap": 7.880762141418867,
        "initial_lower_objective": 43.62609478445658,
        "initial_upper_objective": 51.50685692587545,
        "iteration": 12,
        "root_gap": 7.801954520004678,
        "root_lower": 43.18983383661202,
        "root_upper": 50.991788356616695
      },
      {
        "elapsed_seconds": 242.52393198013306,
        "initial_gap": 7.738955237585643,
        "initial_lower_objective": 43.76495724421491,
        "initial_upper_objective": 51.503912481800555,
        "iteration": 13,
        "root_gap": 7.661565685209787,
        "root_lower": 43.327307671772765,
        "root_upper": 50.98887335698255
      },
      {
        "elapsed_seconds": 311.5127229690552,
        "initial_gap": 7.505934101907317,
        "initial_lower_objective": 43.99252315901828,
        "initial_upper_objective": 51.498457260925605,
        "iteration": 14,