{
  "horizon": 95,
  "lower_objective": 3.1765148766651783,
  "lower_values": [
    3.112788692851085,
    2.9752666583619836,
    3.4295370191729053,
    2.999171177581105,
    3.112788692851085,
    3.4295370191729053
  ],
  "method": "deterministic_joint_state_belief_propagation",
  "objective_estimate": 3.176749907417925,
  "status": "ok",
  "tail_interval_width": 0.0004700615054944457,
  "total_belief_nodes": 73082,
  "upper_objective": 3.1769849381706727,
  "upper_values": [
    3.113258754356578,
    2.9757367198674793,
    3.4300070806784,
    2.9996412390865985,
    3.113258754356578,
    3.4300070806784
  ]
}