{
  "horizon": 95,
  "lower_objective": 2.4474858211537702,
  "lower_values": [
    2.689468461075413,
    2.689468461075413,
    2.3461987175347834,
    2.3461987175347834,
    2.2678070731569546,
    2.3457734965452754
  ],
  "method": "deterministic_joint_state_belief_propagation",
  "objective_estimate": 2.4477208519065172,
  "status": "same_as_normal_no_violations",
  "tail_interval_width": 0.0004700615054935575,
  "total_belief_nodes": 100221,
  "unrestricted_upper_minus_restricted_lower": 0.05434154111011491,
  "upper_objective": 2.447955882659264,
  "upper_values": [
    2.6899385225809076,
    2.6899385225809076,
    2.346668779040276,
    2.346668779040276,
    2.268277134662447,
    2.346243558050771
  ]
}