{
  "horizon": 95,
  "lower_objective": 4.572512694884694,
  "lower_values": [
    4.74039198644421,
    4.39289510557252,
    4.74039198644421,
    4.74039198644421,
    4.74039198644421,
    4.08061311795881
  ],
  "method": "deterministic_joint_state_belief_propagation",
  "objective_estimate": 4.572757846578966,
  "status": "ok",
  "tail_interval_width": 0.0004903033885428343,
  "total_belief_nodes": 12850,
  "unrestricted_upper_minus_restricted_lower": 0.2149785517397227,
  "upper_objective": 4.573002998273237,
  "upper_values": [
    4.740882289832713,
    4.393385408961025,
    4.740882289832713,
    4.740882289832713,
    4.740882289832713,
    4.081103421347546
  ]
}