{
  "horizon": 95,
  "lower_objective": 2.2135837594877703,
  "lower_values": [
    2.1630045799591056,
    2.1180711006233732,
    2.1180711006233732,
    2.1630045799591056,
    2.1630045799591056,
    2.556346615802562
  ],
  "method": "deterministic_joint_state_belief_propagation",
  "objective_estimate": 2.2138187902405173,
  "status": "ok",
  "tail_interval_width": 0.0004700615054935575,
  "total_belief_nodes": 27078,
  "upper_objective": 2.214053820993264,
  "upper_values": [
    2.1634746414645982,
    2.1185411621288672,
    2.1185411621288672,
    2.1634746414645982,
    2.1634746414645982,
    2.556816677308055
  ]
}