{
  "horizon": 95,
  "lower_objective": 2.7903605629239574,
  "lower_values": [
    2.73572218753065,
    2.73572218753065,
    2.375611663147362,
    2.5828606488153123,
    3.1561233452598856,
    3.1561233452598856
  ],
  "method": "deterministic_joint_state_belief_propagation",
  "objective_estimate": 2.7905955936767044,
  "status": "ok",
  "tail_interval_width": 0.00047006150549311343,
  "total_belief_nodes": 57830,
  "unrestricted_upper_minus_restricted_lower": 0.05557169740183587,
  "upper_objective": 2.7908306244294505,
  "upper_values": [
    2.7361922490361428,
    2.7361922490361428,
    2.3760817246528556,
    2.5833307103208054,
    3.1565934067653796,
    3.1565934067653796
  ]
}