{
  "alpha_vector_count": 7,
  "analysis_discounted_tail_bound": 9.67774912024056e-09,
  "analysis_horizon": 197,
  "analysis_total_belief_nodes": 23966,
  "beta": 0.05,
  "candidate_index": 10,
  "discounted_transmission_occupancy": 1.4273312087199348,
  "epsilon": 0.05000000000000001,
  "epsilon_index": 4,
  "gamma": 0.9,
  "index": 104,
  "margin": -0.3775000000000002,
  "margin_region": "m<0",
  "mdp_seed": 1690525620,
  "normal_minus_restricted_lower": 0.03272378234480655,
  "normal_minus_restricted_upper": 0.03366390535579278,
  "normal_minus_restricted_value": 0.03319384385029922,
  "normal_policy_horizon": 95,
  "normal_policy_interval_width": 0.00047006150549311343,
  "normal_policy_lower_bound": 2.823554406774257,
  "normal_policy_total_belief_nodes": 58360,
  "normal_policy_upper_bound": 2.82402446827975,
  "normal_policy_value": 2.8237894375270036,
  "point_id": "seed_1690525620_e04",
  "restricted_policy_horizon": 95,
  "restricted_policy_interval_width": 0.00047006150549311343,
  "restricted_policy_lower_bound": 2.7903605629239574,
  "restricted_policy_status": "ok",
  "restricted_policy_total_belief_nodes": 57830,
  "restricted_policy_upper_bound": 2.7908306244294505,
  "restricted_policy_value": 2.7905955936767044,
  "reused_solver_checkpoint": false,
  "root_gap": 0.022225668147085226,
  "sampled_belief_count": 5966122,
  "sarsop_gap": 0.02222566814708493,
  "sarsop_gap_within_acceptance_threshold": true,
  "sarsop_lower_bound": 2.8237065921787083,
  "sarsop_upper_bound": 2.8459322603257933,
  "solver_elapsed_seconds": 609.0412588119507,
  "solver_iterations": 377,
  "solver_stop_reason": "max_time",
  "status": "ok",
  "violation_count": 90,
  "violation_discounted_event_occupancy": 0.6346993188953756,
  "violation_first_depth_max": 46,
  "violation_first_depth_min": 0
}