{
  "horizon": 95,
  "lower_objective": 2.2251788312889405,
  "lower_values": [
    2.1754867236358395,
    2.1290659381614363,
    2.1290659381614363,
    2.1754867236358395,
    2.1754867236358395,
    2.5664809405032534
  ],
  "method": "deterministic_joint_state_belief_propagation",
  "objective_estimate": 2.2254138620416875,
  "status": "same_as_normal_no_violations",
  "tail_interval_width": 0.0004700615054940016,
  "total_belief_nodes": 27078,
  "unrestricted_upper_minus_restricted_lower": 0.011054836693276116,
  "upper_objective": 2.2256488927944345,
  "upper_values": [
    2.175956785141333,
    2.129535999666932,
    2.129535999666932,
    2.175956785141333,
    2.175956785141333,
    2.5669510020087456
  ]
}