{
  "horizon": 95,
  "lower_objective": 3.6372058632847493,
  "lower_values": [
    3.380792543320556,
    3.380792543320556,
    4.134436526321723,
    3.460636442669767,
    3.3321405977541705,
    4.134436526321723
  ],
  "method": "deterministic_joint_state_belief_propagation",
  "objective_estimate": 3.6374408940374963,
  "status": "same_as_normal_no_violations",
  "tail_interval_width": 0.0004700615054940016,
  "total_belief_nodes": 21924,
  "unrestricted_upper_minus_restricted_lower": 0.010003745243207796,
  "upper_objective": 3.6376759247902433,
  "upper_values": [
    3.38126260482605,
    3.38126260482605,
    4.134906587827218,
    3.4611065041752602,
    3.3326106592596645,
    4.134906587827218
  ]
}