{
  "horizon": 95,
  "lower_objective": 3.0524486565183118,
  "lower_values": [
    2.921042762053947,
    2.921042762053947,
    2.921042762053947,
    2.9128434009142867,
    3.717677489979797,
    2.921042762053947
  ],
  "method": "deterministic_joint_state_belief_propagation",
  "objective_estimate": 3.0526836872710583,
  "status": "ok",
  "tail_interval_width": 0.0004700615054940016,
  "total_belief_nodes": 24558,
  "upper_objective": 3.0529187180238058,
  "upper_values": [
    2.921512823559441,
    2.921512823559441,
    2.921512823559441,
    2.9133134624197785,
    3.718147551485291,
    2.921512823559441
  ]
}