{
  "action_encoding": {
    "formula": "action = prescription_index * n_receiver_actions + receiver_action",
    "solver_jpo_action_offset": 1,
    "state_zero_bit": "most_significant"
  },
  "bounds": {
    "gap": 4.839735285873047,
    "lower_objective": 46.47535124808472,
    "lower_values": [
      46.64718100819763,
      46.298759497855094,
      46.6471527139513,
      46.64718100819763,
      46.6471527139513,
      45.9646805463554
    ],
    "root_gap": 4.8434490291852645,
    "root_lower_objective": 46.47535124808472,
    "root_upper_objective": 51.318800277269986,
    "upper_objective": 51.31508653395777,
    "upper_values": [
      51.45232543406964,
      51.4144194938527,
      51.37541954089949,
      51.48715682966462,
      51.35710431520429,
      50.80409359005587
    ]
  },
  "initialization": {
    "initial_beliefs": [
      [
        1.0,
        0.0,
        0.0,
        0.0,
        0.0,
        0.0
      ],
      [
        0.0,
        1.0,
        0.0,
        0.0,
        0.0,
        0.0
      ],
      [
        0.0,
        0.0,
        1.0,
        0.0,
        0.0,
        0.0
      ],
      [
        0.0,
        0.0,
        0.0,
        1.0,
        0.0,
        0.0
      ],
      [
        0.0,
        0.0,
        0.0,
        0.0,
        1.0,
        0.0
      ],
      [
        0.0,
        0.0,
        0.0,
        0.0,
        0.0,
        1.0
      ]
    ],
    "initial_weights": [
      0.16666666666666666,
      0.16666666666666666,
      0.16666666666666666,
      0.16666666666666666,
      0.16666666666666666,
      0.16666666666666666
    ],
    "kind": "single synthetic root revealing a uniformly sampled physical state",
    "root_value_scale": "V_root / gamma, gamma=0.99"
  },
  "model": {
    "beta": 0.15,
    "epsilon": 0.030000000000000006,
    "gamma": 0.99,
    "mdp_density": 0.5,
    "mdp_seed": 1111,
    "mdp_sha256": "580f9fa806b22e34e0f0d1010a1012409199158e69e3f71c129e1c5119fb8d6a",
    "n_jpo_actions": 128,
    "n_prescriptions": 64,
    "n_receiver_actions": 2,
    "n_states": 6
  },
  "runtime": {
    "julia": "1.12.6",
    "native_sarsop": "0.1.4",
    "pomdp_tools": "1.1.0",
    "pomdps": "1.0.0"
  },
  "solver": {
    "delta": 0.0001,
    "export_beliefs": false,
    "initial_bound_max_time": 30.0,
    "initial_bound_residual": 1e-08,
    "initial_upper_bound": "fully_observable",
    "kappa": 0.5,
    "max_steps": 1000000,
    "max_time": 500.0,
    "precision": 0.01,
    "prune_threshold": 0.1,
    "search_epsilon": 0.01,
    "use_binning": true
  },
  "training": {
    "alpha_count": 7,
    "belief_count": 8239876,
    "elapsed_seconds": 1590.080356836319,
    "history": [
      {
        "elapsed_seconds": 1.0013580322265625e-05,
        "initial_gap": 10151.685969110493,
        "initial_lower_objective": -10099.999999999984,
        "initial_upper_objective": 51.68596911050958,
        "iteration": 0,
        "root_gap": 10050.169109419388,
        "root_lower": -9998.999999999984,
        "root_upper": 51.169109419404485
      },
      {
        "elapsed_seconds": 0.0003769397735595703,
        "initial_gap": 26.711134436216597,
        "initial_lower_objective": 24.974834674292985,
        "initial_upper_objective": 51.68596911050958,
        "iteration": 1,
        "root_gap": 26.44402309185443,
        "root_lower": 24.725086327550056,
        "root_upper": 51.169109419404485
      },
      {
        "elapsed_seconds": 1.548508882522583,
        "initial_gap": 17.625277577236872,
        "initial_lower_objective": 34.06069153327271,
        "initial_upper_objective": 51.68596911050958,
        "iteration": 2,
        "root_gap": 17.449024801464503,
        "root_lower": 33.72008461793998,
        "root_upper": 51.169109419404485
      },
      {
        "elapsed_seconds": 5.770478963851929,
        "initial_gap": 16.399056486765513,
        "initial_lower_objective": 35.26487987112846,
        "initial_upper_objective": 51.66393635789397,
        "iteration": 3,
        "root_gap": 16.235065921897856,
        "root_lower": 34.91223107241717,
        "root_upper": 51.14729699431503
      },
      {
        "elapsed_seconds": 14.441916942596436,
        "initial_gap": 14.007030417868254,
        "initial_lower_objective": 37.606653725437596,
        "initial_upper_objective": 51.61368414330585,
        "iteration": 4,
        "root_gap": 13.866960113689572,
        "root_lower": 37.23058718818322,
        "root_upper": 51.097547301872794
      },
      {
        "elapsed_seconds": 23.44327688217163,
        "initial_gap": 13.763936406335167,
        "initial_lower_objective": 37.80638543706063,
        "initial_upper_objective": 51.57032184339579,
        "iteration": 5,
        "root_gap": 13.626297042271815,
        "root_lower": 37.42832158269002,
        "root_upper": 51.05461862496183
      },
      {
        "elapsed_seconds": 34.15136504173279,
        "initial_gap": 12.809501785770388,
        "initial_lower_objective": 38.75959236794489,
        "initial_upper_objective": 51.56909415371528,
        "iteration": 6,
        "root_gap": 12.681406767912684,
        "root_lower": 38.37199644426544,
        "root_upper": 51.053403212178125
      },
      {
        "elapsed_seconds": 48.6468620300293,
        "initial_gap": 12.365927429677884,
        "initial_lower_objective": 39.18487270461134,
        "initial_upper_objective": 51.55080013428922,
        "iteration": 7,
        "root_gap": 12.242268155381105,
        "root_lower": 38.79302397756522,
        "root_upper": 51.035292132946324
      },
      {
        "elapsed_seconds": 67.90160298347473,
        "initial_gap": 12.007200880098994,
        "initial_lower_objective": 39.54329174322089,
        "initial_upper_objective": 51.55049262331988,
        "iteration": 8,
        "root_gap": 11.887128871298003,
        "root_lower": 39.14785882578868,
        "root_upper": 51.034987697086684
      },
      {
        "elapsed_seconds": 87.39804887771606,
        "initial_gap": 8.862652899381423,
        "initial_lower_objective": 42.65970436585505,
        "initial_upper_objective": 51.52235726523647,
        "iteration": 9,
        "root_gap": 8.77402637038761,
        "root_lower": 42.233107322196496,
        "root_upper": 51.007133692584105
      },
      {
        "elapsed_seconds": 112.37565088272095,
        "initial_gap": 7.922333955188625,
        "initial_lower_objective": 43.587746282243856,
        "initial_upper_objective": 51.51008023743248,
        "iteration": 10,
        "root_gap": 7.843110615636739,
        "root_lower": 43.151868819421416,
        "root_upper": 50.994979435058156
      },
      {
        "elapsed_seconds": 141.40025782585144,
        "initial_gap": 7.837013461470315,
        "initial_lower_objective": 43.67168293107816,
        "initial_upper_objective": 51.50869639254847,
        "iteration": 11,
        "root_gap": 7.758643326855612,
        "root_lower": 43.23496610176738,
        "root_upper": 50.99360942862299
      },
      {
        "elapsed_seconds": 173.97053289413452,
        "initial_gap": 7.00819125004684,
        "initial_lower_objective": 44.483232219676246,
        "initial_upper_objective": 51.49142346972309,
        "iteration": 12,
        "root_gap": 6.938109337546372,
        "root_lower": 44.038399897479486,
        "root_upper": 50.97650923502586
      },
      {
        "elapsed_seconds": 203.9248490333557,
        "initial_gap": 6.41058654459453,
        "initial_lower_objective": 45.02973944387198,
        "initial_upper_objective": 51.44032598846651,
        "iteration": 13,
        "root_gap": 6.346480679148584,
        "root_lower": 44.57944204943326,
        "root_upper": 50.925922728581845
      },
      {
        "elapsed_seconds": 234.4442720413208,
        "initial_gap": 6.373969288245496,
        "initial_lower_objective": 45.0643936236453,
        "initial_upper_objective": 51.4383629118908,
        "iteration": 14,