{
  "horizon": 95,
  "lower_objective": 2.4372187439532267,
  "lower_values": [
    2.3023020362900937,
    2.304850930266429,
    2.7032288183149906,
    2.304850930266429,
    2.7032288183149906,
    2.304850930266429
  ],
  "method": "deterministic_joint_state_belief_propagation",
  "objective_estimate": 2.437453774705974,
  "status": "ok",
  "tail_interval_width": 0.0004700615054944457,
  "total_belief_nodes": 27078,
  "upper_objective": 2.437688805458721,
  "upper_values": [
    2.3027720977955877,
    2.3053209917719233,
    2.703698879820485,
    2.3053209917719233,
    2.703698879820485,
    2.3053209917719233
  ]
}