{
  "action_encoding": {
    "formula": "action = prescription_index * n_receiver_actions + receiver_action",
    "solver_jpo_action_offset": 1,
    "state_zero_bit": "most_significant"
  },
  "bounds": {
    "gap": 11.902701346116913,
    "lower_objective": 39.77416012919471,
    "lower_values": [
      39.8358559053648,
      39.546493395741074,
      40.15216919015074,
      39.8358559053648,
      40.15216919015074,
      39.12241718839616
    ],
    "root_gap": 11.90270134611689,
    "root_lower_objective": 39.77416012919472,
    "root_upper_objective": 51.67686147531161,
    "upper_objective": 51.676861475311625,
    "upper_values": [
      51.84481950239719,
      51.518826395636,
      51.85979731282147,
      51.84637370555295,
      51.844396189498916,
      51.14695574596321
    ]
  },
  "initialization": {
    "initial_beliefs": [
      [
        1.0,
        0.0,
        0.0,
        0.0,
        0.0,
        0.0
      ],
      [
        0.0,
        1.0,
        0.0,
        0.0,
        0.0,
        0.0
      ],
      [
        0.0,
        0.0,
        1.0,
        0.0,
        0.0,
        0.0
      ],
      [
        0.0,
        0.0,
        0.0,
        1.0,
        0.0,
        0.0
      ],
      [
        0.0,
        0.0,
        0.0,
        0.0,
        1.0,
        0.0
      ],
      [
        0.0,
        0.0,
        0.0,
        0.0,
        0.0,
        1.0
      ]
    ],
    "initial_weights": [
      0.16666666666666666,
      0.16666666666666666,
      0.16666666666666666,
      0.16666666666666666,
      0.16666666666666666,
      0.16666666666666666
    ],
    "kind": "single synthetic root revealing a uniformly sampled physical state",
    "root_value_scale": "V_root / gamma, gamma=0.99"
  },
  "model": {
    "beta": 0.0,
    "epsilon": 0.020000000000000004,
    "gamma": 0.99,
    "mdp_density": 0.5,
    "mdp_seed": 1111,
    "mdp_sha256": "580f9fa806b22e34e0f0d1010a1012409199158e69e3f71c129e1c5119fb8d6a",
    "n_jpo_actions": 128,
    "n_prescriptions": 64,
    "n_receiver_actions": 2,
    "n_states": 6
  },
  "runtime": {
    "julia": "1.12.6",
    "native_sarsop": "0.1.4",
    "pomdp_tools": "1.1.0",
    "pomdps": "1.0.0"
  },
  "solver": {
    "delta": 0.0001,
    "export_beliefs": false,
    "initial_bound_max_time": 30.0,
    "initial_bound_residual": 1e-08,
    "initial_upper_bound": "fully_observable",
    "kappa": 0.5,
    "max_steps": 1000000,
    "max_time": 500.0,
    "precision": 0.01,
    "prune_threshold": 0.1,
    "search_epsilon": 0.01,
    "use_binning": true
  },
  "training": {
    "alpha_count": 5,
    "belief_count": 8279608,
    "elapsed_seconds": 544.5595829486847,
    "history": [
      {
        "elapsed_seconds": 1.3113021850585938e-05,
        "initial_gap": 10151.685969110493,
        "initial_lower_objective": -10099.999999999984,
        "initial_upper_objective": 51.68596911050958,
        "iteration": 0,
        "root_gap": 10050.169109419388,
        "root_lower": -9998.999999999984,
        "root_upper": 51.169109419404485
      },
      {
        "elapsed_seconds": 0.00045800209045410156,
        "initial_gap": 26.711134436216597,
        "initial_lower_objective": 24.974834674292985,
        "initial_upper_objective": 51.68596911050958,
        "iteration": 1,
        "root_gap": 26.44402309185443,
        "root_lower": 24.725086327550056,
        "root_upper": 51.169109419404485
      },
      {
        "elapsed_seconds": 1.057577133178711,
        "initial_gap": 25.096014169858442,
        "initial_lower_objective": 26.58995494065114,
        "initial_upper_objective": 51.68596911050958,
        "iteration": 2,
        "root_gap": 24.845054028159858,
        "root_lower": 26.324055391244627,
        "root_upper": 51.169109419404485
      },
      {
        "elapsed_seconds": 3.7276041507720947,
        "initial_gap": 23.113160143962606,
        "initial_lower_objective": 28.571891122635286,
        "initial_upper_objective": 51.685051266597895,
        "iteration": 3,
        "root_gap": 22.88202854252298,
        "root_lower": 28.286172211408932,
        "root_upper": 51.16820075393191
      },
      {
        "elapsed_seconds": 8.423845052719116,
        "initial_gap": 22.717761463315753,
        "initial_lower_objective": 28.96712754024028,
        "initial_upper_objective": 51.68488900355604,
        "iteration": 4,
        "root_gap": 22.490583848682597,
        "root_lower": 28.67745626483788,
        "root_upper": 51.168040113520476
      },
      {
        "elapsed_seconds": 14.66788911819458,
        "initial_gap": 21.345081477310888,
        "initial_lower_objective": 30.339807526245146,
        "initial_upper_objective": 51.68488900355604,
        "iteration": 5,
        "root_gap": 21.13163066253778,
        "root_lower": 30.036409450982696,
        "root_upper": 51.168040113520476
      },
      {
        "elapsed_seconds": 23.06715202331543,
        "initial_gap": 20.289788206166484,
        "initial_lower_objective": 31.393265112846766,
        "initial_upper_objective": 51.68305331901325,
        "iteration": 6,
        "root_gap": 20.086890324104818,
        "root_lower": 31.079332461718298,
        "root_upper": 51.166222785823116
      },
      {
        "elapsed_seconds": 35.324480056762695,
        "initial_gap": 18.547880447019885,
        "initial_lower_objective": 33.134138039043826,
        "initial_upper_objective": 51.682018486063704,
        "iteration": 7,
        "root_gap": 18.362401642549685,
        "root_lower": 32.802796658653385,
        "root_upper": 51.16519830120307
      },
      {
        "elapsed_seconds": 48.37611508369446,
        "initial_gap": 18.349489463777264,
        "initial_lower_objective": 33.332247137787895,
        "initial_upper_objective": 51.68173660156516,
        "iteration": 8,
        "root_gap": 18.165994569139492,
        "root_lower": 32.99892466641002,
        "root_upper": 51.16491923554951
      },
      {
        "elapsed_seconds": 63.67645215988159,
        "initial_gap": 17.470084049830163,
        "initial_lower_objective": 34.211652551735,
        "initial_upper_objective": 51.68173660156516,
        "iteration": 9,
        "root_gap": 17.29538320933186,
        "root_lower": 33.86953602621765,
        "root_upper": 51.16491923554951
      },
      {
        "elapsed_seconds": 82.10084104537964,
        "initial_gap": 16.84441737511923,
        "initial_lower_objective": 34.83656884945673,
        "initial_upper_objective": 51.68098622457596,
        "iteration": 10,
        "root_gap": 16.675973201368038,
        "root_lower": 34.488203160962165,
        "root_upper": 51.1641763623302
      },
      {
        "elapsed_seconds": 100.66331100463867,
        "initial_gap": 16.680366862331166,
        "initial_lower_objective": 34.999550229119635,
        "initial_upper_objective": 51.679917091450804,
        "iteration": 11,
        "root_gap": 16.513563193707853,
        "root_lower": 34.64955472682844,
        "root_upper": 51.163117920536294
      },
      {
        "elapsed_seconds": 122.65289616584778,
        "initial_gap": 15.916821201116884,
        "initial_lower_objective": 35.76309589033392,
        "initial_upper_objective": 51.679917091450804,
        "iteration": 12,
        "root_gap": 15.757652989105715,
        "root_lower": 35.40546493143058,
        "root_upper": 51.163117920536294
      },
      {
        "elapsed_seconds": 147.63732504844666,
        "initial_gap": 15.351657213614708,
        "initial_lower_objective": 36.328259877836096,
        "initial_upper_objective": 51.679917091450804,
        "iteration": 13,
        "root_gap": 15.19814064147856,
        "root_lower": 35.964977279057734,
        "root_upper": 51.163117920536294
      },
      {
        "elapsed_seconds": 194.89238214492798,
        "initial_gap": 15.12946500586413,
        "initial_lower_objective": 36.54991758174319,
        "initial_upper_objective": 51.679382587607314,
        "iteration": 14,