{
  "horizon": 95,
  "lower_objective": 1.9801659026148164,
  "lower_values": [
    2.2966056438063753,
    3.107221880210312,
    2.003537229013657,
    1.2350467168224488,
    1.2350467168224488,
    2.003537229013657
  ],
  "method": "deterministic_joint_state_belief_propagation",
  "objective_estimate": 1.9804009333675634,
  "status": "ok",
  "tail_interval_width": 0.00047006150549422365,
  "total_belief_nodes": 77599,
  "upper_objective": 1.9806359641203106,
  "upper_values": [
    2.2970757053118698,
    3.107691941715808,
    2.00400729051915,
    1.2355167783279426,
    1.2355167783279426,
    2.00400729051915
  ]
}