{
  "analysis_discounted_tail_bound": 9.67774912024056e-09,
  "analysis_horizon": 197,
  "analysis_total_belief_nodes": 50257,
  "discounted_transmission_occupancy": 1.3782595007747536,
  "violation_count": 1,
  "violations": [
    {
      "action": 114,
      "belief": [
        0.00813568956339175,
        0.35051509116011226,
        0.008382816850157718,
        0.13564278170416916,
        0.4852249230504343,
        0.01209869767173485
      ],
      "common_next_receiver_action": 0,
      "discounted_event_occupancy": 7.606485483137194e-05,
      "first_depth": 16,
      "no_reception_next_action": 32,
      "null_probability_given_belief": 0.5538999918357042,
      "prescription": [
        1,
        1,
        1,
        0,
        0,
        1
      ],
      "prescription_index": 57,
      "reached_state": 1,
      "receiver_action": 0,
      "success_next_action": 80,
      "success_probability_given_belief": 0.2086412172001093
    }
  ]
}