{
  "horizon": 95,
  "lower_objective": 3.7294102379145273,
  "lower_values": [
    4.204698552405736,
    3.4383045286525036,
    3.538267849638027,
    4.204698552405736,
    3.538267849638027,
    3.452224094747135
  ],
  "method": "deterministic_joint_state_belief_propagation",
  "objective_estimate": 3.729645268667274,
  "status": "same_as_normal_no_violations",
  "tail_interval_width": 0.00047006150549311343,
  "total_belief_nodes": 19621,
  "unrestricted_upper_minus_restricted_lower": 0.011020773152233598,
  "upper_objective": 3.7298802994200204,
  "upper_values": [
    4.205168613911228,
    3.4387745901579985,
    3.5387379111435195,
    4.205168613911228,
    3.5387379111435195,
    3.4526941562526305
  ]
}