{
  "horizon": 95,
  "lower_objective": 4.808064945489083,
  "lower_values": [
    4.982479175339016,
    4.621850177694374,
    4.982479175339016,
    4.982479175339016,
    4.982479175339016,
    4.296622793884064
  ],
  "method": "deterministic_joint_state_belief_propagation",
  "objective_estimate": 4.808310097183336,
  "status": "ok",
  "tail_interval_width": 0.0004903033885055308,
  "total_belief_nodes": 35374,
  "upper_objective": 4.808555248877589,
  "upper_values": [
    4.982969478727521,
    4.622340481082876,
    4.982969478727521,
    4.982969478727521,
    4.982969478727521,
    4.29711309727257
  ]
}