{
  "horizon": 95,
  "lower_objective": 2.4756876344557366,
  "lower_values": [
    2.5210553346764843,
    2.5210553346764843,
    2.5210553346764843,
    2.742763653839345,
    2.2609610250163525,
    2.287235123849272
  ],
  "method": "deterministic_joint_state_belief_propagation",
  "objective_estimate": 2.475922665208483,
  "status": "ok",
  "tail_interval_width": 0.00047006150549311343,
  "total_belief_nodes": 89846,
  "unrestricted_upper_minus_restricted_lower": 0.08019668049559003,
  "upper_objective": 2.4761576959612297,
  "upper_values": [
    2.521525396181977,
    2.521525396181977,
    2.521525396181977,
    2.7432337153448376,
    2.2614310865218443,
    2.287705185354766
  ]
}