{
  "alpha_vector_count": 8,
  "analysis_discounted_tail_bound": 9.67774912024056e-09,
  "analysis_horizon": 197,
  "analysis_total_belief_nodes": 39005,
  "beta": 0.05,
  "candidate_index": 34,
  "discounted_transmission_occupancy": 2.0806373881560076,
  "epsilon": 0.1,
  "epsilon_index": 9,
  "gamma": 0.9,
  "index": 349,
  "margin": -0.7600000000000003,
  "margin_region": "m<0",
  "mdp_seed": 2051696463,
  "normal_minus_restricted_lower": 0.005401437026748113,
  "normal_minus_restricted_upper": 0.006341560037735228,
  "normal_minus_restricted_value": 0.00587149853224167,
  "normal_policy_horizon": 95,
  "normal_policy_interval_width": 0.0004700615054940016,
  "normal_policy_lower_bound": 2.481559132987978,
  "normal_policy_total_belief_nodes": 89854,
  "normal_policy_upper_bound": 2.482029194493472,
  "normal_policy_value": 2.481794163740725,
  "point_id": "seed_2051696463_e09",
  "restricted_policy_horizon": 95,
  "restricted_policy_interval_width": 0.00047006150549311343,
  "restricted_policy_lower_bound": 2.4756876344557366,
  "restricted_policy_status": "ok",
  "restricted_policy_total_belief_nodes": 89846,
  "restricted_policy_upper_bound": 2.4761576959612297,
  "restricted_policy_value": 2.475922665208483,
  "reused_solver_checkpoint": false,
  "root_gap": 0.07419581421851174,
  "sampled_belief_count": 6852868,
  "sarsop_gap": 0.07419339214119391,
  "sarsop_gap_within_acceptance_threshold": true,
  "sarsop_lower_bound": 2.4816909228101327,
  "sarsop_upper_bound": 2.5558843149513266,
  "solver_elapsed_seconds": 605.4002311229706,
  "solver_iterations": 225,
  "solver_stop_reason": "max_time",
  "status": "ok",
  "violation_count": 75,
  "violation_discounted_event_occupancy": 0.08705733611792624,
  "violation_first_depth_max": 58,
  "violation_first_depth_min": 1
}