{
  "horizon": 1220,
  "lower_objective": 48.69572254398308,
  "lower_values": [
    48.872843200743006,
    48.523304063461154,
    48.872843200743006,
    48.872843200743006,
    48.872843200743006,
    48.159658397465336
  ],
  "method": "deterministic_joint_state_belief_propagation",
  "objective_estimate": 48.69597079432583,
  "status": "ok",
  "tail_interval_width": 0.0004965006855144338,
  "total_belief_nodes": 462336,
  "upper_objective": 48.696219044668595,
  "upper_values": [
    48.87333970142852,
    48.52380056414666,
    48.87333970142852,
    48.87333970142852,
    48.87333970142852,
    48.16015489815085
  ]
}