{
  "horizon": 95,
  "lower_objective": 5.431504368138279,
  "lower_values": [
    5.157156648109651,
    5.157156648109651,
    5.568678228152593,
    5.568678228152593,
    5.568678228152593,
    5.568678228152593
  ],
  "method": "deterministic_joint_state_belief_propagation",
  "objective_estimate": 5.431739398891027,
  "status": "same_as_normal_no_violations",
  "tail_interval_width": 0.0004700615054948898,
  "total_belief_nodes": 22384,
  "unrestricted_upper_minus_restricted_lower": 0.010346270423692516,
  "upper_objective": 5.431974429643774,
  "upper_values": [
    5.157626709615143,
    5.157626709615143,
    5.56914828965809,
    5.56914828965809,
    5.56914828965809,
    5.56914828965809
  ]
}