iteration	elapsed_seconds	root_lower	root_upper	root_gap
0.0	8.106231689453125e-6	-99.00000000000004	2.23832164152778	101.23832164152782
1.0	0.0003459453582763672	1.9925757577732692	2.23832164152778	0.24574588375451056
2.0	0.013937950134277344	2.2263950242820676	2.23832164152778	0.011926617245712201
3.0	0.03033304214477539	2.227353456138194	2.236481303392843	0.00912784725464899
