{
  "horizon": 95,
  "lower_objective": 2.634405892842296,
  "lower_values": [
    2.677152008958366,
    2.5456207219082914,
    2.4109754638587955,
    2.4109754638587955,
    2.880855849234765,
    2.880855849234765
  ],
  "method": "deterministic_joint_state_belief_propagation",
  "objective_estimate": 2.634640923595043,
  "status": "ok",
  "tail_interval_width": 0.0004700615054940016,
  "total_belief_nodes": 70002,
  "upper_objective": 2.63487595434779,
  "upper_values": [
    2.6776220704638614,
    2.5460907834137827,
    2.41144552536429,
    2.41144552536429,
    2.881325910740259,
    2.881325910740259
  ]
}