{
  "horizon": 95,
  "lower_objective": 4.260213952368924,
  "lower_values": [
    4.454676510719021,
    3.923890679151125,
    4.13668175145268,
    4.454676510719021,
    4.13668175145268,
    4.454676510719021
  ],
  "method": "deterministic_joint_state_belief_propagation",
  "objective_estimate": 4.2604489831216705,
  "status": "ok",
  "tail_interval_width": 0.00047006150549222525,
  "total_belief_nodes": 25897,
  "upper_objective": 4.260684013874417,
  "upper_values": [
    4.455146572224513,
    3.9243607406566188,
    4.137151812958172,
    4.455146572224513,
    4.137151812958172,
    4.455146572224513
  ]
}