{
  "horizon": 95,
  "lower_objective": 3.670767481330728,
  "lower_values": [
    3.4650875681852744,
    4.121459999897588,
    3.4650875681852744,
    4.121459999897588,
    3.375678318682405,
    3.4758314331362383
  ],
  "method": "deterministic_joint_state_belief_propagation",
  "objective_estimate": 3.671002512083474,
  "status": "ok",
  "tail_interval_width": 0.00047006150549311343,
  "total_belief_nodes": 67230,
  "unrestricted_upper_minus_restricted_lower": 0.049315615770900934,
  "upper_objective": 3.671237542836221,
  "upper_values": [
    3.465557629690769,
    4.12193006140308,
    3.465557629690769,
    4.12193006140308,
    3.376148380187898,
    3.47630149464173
  ]
}