{
  "alpha_vector_count": 10,
  "analysis_discounted_tail_bound": 9.67774912024056e-09,
  "analysis_horizon": 197,
  "analysis_total_belief_nodes": 28394,
  "beta": 0.05,
  "candidate_index": 18,
  "discounted_transmission_occupancy": 2.5903654713526403,
  "epsilon": 0.06000000000000001,
  "epsilon_index": 5,
  "gamma": 0.9,
  "index": 185,
  "margin": -0.4576000000000002,
  "margin_region": "m<0",
  "mdp_seed": 1746243620,
  "normal_minus_restricted_lower": 0.005827584979442246,
  "normal_minus_restricted_upper": 0.006767707990428917,
  "normal_minus_restricted_value": 0.006297646484935804,
  "normal_policy_horizon": 95,
  "normal_policy_interval_width": 0.0004700615054935575,
  "normal_policy_lower_bound": 3.677065127815663,
  "normal_policy_total_belief_nodes": 67285,
  "normal_policy_upper_bound": 3.6775351893211567,
  "normal_policy_value": 3.6773001585684097,
  "point_id": "seed_1746243620_e05",
  "restricted_policy_horizon": 95,
  "restricted_policy_interval_width": 0.00047006150549311343,
  "restricted_policy_lower_bound": 3.670767481330728,
  "restricted_policy_status": "ok",
  "restricted_policy_total_belief_nodes": 67230,
  "restricted_policy_upper_bound": 3.671237542836221,
  "restricted_policy_value": 3.671002512083474,
  "reused_solver_checkpoint": false,
  "root_gap": 0.042824824920032846,
  "sampled_belief_count": 4475269,
  "sarsop_gap": 0.04282482492014861,
  "sarsop_gap_within_acceptance_threshold": true,
  "sarsop_lower_bound": 3.67725827218148,
  "sarsop_upper_bound": 3.7200830971016288,
  "solver_elapsed_seconds": 610.9746739864349,
  "solver_iterations": 310,
  "solver_stop_reason": "max_time",
  "status": "ok",
  "violation_count": 2,
  "violation_discounted_event_occupancy": 0.11575085082416918,
  "violation_first_depth_max": 0,
  "violation_first_depth_min": 0
}