{
  "horizon": 95,
  "lower_objective": 3.0388415565865206,
  "lower_values": [
    2.9078833128303794,
    2.9078833128303794,
    2.9078833128303794,
    2.897077887984576,
    3.704438200213029,
    2.9078833128303794
  ],
  "method": "deterministic_joint_state_belief_propagation",
  "objective_estimate": 3.0390765873392676,
  "status": "ok",
  "tail_interval_width": 0.0004700615054935575,
  "total_belief_nodes": 24498,
  "upper_objective": 3.039311618092014,
  "upper_values": [
    2.9083533743358734,
    2.9083533743358734,
    2.9083533743358734,
    2.89754794949007,
    3.7049082617185225,
    2.9083533743358734
  ]
}