{
  "horizon": 95,
  "lower_objective": 4.563150748295352,
  "lower_values": [
    4.116424608729523,
    4.958882818755725,
    4.958882818755725,
    4.192915712387709,
    4.192915712387709,
    4.958882818755725
  ],
  "method": "deterministic_joint_state_belief_propagation",
  "objective_estimate": 4.563385779048098,
  "status": "ok",
  "tail_interval_width": 0.00047006150549311343,
  "total_belief_nodes": 29130,
  "upper_objective": 4.563620809800845,
  "upper_values": [
    4.116894670235017,
    4.959352880261217,
    4.959352880261217,
    4.193385773893202,
    4.193385773893202,
    4.959352880261217
  ]
}