{
  "action_encoding": {
    "formula": "action = prescription_index * n_receiver_actions + receiver_action",
    "solver_jpo_action_offset": 1,
    "state_zero_bit": "most_significant"
  },
  "bounds": {
    "gap": 9.424765365212025,
    "lower_objective": 42.16181914594817,
    "lower_values": [
      42.32589960987828,
      42.04344976359055,
      42.31384873812751,
      42.32589960987828,
      42.31384873812751,
      41.64796841608692
    ],
    "root_gap": 9.426471925146991,
    "root_lower_objective": 42.16181914594817,
    "root_upper_objective": 51.58829107109516,
    "upper_objective": 51.5865845111602,
    "upper_values": [
      51.80972129138769,
      51.41111281164226,
      51.755464905364676,
      51.7310213313263,
      51.71470834880956,
      51.097478378430736
    ]
  },
  "initialization": {
    "initial_beliefs": [
      [
        1.0,
        0.0,
        0.0,
        0.0,
        0.0,
        0.0
      ],
      [
        0.0,
        1.0,
        0.0,
        0.0,
        0.0,
        0.0
      ],
      [
        0.0,
        0.0,
        1.0,
        0.0,
        0.0,
        0.0
      ],
      [
        0.0,
        0.0,
        0.0,
        1.0,
        0.0,
        0.0
      ],
      [
        0.0,
        0.0,
        0.0,
        0.0,
        1.0,
        0.0
      ],
      [
        0.0,
        0.0,
        0.0,
        0.0,
        0.0,
        1.0
      ]
    ],
    "initial_weights": [
      0.16666666666666666,
      0.16666666666666666,
      0.16666666666666666,
      0.16666666666666666,
      0.16666666666666666,
      0.16666666666666666
    ],
    "kind": "single synthetic root revealing a uniformly sampled physical state",
    "root_value_scale": "V_root / gamma, gamma=0.99"
  },
  "model": {
    "beta": 0.05,
    "epsilon": 0.030000000000000006,
    "gamma": 0.99,
    "mdp_density": 0.5,
    "mdp_seed": 1111,
    "mdp_sha256": "580f9fa806b22e34e0f0d1010a1012409199158e69e3f71c129e1c5119fb8d6a",
    "n_jpo_actions": 128,
    "n_prescriptions": 64,
    "n_receiver_actions": 2,
    "n_states": 6
  },
  "runtime": {
    "julia": "1.12.6",
    "native_sarsop": "0.1.4",
    "pomdp_tools": "1.1.0",
    "pomdps": "1.0.0"
  },
  "solver": {
    "delta": 0.0001,
    "export_beliefs": false,
    "initial_bound_max_time": 30.0,
    "initial_bound_residual": 1e-08,
    "initial_upper_bound": "fully_observable",
    "kappa": 0.5,
    "max_steps": 1000000,
    "max_time": 500.0,
    "precision": 0.01,
    "prune_threshold": 0.1,
    "search_epsilon": 0.01,
    "use_binning": true
  },
  "training": {
    "alpha_count": 4,
    "belief_count": 6625312,
    "elapsed_seconds": 592.4437170028687,
    "history": [
      {
        "elapsed_seconds": 1.0013580322265625e-05,
        "initial_gap": 10151.685969110493,
        "initial_lower_objective": -10099.999999999984,
        "initial_upper_objective": 51.68596911050958,
        "iteration": 0,
        "root_gap": 10050.169109419388,
        "root_lower": -9998.999999999984,
        "root_upper": 51.169109419404485
      },
      {
        "elapsed_seconds": 0.0003399848937988281,
        "initial_gap": 26.711134436216597,
        "initial_lower_objective": 24.974834674292985,
        "initial_upper_objective": 51.68596911050958,
        "iteration": 1,
        "root_gap": 26.44402309185443,
        "root_lower": 24.725086327550056,
        "root_upper": 51.169109419404485
      },
      {
        "elapsed_seconds": 2.1128830909729004,
        "initial_gap": 20.65843860617781,
        "initial_lower_objective": 31.02753050433177,
        "initial_upper_objective": 51.68596911050958,
        "iteration": 2,
        "root_gap": 20.451854220116033,
        "root_lower": 30.717255199288452,
        "root_upper": 51.169109419404485
      },
      {
        "elapsed_seconds": 8.41370415687561,
        "initial_gap": 19.65016269921049,
        "initial_lower_objective": 32.02800816342749,
        "initial_upper_objective": 51.67817086263798,
        "iteration": 3,
        "root_gap": 19.453661072218384,
        "root_lower": 31.70772808179321,
        "root_upper": 51.161389154011594
      },
      {
        "elapsed_seconds": 18.107863187789917,
        "initial_gap": 17.600628800712496,
        "initial_lower_objective": 34.058674831890244,
        "initial_upper_objective": 51.659303632602736,
        "iteration": 4,
        "root_gap": 17.42462251270537,
        "root_lower": 33.71808808357134,
        "root_upper": 51.14271059627671
      },
      {
        "elapsed_seconds": 33.92701196670532,
        "initial_gap": 17.34231351740357,
        "initial_lower_objective": 34.29596932661087,
        "initial_upper_objective": 51.63828284401444,
        "iteration": 5,
        "root_gap": 17.168890382229534,
        "root_lower": 33.95300963334476,
        "root_upper": 51.1219000155743
      },
      {
        "elapsed_seconds": 55.992840051651,
        "initial_gap": 16.49331813294769,
        "initial_lower_objective": 35.127017179066826,
        "initial_upper_objective": 51.62033531201452,
        "iteration": 6,
        "root_gap": 16.32838495161821,
        "root_lower": 34.77574700727616,
        "root_upper": 51.10413195889437
      },
      {
        "elapsed_seconds": 82.47901701927185,
        "initial_gap": 15.377340225614212,
        "initial_lower_objective": 36.234523124287314,
        "initial_upper_objective": 51.611863349901526,
        "iteration": 7,
        "root_gap": 15.22356682335807,
        "root_lower": 35.87217789304444,
        "root_upper": 51.09574471640251
      },
      {
        "elapsed_seconds": 108.64392709732056,
        "initial_gap": 15.190491688428596,
        "initial_lower_objective": 36.41519379605842,
        "initial_upper_objective": 51.60568548448701,
        "iteration": 8,
        "root_gap": 15.03858677154431,
        "root_lower": 36.05104185809783,
        "root_upper": 51.08962862964214
      },
      {
        "elapsed_seconds": 138.41424107551575,
        "initial_gap": 13.64776508128938,
        "initial_lower_objective": 37.957862649073405,
        "initial_upper_objective": 51.605627730362784,
        "iteration": 9,
        "root_gap": 13.511287430476486,
        "root_lower": 37.57828402258267,
        "root_upper": 51.08957145305916
      },
      {
        "elapsed_seconds": 175.39579916000366,
        "initial_gap": 12.48021872020638,
        "initial_lower_objective": 39.12283761292301,
        "initial_upper_objective": 51.60305633312939,
        "iteration": 10,
        "root_gap": 12.355416533004316,
        "root_lower": 38.73160923679378,
        "root_upper": 51.087025769798096
      },
      {
        "elapsed_seconds": 218.56478714942932,
        "initial_gap": 11.964114101058644,
        "initial_lower_objective": 39.62573715434787,
        "initial_upper_objective": 51.589851255406515,
        "iteration": 11,
        "root_gap": 11.844472960048058,
        "root_lower": 39.22947978280439,
        "root_upper": 51.07395274285245
      },
      {
        "elapsed_seconds": 268.86696910858154,
        "initial_gap": 11.682180647915562,
        "initial_lower_objective": 39.90689426023365,
        "initial_upper_objective": 51.589074908149215,
        "iteration": 12,
        "root_gap": 11.565358841436407,
        "root_lower": 39.507825317631315,
        "root_upper": 51.07318415906772
      },
      {
        "elapsed_seconds": 315.9766321182251,
        "initial_gap": 10.723973448754954,
        "initial_lower_objective": 40.865090130901535,
        "initial_upper_objective": 51.58906357965649,
        "iteration": 13,
        "root_gap": 10.616733714267404,
        "root_lower": 40.45643922959252,
        "root_upper": 51.07317294385992
      },
      {
        "elapsed_seconds": 351.98539209365845,
        "initial_gap": 10.317692373814422,
        "initial_lower_objective": 41.27103643964462,
        "initial_upper_objective": 51.58872881345904,
        "iteration": 14,