{
  "horizon": 96,
  "lower_objective": 4.7135868697397,
  "lower_values": [
    4.887693594664875,
    4.524800558504331,
    4.887693594664875,
    4.887693594664875,
    4.887693594664875,
    4.205946281274372
  ],
  "method": "deterministic_joint_state_belief_propagation",
  "objective_estimate": 4.713816615111883,
  "status": "ok",
  "tail_interval_width": 0.0004594907443635776,
  "total_belief_nodes": 32172,
  "upper_objective": 4.714046360484064,
  "upper_values": [
    4.888153085409238,
    4.525260049248697,
    4.888153085409238,
    4.888153085409238,
    4.888153085409238,
    4.206405772018736
  ]
}