{
  "horizon": 95,
  "lower_objective": 3.8945912304216384,
  "lower_values": [
    3.9625211562810034,
    3.9625211562810034,
    3.9625211562810034,
    3.5549416011248156,
    3.9625211562810034,
    3.9625211562810034
  ],
  "method": "deterministic_joint_state_belief_propagation",
  "objective_estimate": 3.8948262611743854,
  "status": "same_as_normal_no_violations",
  "tail_interval_width": 0.0004700615054940016,
  "total_belief_nodes": 28469,
  "unrestricted_upper_minus_restricted_lower": 0.01089031006278729,
  "upper_objective": 3.8950612919271324,
  "upper_values": [
    3.962991217786497,
    3.962991217786497,
    3.962991217786497,
    3.5554116626303096,
    3.962991217786497,
    3.962991217786497
  ]
}