{
  "horizon": 95,
  "lower_objective": 3.2257291166738438,
  "lower_values": [
    3.438684047526735,
    3.0207554850254663,
    3.152083706654709,
    3.438684047526735,
    3.152083706654709,
    3.152083706654709
  ],
  "method": "deterministic_joint_state_belief_propagation",
  "objective_estimate": 3.225964147426591,
  "status": "same_as_normal_no_violations",
  "tail_interval_width": 0.0004700615054940016,
  "total_belief_nodes": 29605,
  "unrestricted_upper_minus_restricted_lower": 0.022204618321851388,
  "upper_objective": 3.2261991781793378,
  "upper_values": [
    3.43915410903223,
    3.021225546530959,
    3.1525537681602027,
    3.43915410903223,
    3.1525537681602027,
    3.1525537681602027
  ]
}