{
  "horizon": 95,
  "lower_objective": 2.2237771465151313,
  "lower_values": [
    2.1739778040910154,
    2.1277368134422656,
    2.1277368134422656,
    2.1739778040910154,
    2.1739778040910154,
    2.5652558399332115
  ],
  "method": "deterministic_joint_state_belief_propagation",
  "objective_estimate": 2.2240121772678783,
  "status": "ok",
  "tail_interval_width": 0.0004700615054935575,
  "total_belief_nodes": 27078,
  "upper_objective": 2.224247208020625,
  "upper_values": [
    2.174447865596508,
    2.1282068749477605,
    2.1282068749477605,
    2.174447865596508,
    2.174447865596508,
    2.5657259014387055
  ]
}