{
  "horizon": 95,
  "lower_objective": 2.480190834789823,
  "lower_values": [
    2.81923225809765,
    2.3966428765910814,
    2.4228756658197086,
    2.3966428765910814,
    2.4228756658197086,
    2.4228756658197086
  ],
  "method": "deterministic_joint_state_belief_propagation",
  "objective_estimate": 2.4804258655425695,
  "status": "same_as_normal_no_violations",
  "tail_interval_width": 0.00047006150549266934,
  "total_belief_nodes": 38547,
  "unrestricted_upper_minus_restricted_lower": 0.005069657284519469,
  "upper_objective": 2.4806608962953156,
  "upper_values": [
    2.8197023196031417,
    2.397112938096575,
    2.4233457273252013,
    2.397112938096575,
    2.4233457273252013,
    2.4233457273252013
  ]
}