{
  "horizon": 95,
  "lower_objective": 1.888766015482135,
  "lower_values": [
    1.6810215887816464,
    1.6810215887816464,
    1.8371043198683652,
    1.8371043198683652,
    2.062821273840923,
    2.233523001751864
  ],
  "method": "deterministic_joint_state_belief_propagation",
  "objective_estimate": 1.889001046234882,
  "status": "ok",
  "tail_interval_width": 0.0004700615054940016,
  "total_belief_nodes": 66526,
  "upper_objective": 1.889236076987629,
  "upper_values": [
    1.6814916502871418,
    1.6814916502871418,
    1.8375743813738592,
    1.8375743813738592,
    2.063291335346416,
    2.2339930632573575
  ]
}