{
  "alpha_vector_count": 8,
  "analysis_discounted_tail_bound": 9.67774912024056e-09,
  "analysis_horizon": 197,
  "analysis_total_belief_nodes": 54342,
  "beta": 0.05,
  "candidate_index": 8,
  "discounted_transmission_occupancy": 1.9265259701056476,
  "epsilon": 0.06000000000000001,
  "epsilon_index": 5,
  "gamma": 0.9,
  "index": 85,
  "margin": -0.4576000000000002,
  "margin_region": "m<0",
  "mdp_seed": 826965060,
  "normal_minus_restricted_lower": 0.022182731890103113,
  "normal_minus_restricted_upper": 0.023122854901095558,
  "normal_minus_restricted_value": 0.022652793395599335,
  "normal_policy_horizon": 95,
  "normal_policy_interval_width": 0.0004700615054975543,
  "normal_policy_lower_bound": 2.650787743922762,
  "normal_policy_total_belief_nodes": 120025,
  "normal_policy_upper_bound": 2.6512578054282594,
  "normal_policy_value": 2.6510227746755106,
  "point_id": "seed_826965060_e05",
  "restricted_policy_horizon": 95,
  "restricted_policy_interval_width": 0.0004700615054948898,
  "restricted_policy_lower_bound": 2.628134950527164,
  "restricted_policy_status": "ok",
  "restricted_policy_total_belief_nodes": 120746,
  "restricted_policy_upper_bound": 2.6286050120326587,
  "restricted_policy_value": 2.6283699812799113,
  "reused_solver_checkpoint": false,
  "root_gap": 0.04857694960882508,
  "sampled_belief_count": 4304602,
  "sarsop_gap": 0.04813729725594218,
  "sarsop_gap_within_acceptance_threshold": true,
  "sarsop_lower_bound": 2.6509328300047166,
  "sarsop_upper_bound": 2.6990701272606588,
  "solver_elapsed_seconds": 600.3289670944214,
  "solver_iterations": 232,
  "solver_stop_reason": "max_time",
  "status": "ok",
  "violation_count": 76,
  "violation_discounted_event_occupancy": 0.34004901770189144,
  "violation_first_depth_max": 73,
  "violation_first_depth_min": 0
}