{
  "horizon": 95,
  "lower_objective": 2.478319501445119,
  "lower_values": [
    2.818060634755977,
    2.3926930620250197,
    2.4221567499549,
    2.3926930620250197,
    2.4221567499549,
    2.4221567499549
  ],
  "method": "deterministic_joint_state_belief_propagation",
  "objective_estimate": 2.478554532197866,
  "status": "same_as_normal_no_violations",
  "tail_interval_width": 0.0004700615054935575,
  "total_belief_nodes": 37673,
  "unrestricted_upper_minus_restricted_lower": 0.004380874961829484,
  "upper_objective": 2.4787895629506127,
  "upper_values": [
    2.8185306962614702,
    2.3931631235305133,
    2.4226268114603933,
    2.3931631235305133,
    2.4226268114603933,
    2.4226268114603933
  ]
}