{
  "horizon": 95,
  "lower_objective": 5.5194819180894905,
  "lower_values": [
    5.289694646207929,
    5.679023680568588,
    5.679023680568588,
    5.679023680568588,
    5.679023680568588,
    5.111102140054664
  ],
  "method": "deterministic_joint_state_belief_propagation",
  "objective_estimate": 5.5197169488422375,
  "status": "same_as_normal_no_violations",
  "tail_interval_width": 0.0004700615054948898,
  "total_belief_nodes": 9768,
  "unrestricted_upper_minus_restricted_lower": 0.011296144070578329,
  "upper_objective": 5.519951979594985,
  "upper_values": [
    5.290164707713423,
    5.679493742074083,
    5.679493742074083,
    5.679493742074083,
    5.679493742074083,
    5.111572201560157
  ]
}