{
  "horizon": 95,
  "lower_objective": 3.8825731051409442,
  "lower_values": [
    3.9505224028835038,
    3.9505224028835038,
    3.9505224028835038,
    3.5428266164281483,
    3.9505224028835038,
    3.9505224028835038
  ],
  "method": "deterministic_joint_state_belief_propagation",
  "objective_estimate": 3.8828081358936917,
  "status": "same_as_normal_no_violations",
  "tail_interval_width": 0.0004700615054935575,
  "total_belief_nodes": 28469,
  "unrestricted_upper_minus_restricted_lower": 0.011121721284861774,
  "upper_objective": 3.883043166646438,
  "upper_values": [
    3.9509924643889978,
    3.9509924643889978,
    3.9509924643889978,
    3.54329667793364,
    3.9509924643889978,
    3.9509924643889978
  ]
}