{
  "horizon": 1229,
  "lower_objective": 45.92813565860943,
  "lower_values": [
    46.10040228184013,
    45.74729846809501,
    46.10040228184013,
    46.10040228184013,
    46.10040228184013,
    45.419906356201025
  ],
  "method": "deterministic_joint_state_belief_propagation",
  "objective_estimate": 45.92838383197166,
  "status": "ok",
  "tail_interval_width": 0.00049634672446075,
  "total_belief_nodes": 623494,
  "upper_objective": 45.92863200533389,
  "upper_values": [
    46.10089862856459,
    45.74779481481947,
    46.10089862856459,
    46.10089862856459,
    46.10089862856459,
    45.4204027029255
  ]
}