{
  "horizon": 95,
  "lower_objective": 4.969236780481524,
  "lower_values": [
    5.144040051219738,
    4.787871049701123,
    5.144040051219738,
    5.144040051219738,
    5.144040051219738,
    4.451389428309072
  ],
  "method": "deterministic_joint_state_belief_propagation",
  "objective_estimate": 4.969471811234273,
  "status": "ok",
  "tail_interval_width": 0.00047006150549666614,
  "total_belief_nodes": 31770,
  "upper_objective": 4.969706841987021,
  "upper_values": [
    5.144510112725236,
    4.78834111120662,
    5.144510112725236,
    5.144510112725236,
    5.144510112725236,
    4.4518594898145665
  ]
}