{
  "horizon": 95,
  "lower_objective": 3.853795289470299,
  "lower_values": [
    4.380316644259026,
    3.1613291523859792,
    4.380316644259026,
    4.380316644259026,
    3.5539789601100535,
    3.2665136915486834
  ],
  "method": "deterministic_joint_state_belief_propagation",
  "objective_estimate": 3.854030320223046,
  "status": "ok",
  "tail_interval_width": 0.0004700615054948898,
  "total_belief_nodes": 48132,
  "upper_objective": 3.854265350975794,
  "upper_values": [
    4.380786705764524,
    3.161799213891472,
    4.380786705764524,
    4.380786705764524,
    3.5544490216155475,
    3.266983753054176
  ]
}