{
  "horizon": 95,
  "lower_objective": 3.8117560786286937,
  "lower_values": [
    4.323258814965397,
    3.135514168921947,
    4.323258814965397,
    4.323258814965397,
    3.5274665734971817,
    3.2377792844568423
  ],
  "method": "deterministic_joint_state_belief_propagation",
  "objective_estimate": 3.8119911093814407,
  "status": "ok",
  "tail_interval_width": 0.0004700615054935575,
  "total_belief_nodes": 35145,
  "unrestricted_upper_minus_restricted_lower": 0.0642308052183127,
  "upper_objective": 3.8122261401341873,
  "upper_values": [
    4.323728876470891,
    3.13598423042744,
    4.323728876470891,
    4.323728876470891,
    3.5279366350026757,
    3.238249345962336
  ]
}