{
  "horizon": 95,
  "lower_objective": 1.0948512148835714,
  "lower_values": [
    0.9258745294440865,
    0.9258745294440865,
    1.3019449102937628,
    1.3019449102937628,
    1.0567342049128652,
    1.0567342049128652
  ],
  "method": "deterministic_joint_state_belief_propagation",
  "objective_estimate": 1.0950862456363182,
  "status": "same_as_normal_no_violations",
  "tail_interval_width": 0.0004700615054933355,
  "total_belief_nodes": 79610,
  "unrestricted_upper_minus_restricted_lower": 0.019370988758345087,
  "upper_objective": 1.0953212763890647,
  "upper_values": [
    0.9263445909495801,
    0.9263445909495801,
    1.302414971799257,
    1.302414971799257,
    1.0572042664183576,
    1.0572042664183576
  ]
}