{
  "horizon": 95,
  "lower_objective": 3.6394586478476065,
  "lower_values": [
    3.3830378579367224,
    3.3830378579367224,
    4.13628989132542,
    3.463251138342946,
    3.3348452502184087,
    4.13628989132542
  ],
  "method": "deterministic_joint_state_belief_propagation",
  "objective_estimate": 3.639693678600353,
  "status": "ok",
  "tail_interval_width": 0.00047006150549266934,
  "total_belief_nodes": 21801,
  "upper_objective": 3.639928709353099,
  "upper_values": [
    3.3835079194422155,
    3.3835079194422155,
    4.1367599528309125,
    3.4637211998484387,
    3.335315311723902,
    4.1367599528309125
  ]
}