{
  "horizon": 1220,
  "lower_objective": 48.54143317704197,
  "lower_values": [
    48.71901254416619,
    48.36849479912369,
    48.71901254416619,
    48.71901254416619,
    48.71901254416619,
    48.004054086463384
  ],
  "method": "deterministic_joint_state_belief_propagation",
  "objective_estimate": 48.541681427384574,
  "status": "ok",
  "tail_interval_width": 0.0004965006852089004,
  "total_belief_nodes": 497792,
  "upper_objective": 48.541929677727175,
  "upper_values": [
    48.7195090448514,
    48.36899129980889,
    48.7195090448514,
    48.7195090448514,
    48.7195090448514,
    48.00455058714859
  ]
}