{
  "horizon": 95,
  "lower_objective": 2.8648862160485447,
  "lower_values": [
    3.1023583219662316,
    2.8410798059278592,
    3.1023583219662316,
    2.6296022010170685,
    2.8410798059278592,
    2.672838839486019
  ],
  "method": "deterministic_joint_state_belief_propagation",
  "objective_estimate": 2.865121246801291,
  "status": "same_as_normal_no_violations",
  "tail_interval_width": 0.0004700615054935575,
  "total_belief_nodes": 53840,
  "unrestricted_upper_minus_restricted_lower": 0.03145170319535229,
  "upper_objective": 2.865356277554038,
  "upper_values": [
    3.102828383471725,
    2.8415498674333537,
    3.102828383471725,
    2.6300722625225617,
    2.8415498674333537,
    2.673308900991511
  ]
}