iteration	elapsed_seconds	root_lower	root_upper	root_gap
0.0	2.193450927734375e-5	-99.00000000000004	5.587913460823229	104.58791346082327
1.0	0.028424978256225586	5.503497889717095	5.587913460823229	0.08441557110613385
2.0	0.0355379581451416	5.585378643962874	5.587913460823229	0.0025348168603551713
