{
  "horizon": 95,
  "lower_objective": 3.182662870973746,
  "lower_values": [
    3.1188610779031274,
    2.981053746758552,
    3.435519376635971,
    3.0061625700057304,
    3.1188610779031274,
    3.435519376635971
  ],
  "method": "deterministic_joint_state_belief_propagation",
  "objective_estimate": 3.1828979017264936,
  "status": "ok",
  "tail_interval_width": 0.0004700615054944457,
  "total_belief_nodes": 73811,
  "upper_objective": 3.1831329324792406,
  "upper_values": [
    3.1193311394086223,
    2.9815238082640443,
    3.435989438141465,
    3.006632631511225,
    3.1193311394086223,
    3.435989438141465
  ]
}