{
  "horizon": 95,
  "lower_objective": 3.814824834577102,
  "lower_values": [
    3.6917545687669624,
    4.059043712498212,
    3.695597876165299,
    4.059043712498212,
    3.6917545687669624,
    3.6917545687669624
  ],
  "method": "deterministic_joint_state_belief_propagation",
  "objective_estimate": 3.8150598653298484,
  "status": "ok",
  "tail_interval_width": 0.0004700615054935575,
  "total_belief_nodes": 45624,
  "unrestricted_upper_minus_restricted_lower": 0.07912850252849069,
  "upper_objective": 3.8152948960825954,
  "upper_values": [
    3.6922246302724555,
    4.059513774003707,
    3.6960679376707914,
    4.059513774003707,
    3.6922246302724555,
    3.6922246302724555
  ]
}