{
  "alpha_vector_count": 8,
  "analysis_discounted_tail_bound": 9.67774912024056e-09,
  "analysis_horizon": 197,
  "analysis_total_belief_nodes": 17639,
  "beta": 0.05,
  "candidate_index": 51,
  "discounted_transmission_occupancy": 2.3012673264071357,
  "epsilon": 0.1,
  "epsilon_index": 9,
  "gamma": 0.9,
  "index": 519,
  "margin": -0.7600000000000003,
  "margin_region": "m<0",
  "mdp_seed": 1063508366,
  "normal_minus_restricted_lower": 0.0195680289945539,
  "normal_minus_restricted_upper": 0.02050815200553968,
  "normal_minus_restricted_value": 0.020038090500047012,
  "normal_policy_horizon": 95,
  "normal_policy_interval_width": 0.00047006150549222525,
  "normal_policy_lower_bound": 3.8348629250771493,
  "normal_policy_total_belief_nodes": 45834,
  "normal_policy_upper_bound": 3.8353329865826415,
  "normal_policy_value": 3.8350979558298954,
  "point_id": "seed_1063508366_e09",
  "restricted_policy_horizon": 95,
  "restricted_policy_interval_width": 0.0004700615054935575,
  "restricted_policy_lower_bound": 3.814824834577102,
  "restricted_policy_status": "ok",
  "restricted_policy_total_belief_nodes": 45624,
  "restricted_policy_upper_bound": 3.8152948960825954,
  "restricted_policy_value": 3.8150598653298484,
  "reused_solver_checkpoint": false,
  "root_gap": 0.05889599826974469,
  "sampled_belief_count": 4847305,
  "sarsop_gap": 0.05889599826974523,
  "sarsop_gap_within_acceptance_threshold": true,
  "sarsop_lower_bound": 3.8350573388358473,
  "sarsop_upper_bound": 3.8939533371055925,
  "solver_elapsed_seconds": 600.3769700527191,
  "solver_iterations": 248,
  "solver_stop_reason": "max_time",
  "status": "ok",
  "violation_count": 49,
  "violation_discounted_event_occupancy": 0.2699485551598734,
  "violation_first_depth_max": 33,
  "violation_first_depth_min": 0
}