{
  "action_encoding": {
    "formula": "action = prescription_index * n_receiver_actions + receiver_action",
    "solver_jpo_action_offset": 1,
    "state_zero_bit": "most_significant"
  },
  "bounds": {
    "gap": 0.1346772743780411,
    "lower_objective": 4.9097939321271316,
    "lower_values": [
      5.084939125017463,
      4.723749082961212,
      5.084939133167891,
      5.084939125017463,
      5.084939133167891,
      4.39525799343087
    ],
    "root_gap": 0.14506812579592163,
    "root_lower_objective": 4.909793932129586,
    "root_upper_objective": 5.054862057925507,
    "upper_objective": 5.044471206505173,
    "upper_values": [
      5.193650527610764,
      4.869105847819663,
      5.288167651338857,
      5.193650527610764,
      5.197582889591246,
      4.524669795059744
    ]
  },
  "initialization": {
    "initial_beliefs": [
      [
        1.0,
        0.0,
        0.0,
        0.0,
        0.0,
        0.0
      ],
      [
        0.0,
        1.0,
        0.0,
        0.0,
        0.0,
        0.0
      ],
      [
        0.0,
        0.0,
        1.0,
        0.0,
        0.0,
        0.0
      ],
      [
        0.0,
        0.0,
        0.0,
        1.0,
        0.0,
        0.0
      ],
      [
        0.0,
        0.0,
        0.0,
        0.0,
        1.0,
        0.0
      ],
      [
        0.0,
        0.0,
        0.0,
        0.0,
        0.0,
        1.0
      ]
    ],
    "initial_weights": [
      0.16666666666666666,
      0.16666666666666666,
      0.16666666666666666,
      0.16666666666666666,
      0.16666666666666666,
      0.16666666666666666
    ],
    "kind": "single synthetic root revealing a uniformly sampled physical state",
    "root_value_scale": "V_root / gamma, gamma=0.9"
  },
  "model": {
    "beta": 0.05,
    "epsilon": 0.07,
    "gamma": 0.9,
    "mdp_density": 0.5,
    "mdp_seed": 1111,
    "mdp_sha256": "580f9fa806b22e34e0f0d1010a1012409199158e69e3f71c129e1c5119fb8d6a",
    "n_jpo_actions": 128,
    "n_prescriptions": 64,
    "n_receiver_actions": 2,
    "n_states": 6
  },
  "runtime": {
    "julia": "1.12.6",
    "native_sarsop": "0.1.4",
    "pomdp_tools": "1.1.0",
    "pomdps": "1.0.0"
  },
  "solver": {
    "delta": 0.0001,
    "export_beliefs": false,
    "initial_bound_max_time": 30.0,
    "initial_bound_residual": 1e-08,
    "initial_upper_bound": "fully_observable",
    "kappa": 0.5,
    "max_steps": 1000000,
    "max_time": 500.0,
    "precision": 0.01,
    "prune_threshold": 0.1,
    "search_epsilon": 0.01,
    "use_binning": true
  },
  "training": {
    "alpha_count": 5,
    "belief_count": 830761,
    "elapsed_seconds": 991.5720610618591,
    "history": [
      {
        "elapsed_seconds": 1.2159347534179688e-05,
        "initial_gap": 115.12945975387242,
        "initial_lower_objective": -110.00000000000004,
        "initial_upper_objective": 5.129459753872374,
        "iteration": 0,
        "root_gap": 103.61651377848519,
        "root_lower": -99.00000000000004,
        "root_upper": 4.616513778485137
      },
      {
        "elapsed_seconds": 0.006951093673706055,
        "initial_gap": 1.6439812737624808,
        "initial_lower_objective": 3.4854784801098937,
        "initial_upper_objective": 5.129459753872374,
        "iteration": 1,
        "root_gap": 1.4795831463862328,
        "root_lower": 3.1369306320989043,
        "root_upper": 4.616513778485137
      },
      {
        "elapsed_seconds": 0.0571131706237793,
        "initial_gap": 0.6279612881242702,
        "initial_lower_objective": 4.501498464377532,
        "initial_upper_objective": 5.129459752501802,
        "iteration": 2,
        "root_gap": 0.5651651593118432,
        "root_lower": 4.051348617939778,
        "root_upper": 4.616513777251622
      },
      {
        "elapsed_seconds": 0.1258552074432373,
        "initial_gap": 0.3975918507996311,
        "initial_lower_objective": 4.731867899538624,
        "initial_upper_objective": 5.129459750338255,
        "iteration": 3,
        "root_gap": 0.357832665719668,
        "root_lower": 4.258681109584762,
        "root_upper": 4.61651377530443
      },
      {
        "elapsed_seconds": 0.22884821891784668,
        "initial_gap": 0.32856631452115553,
        "initial_lower_objective": 4.794303443367685,
        "initial_upper_objective": 5.12286975788884,
        "iteration": 4,
        "root_gap": 0.29570968306904,
        "root_lower": 4.314873099030916,
        "root_upper": 4.610582782099956
      },
      {
        "elapsed_seconds": 0.37775516510009766,
        "initial_gap": 0.23313338706912506,
        "initial_lower_objective": 4.8817057784665145,
        "initial_upper_objective": 5.114839165535639,
        "iteration": 5,
        "root_gap": 0.20982004836221257,
        "root_lower": 4.393535200619863,
        "root_upper": 4.6033552489820755
      },
      {
        "elapsed_seconds": 0.5889451503753662,
        "initial_gap": 0.2179434875337528,
        "initial_lower_objective": 4.888590987799522,
        "initial_upper_objective": 5.106534475333275,
        "iteration": 6,
        "root_gap": 0.19614913878037754,
        "root_lower": 4.39973188901957,
        "root_upper": 4.595881027799948
      },
      {
        "elapsed_seconds": 0.8425111770629883,
        "initial_gap": 0.19928444641675153,
        "initial_lower_objective": 4.902429343243295,
        "initial_upper_objective": 5.101713789660047,
        "iteration": 7,
        "root_gap": 0.17935600177507638,
        "root_lower": 4.4121864089189655,
        "root_upper": 4.591542410694042
      },
      {
        "elapsed_seconds": 1.1617741584777832,
        "initial_gap": 0.19584666023315161,
        "initial_lower_objective": 4.9046588967285825,
        "initial_upper_objective": 5.100505556961734,
        "iteration": 8,
        "root_gap": 0.17626199420983646,
        "root_lower": 4.414193007055724,
        "root_upper": 4.5904550012655605
      },
      {
        "elapsed_seconds": 1.673274040222168,
        "initial_gap": 0.19038753822214144,
        "initial_lower_objective": 4.908398797805569,
        "initial_upper_objective": 5.09878633602771,
        "iteration": 9,
        "root_gap": 0.1713487843999273,
        "root_lower": 4.417558918025012,
        "root_upper": 4.588907702424939
      },
      {
        "elapsed_seconds": 2.098583221435547,
        "initial_gap": 0.17687105634543146,
        "initial_lower_objective": 4.909458719713995,
        "initial_upper_objective": 5.086329776059427,
        "iteration": 10,
        "root_gap": 0.1591839507108883,
        "root_lower": 4.418512847742596,
        "root_upper": 4.577696798453484
      },
      {
        "elapsed_seconds": 2.105426073074341,
        "initial_gap": 0.17558304135274483,
        "initial_lower_objective": 4.909458719713995,
        "initial_upper_objective": 5.08504176106674,
        "iteration": 11,
        "root_gap": 0.15802473721747035,
        "root_lower": 4.418512847742596,
        "root_upper": 4.576537584960066
      },
      {
        "elapsed_seconds": 2.1134860515594482,
        "initial_gap": 0.17713029405273023,
        "initial_lower_objective": 4.909458719713995,
        "initial_upper_objective": 5.086589013766726,
        "iteration": 12,
        "root_gap": 0.1594172646474572,
        "root_lower": 4.418512847742596,
        "root_upper": 4.577930112390053
      },
      {
        "elapsed_seconds": 2.123779058456421,
        "initial_gap": 0.17713029405273023,
        "initial_lower_objective": 4.909458719713995,
        "initial_upper_objective": 5.086589013766726,
        "iteration": 13,
        "root_gap": 0.1594172646474572,
        "root_lower": 4.418512847742596,
        "root_upper": 4.577930112390053
      },
      {
        "elapsed_seconds": 2.1345980167388916,
        "initial_gap": 0.17713029405273023,
        "initial_lower_objective": 4.909458719713995,
        "initial_upper_objective": 5.086589013766726,
        "iteration": 14,