{
  "acceptance_threshold": 0.5,
  "accepted_mdp_seeds": [
    1537984211,
    1337446311,
    519714379,
    1343758231,
    431050766,
    2030239790,
    861037876,
    124974937,
    826965060,
    82613462,
    1690525620,
    1832511702,
    978475358,
    1823514311,
    934734539,
    1177509905,
    989491727,
    573959707,
    1746243620,
    1883563502,
    130457002,
    1267533685,
    753055371,
    1008468227,
    1513036094,
    1446584314,
    792062313,
    357994901,
    2139434973,
    78811714,
    1623325027,
    944034998,
    1755395082,
    1387219713,
    2051696463,
    1285470842,
    1898486705,
    629022951,
    1123885798,
    1140963427,
    579747086,
    124168868,
    150432703,
    613688735,
    1682953351,
    20617211,
    905932898,
    622777685,
    1073505471,
    1638621136,
    1118213962,
    1063508366,
    837526515,
    1674909610,
    1380027292,
    225410518,
    1775197865,
    273998075,
    890699015,
    2095406712
  ],
  "accepted_seed_count": 60,
  "fraction_at_target_precision": 0.17666666666666667,
  "fraction_within_acceptance_threshold": 1.0,
  "max_sarsop_gap": 0.17522469841032384,
  "mean_sarsop_gap": 0.02553104620616074,
  "median_sarsop_gap": 0.011595572409838217,
  "p90_sarsop_gap": 0.06207584992336163,
  "p95_sarsop_gap": 0.07557148011526676,
  "run_count": 600,
  "runs_at_target_precision": 106,
  "runs_within_acceptance_threshold": 600,
  "solver_stop_reason_counts": {
    "max_time": 295,
    "precision": 305
  },
  "target_precision": 0.01
}