{
  "acceptance_threshold": 0.5,
  "accepted_mdp_seeds": [
    1537984211,
    1337446311,
    519714379,
    1343758231,
    431050766,
    2030239790,
    861037876,
    124974937,
    826965060,
    82613462,
    1690525620,
    1832511702,
    978475358,
    1823514311,
    934734539,
    1177509905,
    989491727,
    573959707,
    1746243620,
    1883563502,
    130457002,
    1267533685,
    753055371,
    1008468227,
    1513036094,
    1446584314,
    792062313,
    357994901,
    2139434973,
    78811714
  ],
  "accepted_seed_count": 30,
  "fraction_at_target_precision": 0.12666666666666668,
  "fraction_within_acceptance_threshold": 1.0,
  "max_sarsop_gap": 0.08182053533738864,
  "mean_sarsop_gap": 0.019957200964329756,
  "median_sarsop_gap": 0.01107420902335643,
  "p90_sarsop_gap": 0.04398125367157932,
  "p95_sarsop_gap": 0.05423513308321271,
  "run_count": 300,
  "runs_at_target_precision": 38,
  "runs_within_acceptance_threshold": 300,
  "solver_stop_reason_counts": {
    "max_time": 132,
    "precision": 168
  },
  "target_precision": 0.01
}