{
  "horizon": 95,
  "lower_objective": 5.537521675969465,
  "lower_values": [
    5.306490217405879,
    5.697685531789574,
    5.697685531789574,
    5.697685531789574,
    5.697685531789574,
    5.127897711252613
  ],
  "method": "deterministic_joint_state_belief_propagation",
  "objective_estimate": 5.537756706722212,
  "status": "ok",
  "tail_interval_width": 0.0004700615054940016,
  "total_belief_nodes": 9762,
  "upper_objective": 5.537991737474959,
  "upper_values": [
    5.306960278911373,
    5.698155593295069,
    5.698155593295069,
    5.698155593295069,
    5.698155593295069,
    5.128367772758108
  ]
}