{
  "action_encoding": {
    "formula": "action = prescription_index * n_receiver_actions + receiver_action",
    "solver_jpo_action_offset": 1,
    "state_zero_bit": "most_significant"
  },
  "bounds": {
    "gap": 0.010463947751718106,
    "lower_objective": 1.3911558783331444,
    "lower_values": [
      1.4848498399105838,
      1.297463696135945,
      1.2974610270659397,
      1.4848498399098753,
      1.2974610270659397,
      1.4848498399105838
    ],
    "root_gap": 0.010463947751712234,
    "root_lower_objective": 1.3911558783331501,
    "root_upper_objective": 1.4016198260848622,
    "upper_objective": 1.4016198260848625,
    "upper_values": [
      1.4967471760747928,
      1.3093404367949524,
      1.3093404367949524,
      1.4895362276410191,
      1.3089928876291956,
      1.4957617915742627
    ]
  },
  "initialization": {
    "initial_beliefs": [
      [
        1.0,
        0.0,
        0.0,
        0.0,
        0.0,
        0.0
      ],
      [
        0.0,
        1.0,
        0.0,
        0.0,
        0.0,
        0.0
      ],
      [
        0.0,
        0.0,
        1.0,
        0.0,
        0.0,
        0.0
      ],
      [
        0.0,
        0.0,
        0.0,
        1.0,
        0.0,
        0.0
      ],
      [
        0.0,
        0.0,
        0.0,
        0.0,
        1.0,
        0.0
      ],
      [
        0.0,
        0.0,
        0.0,
        0.0,
        0.0,
        1.0
      ]
    ],
    "initial_weights": [
      0.16666666666666666,
      0.16666666666666666,
      0.16666666666666666,
      0.16666666666666666,
      0.16666666666666666,
      0.16666666666666666
    ],
    "kind": "single synthetic root revealing a uniformly sampled physical state",
    "root_value_scale": "V_root / gamma, gamma=0.9"
  },
  "model": {
    "beta": 0.05,
    "epsilon": 0.06000000000000001,
    "gamma": 0.9,
    "mdp_density": 0.5,
    "mdp_seed": 1008468227,
    "mdp_sha256": "55e2e8deed69202388342519dd29911a6ff812609e12dd28ebbfc1d37a0f00d6",
    "n_jpo_actions": 128,
    "n_prescriptions": 64,
    "n_receiver_actions": 2,
    "n_states": 6
  },
  "runtime": {
    "julia": "1.12.6",
    "native_sarsop": "0.1.4",
    "pomdp_tools": "1.1.0",
    "pomdps": "1.0.0"
  },
  "solver": {
    "delta": 0.0001,
    "export_beliefs": false,
    "initial_bound_max_time": 30.0,
    "initial_bound_residual": 1e-08,
    "initial_upper_bound": "fully_observable",
    "kappa": 0.5,
    "max_steps": 1000000,
    "max_time": 600.0,
    "precision": 0.01,
    "prune_threshold": 0.1,
    "search_epsilon": 0.01,
    "use_binning": true
  },
  "training": {
    "alpha_count": 4,
    "belief_count": 382873,
    "elapsed_seconds": 1.4228739738464355,
    "history": [
      {
        "elapsed_seconds": 1.0013580322265625e-05,
        "initial_gap": 111.40968629885703,
        "initial_lower_objective": -110.00000000000004,
        "initial_upper_objective": 1.4096862988569796,
        "iteration": 0,
        "root_gap": 100.26871766897132,
        "root_lower": -99.00000000000004,
        "root_upper": 1.2687176689712816
      },
      {
        "elapsed_seconds": 0.0004050731658935547,
        "initial_gap": 0.4232143597412975,
        "initial_lower_objective": 0.986471939115682,
        "initial_upper_objective": 1.4096862988569796,
        "iteration": 1,
        "root_gap": 0.38089292376716777,
        "root_lower": 0.8878247452041138,
        "root_upper": 1.2687176689712816
      },
      {
        "elapsed_seconds": 0.0191800594329834,
        "initial_gap": 0.05298931081517071,
        "initial_lower_objective": 1.3566969880418087,
        "initial_upper_objective": 1.4096862988569796,
        "iteration": 2,
        "root_gap": 0.04769037973365364,
        "root_lower": 1.221027289237628,
        "root_upper": 1.2687176689712816
      },
      {
        "elapsed_seconds": 0.021854877471923828,
        "initial_gap": 0.047650296034159226,
        "initial_lower_objective": 1.3612671868140762,
        "initial_upper_objective": 1.4089174828482354,
        "iteration": 3,
        "root_gap": 0.04288526643074331,
        "root_lower": 1.2251404681326685,
        "root_upper": 1.2680257345634118
      },
      {
        "elapsed_seconds": 0.05740690231323242,
        "initial_gap": 0.020772387735927083,
        "initial_lower_objective": 1.3866822483131998,
        "initial_upper_objective": 1.4074546360491267,
        "iteration": 4,
        "root_gap": 0.018695148962334374,
        "root_lower": 1.2480140234818797,
        "root_upper": 1.266709172444214
      },
      {
        "elapsed_seconds": 0.05937695503234863,
        "initial_gap": 0.017670300316431475,
        "initial_lower_objective": 1.3871456211045323,
        "initial_upper_objective": 1.4048159214209637,
        "iteration": 5,
        "root_gap": 0.01590327028478833,
        "root_lower": 1.248431058994079,
        "root_upper": 1.2643343292788674
      },
      {
        "elapsed_seconds": 0.12224793434143066,
        "initial_gap": 0.014959767003423805,
        "initial_lower_objective": 1.3898561544175398,
        "initial_upper_objective": 1.4048159214209637,
        "iteration": 6,
        "root_gap": 0.013463790303081424,
        "root_lower": 1.250870538975786,
        "root_upper": 1.2643343292788674
      },
      {
        "elapsed_seconds": 0.12490987777709961,
        "initial_gap": 0.014766400072206604,
        "initial_lower_objective": 1.3899915964877978,
        "initial_upper_objective": 1.4047579965600043,
        "iteration": 7,
        "root_gap": 0.013289760064985945,
        "root_lower": 1.250992436839018,
        "root_upper": 1.264282196904004
      },
      {
        "elapsed_seconds": 0.12757205963134766,
        "initial_gap": 0.014729210990059242,
        "initial_lower_objective": 1.3900287855699451,
        "initial_upper_objective": 1.4047579965600043,
        "iteration": 8,
        "root_gap": 0.013256289891053319,
        "root_lower": 1.2510259070129506,
        "root_upper": 1.264282196904004
      },
      {
        "elapsed_seconds": 0.142927885055542,
        "initial_gap": 0.0141362001806411,
        "initial_lower_objective": 1.3906217963793632,
        "initial_upper_objective": 1.4047579965600043,
        "iteration": 9,
        "root_gap": 0.01272258016257699,
        "root_lower": 1.251559616741427,
        "root_upper": 1.264282196904004
      },
      {
        "elapsed_seconds": 0.1457970142364502,
        "initial_gap": 0.014081307018690332,
        "initial_lower_objective": 1.390676689541314,
        "initial_upper_objective": 1.4047579965600043,
        "iteration": 10,
        "root_gap": 0.0126731763168213,
        "root_lower": 1.2516090205871826,
        "root_upper": 1.264282196904004
      },
      {
        "elapsed_seconds": 0.15895891189575195,
        "initial_gap": 0.013966391766224717,
        "initial_lower_objective": 1.3907916047937796,
        "initial_upper_objective": 1.4047579965600043,
        "iteration": 11,
        "root_gap": 0.012569752589602246,
        "root_lower": 1.2517124443144017,
        "root_upper": 1.264282196904004
      },
      {
        "elapsed_seconds": 0.16208291053771973,
        "initial_gap": 0.013723215644194407,
        "initial_lower_objective": 1.3907996791682495,
        "initial_upper_objective": 1.404522894812444,
        "iteration": 12,
        "root_gap": 0.012350894079774966,
        "root_lower": 1.2517197112514247,
        "root_upper": 1.2640706053311996
      },
      {
        "elapsed_seconds": 0.16523504257202148,
        "initial_gap": 0.01371625406867342,
        "initial_lower_objective": 1.3908066407437707,
        "initial_upper_objective": 1.404522894812444,
        "iteration": 13,
        "root_gap": 0.012344628661806079,
        "root_lower": 1.2517259766693936,
        "root_upper": 1.2640706053311996
      },
      {
        "elapsed_seconds": 0.16685104370117188,
        "initial_gap": 0.01371625406867342,