{
  "horizon": 95,
  "lower_objective": 5.5303009631539775,
  "lower_values": [
    5.299767510985341,
    5.690215815776612,
    5.690215815776612,
    5.690215815776612,
    5.690215815776612,
    5.121175004832076
  ],
  "method": "deterministic_joint_state_belief_propagation",
  "objective_estimate": 5.5305359939067245,
  "status": "same_as_normal_no_violations",
  "tail_interval_width": 0.00047006150549311343,
  "total_belief_nodes": 9308,
  "unrestricted_upper_minus_restricted_lower": 0.011085773116080055,
  "upper_objective": 5.530771024659471,
  "upper_values": [
    5.300237572490834,
    5.690685877282106,
    5.690685877282106,
    5.690685877282106,
    5.690685877282106,
    5.121645066337568
  ]
}