{
  "horizon": 95,
  "lower_objective": 5.463941990591154,
  "lower_values": [
    5.190794187582831,
    5.190794187582831,
    5.600515892095316,
    5.600515892095316,
    5.600515892095316,
    5.600515892095316
  ],
  "method": "deterministic_joint_state_belief_propagation",
  "objective_estimate": 5.4641770213438985,
  "status": "ok",
  "tail_interval_width": 0.0004700615054904489,
  "total_belief_nodes": 20134,
  "upper_objective": 5.464412052096645,
  "upper_values": [
    5.191264249088322,
    5.191264249088322,
    5.600985953600806,
    5.600985953600806,
    5.600985953600806,
    5.600985953600806
  ]
}