{
  "action_encoding": {
    "formula": "action = prescription_index * n_receiver_actions + receiver_action",
    "solver_jpo_action_offset": 1,
    "state_zero_bit": "most_significant"
  },
  "bounds": {
    "gap": 0.011028999252133742,
    "lower_objective": 1.3920151724348855,
    "lower_values": [
      1.4855046226634994,
      1.2985259057156888,
      1.2985256299334778,
      1.48550462369967,
      1.2985256299334778,
      1.4855046226634994
    ],
    "root_gap": 0.011028999252133964,
    "root_lower_objective": 1.3920151724348855,
    "root_upper_objective": 1.4030441716870194,
    "upper_objective": 1.4030441716870192,
    "upper_values": [
      1.496740106084298,
      1.309007982319824,
      1.309007982319824,
      1.4975719419267333,
      1.3101537351624102,
      1.4957832823090258
    ]
  },
  "initialization": {
    "initial_beliefs": [
      [
        1.0,
        0.0,
        0.0,
        0.0,
        0.0,
        0.0
      ],
      [
        0.0,
        1.0,
        0.0,
        0.0,
        0.0,
        0.0
      ],
      [
        0.0,
        0.0,
        1.0,
        0.0,
        0.0,
        0.0
      ],
      [
        0.0,
        0.0,
        0.0,
        1.0,
        0.0,
        0.0
      ],
      [
        0.0,
        0.0,
        0.0,
        0.0,
        1.0,
        0.0
      ],
      [
        0.0,
        0.0,
        0.0,
        0.0,
        0.0,
        1.0
      ]
    ],
    "initial_weights": [
      0.16666666666666666,
      0.16666666666666666,
      0.16666666666666666,
      0.16666666666666666,
      0.16666666666666666,
      0.16666666666666666
    ],
    "kind": "single synthetic root revealing a uniformly sampled physical state",
    "root_value_scale": "V_root / gamma, gamma=0.9"
  },
  "model": {
    "beta": 0.05,
    "epsilon": 0.030000000000000006,
    "gamma": 0.9,
    "mdp_density": 0.5,
    "mdp_seed": 1008468227,
    "mdp_sha256": "55e2e8deed69202388342519dd29911a6ff812609e12dd28ebbfc1d37a0f00d6",
    "n_jpo_actions": 128,
    "n_prescriptions": 64,
    "n_receiver_actions": 2,
    "n_states": 6
  },
  "runtime": {
    "julia": "1.12.6",
    "native_sarsop": "0.1.4",
    "pomdp_tools": "1.1.0",
    "pomdps": "1.0.0"
  },
  "solver": {
    "delta": 0.0001,
    "export_beliefs": false,
    "initial_bound_max_time": 30.0,
    "initial_bound_residual": 1e-08,
    "initial_upper_bound": "fully_observable",
    "kappa": 0.5,
    "max_steps": 1000000,
    "max_time": 600.0,
    "precision": 0.01,
    "prune_threshold": 0.1,
    "search_epsilon": 0.01,
    "use_binning": true
  },
  "training": {
    "alpha_count": 5,
    "belief_count": 314245,
    "elapsed_seconds": 0.9914228916168213,
    "history": [
      {
        "elapsed_seconds": 1.4066696166992188e-05,
        "initial_gap": 111.40968629885703,
        "initial_lower_objective": -110.00000000000004,
        "initial_upper_objective": 1.4096862988569796,
        "iteration": 0,
        "root_gap": 100.26871766897132,
        "root_lower": -99.00000000000004,
        "root_upper": 1.2687176689712816
      },
      {
        "elapsed_seconds": 0.00047898292541503906,
        "initial_gap": 0.4232143597412975,
        "initial_lower_objective": 0.986471939115682,
        "initial_upper_objective": 1.4096862988569796,
        "iteration": 1,
        "root_gap": 0.38089292376716777,
        "root_lower": 0.8878247452041138,
        "root_upper": 1.2687176689712816
      },
      {
        "elapsed_seconds": 0.022845029830932617,
        "initial_gap": 0.04152126564155509,
        "initial_lower_objective": 1.3681650332154245,
        "initial_upper_objective": 1.4096862988569796,
        "iteration": 2,
        "root_gap": 0.03736913907739958,
        "root_lower": 1.231348529893882,
        "root_upper": 1.2687176689712816
      },
      {
        "elapsed_seconds": 0.025110960006713867,
        "initial_gap": 0.038273684205433325,
        "initial_lower_objective": 1.37064379727367,
        "initial_upper_objective": 1.4089174814791035,
        "iteration": 3,
        "root_gap": 0.03444631578488999,
        "root_lower": 1.233579417546303,
        "root_upper": 1.268025733331193
      },
      {
        "elapsed_seconds": 0.06277990341186523,
        "initial_gap": 0.022379764070368482,
        "initial_lower_objective": 1.385074870609626,
        "initial_upper_objective": 1.4074546346799945,
        "iteration": 4,
        "root_gap": 0.020141787663331634,
        "root_lower": 1.2465673835486635,
        "root_upper": 1.266709171211995
      },
      {
        "elapsed_seconds": 0.0646369457244873,
        "initial_gap": 0.019146259663689817,
        "initial_lower_objective": 1.3867923247348306,
        "initial_upper_objective": 1.4059385843985204,
        "iteration": 5,
        "root_gap": 0.017231633697320836,
        "root_lower": 1.2481130922613475,
        "root_upper": 1.2653447259586683
      },
      {
        "elapsed_seconds": 0.06649398803710938,
        "initial_gap": 0.018493432324190935,
        "initial_lower_objective": 1.3874451520743294,
        "initial_upper_objective": 1.4059385843985204,
        "iteration": 6,
        "root_gap": 0.01664408909177184,
        "root_lower": 1.2487006368668965,
        "root_upper": 1.2653447259586683
      },
      {
        "elapsed_seconds": 0.06879401206970215,
        "initial_gap": 0.018004705269139738,
        "initial_lower_objective": 1.3879338791293805,
        "initial_upper_objective": 1.4059385843985204,
        "iteration": 7,
        "root_gap": 0.016204234742225765,
        "root_lower": 1.2491404912164426,
        "root_upper": 1.2653447259586683
      },
      {
        "elapsed_seconds": 0.11840200424194336,
        "initial_gap": 0.014864581062153565,
        "initial_lower_objective": 1.3910740033363667,
        "initial_upper_objective": 1.4059385843985204,
        "iteration": 8,
        "root_gap": 0.01337812295593821,
        "root_lower": 1.25196660300273,
        "root_upper": 1.2653447259586683
      },
      {
        "elapsed_seconds": 0.12231588363647461,
        "initial_gap": 0.013872418079442382,
        "initial_lower_objective": 1.3911719354163259,
        "initial_upper_objective": 1.4050443534957682,
        "iteration": 9,
        "root_gap": 0.012485176271498144,
        "root_lower": 1.2520547418746932,
        "root_upper": 1.2645399181461914
      },
      {
        "elapsed_seconds": 0.15814995765686035,
        "initial_gap": 0.013594953213392645,
        "initial_lower_objective": 1.3914494002823756,
        "initial_upper_objective": 1.4050443534957682,
        "iteration": 10,
        "root_gap": 0.01223545789205338,
        "root_lower": 1.252304460254138,
        "root_upper": 1.2645399181461914
      },
      {
        "elapsed_seconds": 0.1706528663635254,
        "initial_gap": 0.01307828289916577,
        "initial_lower_objective": 1.3917309702181744,
        "initial_upper_objective": 1.4048092531173402,
        "iteration": 11,
        "root_gap": 0.011770454609249192,
        "root_lower": 1.252557873196357,
        "root_upper": 1.2643283278056061
      },
      {
        "elapsed_seconds": 0.2266218662261963,
        "initial_gap": 0.012985612070234914,
        "initial_lower_objective": 1.3918236410471052,
        "initial_upper_objective": 1.4048092531173402,
        "iteration": 12,
        "root_gap": 0.011687050863211423,
        "root_lower": 1.2526412769423947,
        "root_upper": 1.2643283278056061
      },
      {
        "elapsed_seconds": 0.23624801635742188,
        "initial_gap": 0.012611671096195555,
        "initial_lower_objective": 1.3918238409665116,
        "initial_upper_objective": 1.4044355120627072,
        "iteration": 13,
        "root_gap": 0.011350503986576,
        "root_lower": 1.2526414568698605,
        "root_upper": 1.2639919608564365
      },
      {
        "elapsed_seconds": 0.23862504959106445,
        "initial_gap": 0.012078459412350688,