{
  "horizon": 95,
  "lower_objective": 3.26667604986143,
  "lower_values": [
    3.0452443814937804,
    3.0452443814937804,
    3.436524556857132,
    3.436524556857132,
    3.1999938656096254,
    3.436524556857132
  ],
  "method": "deterministic_joint_state_belief_propagation",
  "objective_estimate": 3.266911080614177,
  "status": "same_as_normal_no_violations",
  "tail_interval_width": 0.0004700615054940016,
  "total_belief_nodes": 33836,
  "unrestricted_upper_minus_restricted_lower": 0.008444777234999368,
  "upper_objective": 3.267146111366924,
  "upper_values": [
    3.045714442999273,
    3.045714442999273,
    3.4369946183626263,
    3.4369946183626263,
    3.2004639271151185,
    3.4369946183626263
  ]
}