{
  "horizon": 96,
  "lower_objective": 4.594136006256645,
  "lower_values": [
    4.76815268152748,
    4.401035282388565,
    4.76815268152748,
    4.76815268152748,
    4.76815268152748,
    4.091170029041381
  ],
  "method": "deterministic_joint_state_belief_propagation",
  "objective_estimate": 4.5943657516288265,
  "status": "ok",
  "tail_interval_width": 0.0004594907443644658,
  "total_belief_nodes": 41936,
  "upper_objective": 4.594595497001009,
  "upper_values": [
    4.768612172271847,
    4.40149477313293,
    4.768612172271847,
    4.768612172271847,
    4.768612172271847,
    4.091629519785744
  ]
}