{
  "horizon": 95,
  "lower_objective": 2.291697665405168,
  "lower_values": [
    2.6360834766674057,
    2.233665848751374,
    2.179439120758107,
    2.233665848751374,
    2.233665848751374,
    2.233665848751374
  ],
  "method": "deterministic_joint_state_belief_propagation",
  "objective_estimate": 2.2919326961579136,
  "status": "ok",
  "tail_interval_width": 0.00047006150549222525,
  "total_belief_nodes": 27266,
  "upper_objective": 2.29216772691066,
  "upper_values": [
    2.6365535381728997,
    2.2341359102568656,
    2.1799091822635988,
    2.2341359102568656,
    2.2341359102568656,
    2.2341359102568656
  ]
}