{
  "horizon": 95,
  "lower_objective": 3.4443508165816423,
  "lower_values": [
    3.649183834218354,
    3.649183834218354,
    3.1930160292842436,
    3.332521338266303,
    3.649183834218354,
    3.1930160292842436
  ],
  "method": "deterministic_joint_state_belief_propagation",
  "objective_estimate": 3.4445858473343884,
  "status": "same_as_normal_no_violations",
  "tail_interval_width": 0.00047006150549311343,
  "total_belief_nodes": 47931,
  "unrestricted_upper_minus_restricted_lower": 0.08744285190947654,
  "upper_objective": 3.4448208780871354,
  "upper_values": [
    3.649653895723848,
    3.649653895723848,
    3.1934860907897367,
    3.3329913997717964,
    3.649653895723848,
    3.1934860907897367
  ]
}