{
  "alpha_vector_count": 8,
  "analysis_discounted_tail_bound": 9.67774912024056e-09,
  "analysis_horizon": 197,
  "analysis_total_belief_nodes": 23438,
  "beta": 0.05,
  "candidate_index": 12,
  "discounted_transmission_occupancy": 2.6835506671745932,
  "epsilon": 0.1,
  "epsilon_index": 9,
  "gamma": 0.9,
  "index": 129,
  "margin": -0.7600000000000003,
  "margin_region": "m<0",
  "mdp_seed": 978475358,
  "normal_minus_restricted_lower": 0.050330503202648647,
  "normal_minus_restricted_upper": 0.05127062621363532,
  "normal_minus_restricted_value": 0.050800564708141316,
  "normal_policy_horizon": 95,
  "normal_policy_interval_width": 0.0004700615054940016,
  "normal_policy_lower_bound": 3.101390810552707,
  "normal_policy_total_belief_nodes": 57821,
  "normal_policy_upper_bound": 3.101860872058201,
  "normal_policy_value": 3.1016258413054536,
  "point_id": "seed_978475358_e09",
  "restricted_policy_horizon": 95,
  "restricted_policy_interval_width": 0.00047006150549266934,
  "restricted_policy_lower_bound": 3.0505902458445657,
  "restricted_policy_status": "ok",
  "restricted_policy_total_belief_nodes": 57723,
  "restricted_policy_upper_bound": 3.0510603073500584,
  "restricted_policy_value": 3.0508252765973123,
  "reused_solver_checkpoint": false,
  "root_gap": 0.08189250279833378,
  "sampled_belief_count": 6649693,
  "sarsop_gap": 0.08182053533738864,
  "sarsop_gap_within_acceptance_threshold": true,
  "sarsop_lower_bound": 3.1015553622482286,
  "sarsop_upper_bound": 3.1833758975856172,
  "solver_elapsed_seconds": 605.2837500572205,
  "solver_iterations": 341,
  "solver_stop_reason": "max_time",
  "status": "ok",
  "violation_count": 172,
  "violation_discounted_event_occupancy": 0.807727558791998,
  "violation_first_depth_max": 45,
  "violation_first_depth_min": 0
}