{
  "horizon": 95,
  "lower_objective": 4.690233921048695,
  "lower_values": [
    4.317128024671722,
    5.06333981742567,
    4.317128024671722,
    4.317128024671722,
    5.06333981742567,
    5.06333981742567
  ],
  "method": "deterministic_joint_state_belief_propagation",
  "objective_estimate": 4.690468951801443,
  "status": "ok",
  "tail_interval_width": 0.0004700615054940016,
  "total_belief_nodes": 10200,
  "upper_objective": 4.690703982554189,
  "upper_values": [
    4.317598086177215,
    5.063809878931163,
    4.317598086177215,
    4.317598086177215,
    5.063809878931163,
    5.063809878931163
  ]
}