{
  "horizon": 95,
  "lower_objective": 2.487008525231304,
  "lower_values": [
    2.3180031994793024,
    2.8063298403815056,
    2.120115026739293,
    2.8063298403815056,
    2.5075597549813704,
    2.3637134894248484
  ],
  "method": "deterministic_joint_state_belief_propagation",
  "objective_estimate": 2.487243555984051,
  "status": "ok",
  "tail_interval_width": 0.0004700615054940016,
  "total_belief_nodes": 27076,
  "upper_objective": 2.487478586736798,
  "upper_values": [
    2.318473260984796,
    2.8067999018870013,
    2.1205850882447876,
    2.8067999018870013,
    2.5080298164868626,
    2.364183550930341
  ]
}