{
  "action_encoding": {
    "formula": "action = prescription_index * n_receiver_actions + receiver_action",
    "solver_jpo_action_offset": 1,
    "state_zero_bit": "most_significant"
  },
  "bounds": {
    "gap": 10.925604594190766,
    "lower_objective": 40.58174523147878,
    "lower_values": [
      40.67031985233455,
      40.36055711919894,
      40.87773697357043,
      40.67031985233455,
      40.87773697357043,
      40.03380061786379
    ],
    "root_gap": 10.948505617972476,
    "root_lower_objective": 40.58174523147878,
    "root_upper_objective": 51.53025084945126,
    "upper_objective": 51.50734982566954,
    "upper_values": [
      51.66741268485747,
      51.383308942725,
      51.85979731282147,
      51.54959384267295,
      51.549599862468554,
      51.03438630847182
    ]
  },
  "initialization": {
    "initial_beliefs": [
      [
        1.0,
        0.0,
        0.0,
        0.0,
        0.0,
        0.0
      ],
      [
        0.0,
        1.0,
        0.0,
        0.0,
        0.0,
        0.0
      ],
      [
        0.0,
        0.0,
        1.0,
        0.0,
        0.0,
        0.0
      ],
      [
        0.0,
        0.0,
        0.0,
        1.0,
        0.0,
        0.0
      ],
      [
        0.0,
        0.0,
        0.0,
        0.0,
        1.0,
        0.0
      ],
      [
        0.0,
        0.0,
        0.0,
        0.0,
        0.0,
        1.0
      ]
    ],
    "initial_weights": [
      0.16666666666666666,
      0.16666666666666666,
      0.16666666666666666,
      0.16666666666666666,
      0.16666666666666666,
      0.16666666666666666
    ],
    "kind": "single synthetic root revealing a uniformly sampled physical state",
    "root_value_scale": "V_root / gamma, gamma=0.99"
  },
  "model": {
    "beta": 0.15,
    "epsilon": 0.05000000000000001,
    "gamma": 0.99,
    "mdp_density": 0.5,
    "mdp_seed": 1111,
    "mdp_sha256": "580f9fa806b22e34e0f0d1010a1012409199158e69e3f71c129e1c5119fb8d6a",
    "n_jpo_actions": 128,
    "n_prescriptions": 64,
    "n_receiver_actions": 2,
    "n_states": 6
  },
  "runtime": {
    "julia": "1.12.6",
    "native_sarsop": "0.1.4",
    "pomdp_tools": "1.1.0",
    "pomdps": "1.0.0"
  },
  "solver": {
    "delta": 0.0001,
    "export_beliefs": false,
    "initial_bound_max_time": 30.0,
    "initial_bound_residual": 1e-08,
    "initial_upper_bound": "fully_observable",
    "kappa": 0.5,
    "max_steps": 1000000,
    "max_time": 500.0,
    "precision": 0.01,
    "prune_threshold": 0.1,
    "search_epsilon": 0.01,
    "use_binning": true
  },
  "training": {
    "alpha_count": 4,
    "belief_count": 2894116,
    "elapsed_seconds": 982.4678571224213,
    "history": [
      {
        "elapsed_seconds": 1.0013580322265625e-05,
        "initial_gap": 10151.685969110493,
        "initial_lower_objective": -10099.999999999984,
        "initial_upper_objective": 51.68596911050958,
        "iteration": 0,
        "root_gap": 10050.169109419388,
        "root_lower": -9998.999999999984,
        "root_upper": 51.169109419404485
      },
      {
        "elapsed_seconds": 0.0002951622009277344,
        "initial_gap": 26.711134436216597,
        "initial_lower_objective": 24.974834674292985,
        "initial_upper_objective": 51.68596911050958,
        "iteration": 1,
        "root_gap": 26.44402309185443,
        "root_lower": 24.725086327550056,
        "root_upper": 51.169109419404485
      },
      {
        "elapsed_seconds": 1.4656651020050049,
        "initial_gap": 18.043049828237248,
        "initial_lower_objective": 33.64291928227233,
        "initial_upper_objective": 51.68596911050958,
        "iteration": 2,
        "root_gap": 17.862619329954875,
        "root_lower": 33.30649008944961,
        "root_upper": 51.169109419404485
      },
      {
        "elapsed_seconds": 6.2273170948028564,
        "initial_gap": 17.24165748936854,
        "initial_lower_objective": 34.42027018970478,
        "initial_upper_objective": 51.66192767907332,
        "iteration": 3,
        "root_gap": 17.069240914474854,
        "root_lower": 34.076067487807734,
        "root_upper": 51.14530840228259
      },
      {
        "elapsed_seconds": 14.862029075622559,
        "initial_gap": 14.906020751700828,
        "initial_lower_objective": 36.722857188176576,
        "initial_upper_objective": 51.628877939877405,
        "iteration": 4,
        "root_gap": 14.75696054418382,
        "root_lower": 36.35562861629481,
        "root_upper": 51.11258916047863
      },
      {
        "elapsed_seconds": 24.428455114364624,
        "initial_gap": 11.975962901280353,
        "initial_lower_objective": 39.58283267640055,
        "initial_upper_objective": 51.558795577680904,
        "iteration": 5,
        "root_gap": 11.85620327226755,
        "root_lower": 39.187004349636545,
        "root_upper": 51.043207621904095
      },
      {
        "elapsed_seconds": 36.45221304893494,
        "initial_gap": 11.739958049358458,
        "initial_lower_objective": 39.79184075965888,
        "initial_upper_objective": 51.53179880901734,
        "iteration": 6,
        "root_gap": 11.622558468864874,
        "root_lower": 39.39392235206229,
        "root_upper": 51.016480820927164
      },
      {
        "elapsed_seconds": 51.473817110061646,
        "initial_gap": 11.033362309743046,
        "initial_lower_objective": 40.49713672603118,
        "initial_upper_objective": 51.53049903577423,
        "iteration": 7,
        "root_gap": 10.923028686645615,
        "root_lower": 40.09216535877087,
        "root_upper": 51.015194045416486
      },
      {
        "elapsed_seconds": 982.3627109527588,
        "initial_gap": 10.948505617972476,
        "initial_lower_objective": 40.58174523147878,
        "initial_upper_objective": 51.53025084945126,
        "iteration": 8,
        "root_gap": 10.83902056179275,
        "root_lower": 40.17592777916399,
        "root_upper": 51.01494834095674
      }
    ],
    "initial_lower_residual": 9.844669079939194e-09,
    "initial_lower_subsolution_shift": 0.0,
    "initial_upper_bound": "fully_observable",
    "initial_upper_iterations": 1628,
    "initial_upper_residual": 9.941246048583707e-09,
    "initialization_seconds": 0.23059582710266113,
    "iterations": 8,
    "stop_reason": "max_time"
  }
}