{
  "analysis": {
    "discounted_tail_tolerance": 1e-08,
    "max_belief_nodes": 2000000
  },
  "beta": 0.05,
  "beta_index": 1,
  "betas": [
    0.0,
    0.05,
    0.1,
    0.15
  ],
  "default_workers": 4,
  "density": 0.5,
  "epsilon": 0.05000000000000001,
  "epsilon_index": 4,
  "epsilons": [
    0.01,
    0.020000000000000004,
    0.030000000000000006,
    0.04000000000000001,
    0.05000000000000001,
    0.06000000000000001,
    0.07,
    0.08,
    0.09000000000000001,
    0.1
  ],
  "expected_points": 80,
  "gamma": 0.99,
  "gamma_index": 1,
  "gammas": [
    0.9,
    0.99
  ],
  "index": 54,
  "margin": -4.652499999999996,
  "margin_region": "m<0",
  "mdp_seed": 1111,
  "mdp_seed_sampling_seed": 20260717,
  "n_actions": 2,
  "n_states": 6,
  "name": "jpo_low_beta_lb_s6_seed1111_g2_b4_e10_t500",
  "point_id": "g1_b01_e04",
  "policy_evaluation": {
    "max_belief_nodes": 10000000,
    "tail_interval_tolerance": 0.001
  },
  "reward_decay": 10.0,
  "solver": {
    "delta": 0.0001,
    "export_beliefs": false,
    "initial_bound_max_time": 30.0,
    "initial_bound_residual": 1e-08,
    "initial_upper_bound": "fully_observable",
    "kappa": 0.5,
    "max_steps": 1000000,
    "max_time": 500.0,
    "precision": 0.01,
    "prune_threshold": 0.1,
    "search_epsilon": 0.01
  }
}