{
  "horizon": 1220,
  "lower_objective": 49.204803571821195,
  "lower_values": [
    49.38132860086078,
    49.015675391842954,
    49.38132860086078,
    49.38132860086078,
    49.38132860086078,
    48.68783163564112
  ],
  "method": "deterministic_joint_state_belief_propagation",
  "objective_estimate": 49.205051822164435,
  "status": "ok",
  "tail_interval_width": 0.0004965006864878774,
  "total_belief_nodes": 597176,
  "upper_objective": 49.20530007250768,
  "upper_values": [
    49.381825101547285,
    49.0161718925294,
    49.381825101547285,
    49.381825101547285,
    49.381825101547285,
    48.6883281363276
  ]
}