{
  "horizon": 95,
  "lower_objective": 3.120412432865122,
  "lower_values": [
    3.465239982655459,
    2.928669491507766,
    2.784486790491467,
    3.150168858372816,
    3.465239982655459,
    2.928669491507766
  ],
  "method": "deterministic_joint_state_belief_propagation",
  "objective_estimate": 3.120647463617903,
  "status": "ok",
  "tail_interval_width": 0.00047006150556239135,
  "total_belief_nodes": 48685,
  "upper_objective": 3.1208824943706843,
  "upper_values": [
    3.4657100441609514,
    2.929139553013259,
    2.7849568519973795,
    3.150638919878307,
    3.4657100441609514,
    2.929139553013259
  ]
}