{
  "horizon": 95,
  "lower_objective": 3.102408986104841,
  "lower_values": [
    3.453511795510493,
    2.905933593147544,
    2.7577418497767665,
    3.137821289536206,
    3.453511795510493,
    2.905933593147544
  ],
  "method": "deterministic_joint_state_belief_propagation",
  "objective_estimate": 3.102644016857609,
  "status": "ok",
  "tail_interval_width": 0.00047006150553663417,
  "total_belief_nodes": 49106,
  "unrestricted_upper_minus_restricted_lower": 0.04897329002878603,
  "upper_objective": 3.1028790476103776,
  "upper_values": [
    3.453981857015986,
    2.9064036546530376,
    2.7582119112825185,
    3.1382913510416994,
    3.453981857015986,
    2.9064036546530376
  ]
}