{
  "alpha_vector_count": 6,
  "analysis_discounted_tail_bound": 9.67774912024056e-09,
  "analysis_horizon": 197,
  "analysis_total_belief_nodes": 21949,
  "beta": 0.05,
  "candidate_index": 24,
  "discounted_transmission_occupancy": 1.738463743854485,
  "epsilon": 0.08,
  "epsilon_index": 7,
  "gamma": 0.9,
  "index": 247,
  "margin": -0.6124000000000002,
  "margin_region": "m<0",
  "mdp_seed": 1513036094,
  "normal_minus_restricted_lower": 0.01753338525474435,
  "normal_minus_restricted_upper": 0.018473508265843375,
  "normal_minus_restricted_value": 0.018003446760294306,
  "normal_policy_horizon": 95,
  "normal_policy_interval_width": 0.00047006150556239135,
  "normal_policy_lower_bound": 3.120412432865122,
  "normal_policy_total_belief_nodes": 48685,
  "normal_policy_upper_bound": 3.1208824943706843,
  "normal_policy_value": 3.120647463617903,
  "point_id": "seed_1513036094_e07",
  "restricted_policy_horizon": 95,
  "restricted_policy_interval_width": 0.00047006150553663417,
  "restricted_policy_lower_bound": 3.102408986104841,
  "restricted_policy_status": "ok",
  "restricted_policy_total_belief_nodes": 49106,
  "restricted_policy_upper_bound": 3.1028790476103776,
  "restricted_policy_value": 3.102644016857609,
  "reused_solver_checkpoint": false,
  "root_gap": 0.030805069146511894,
  "sampled_belief_count": 5483017,
  "sarsop_gap": 0.030805069146512487,
  "sarsop_gap_within_acceptance_threshold": true,
  "sarsop_lower_bound": 3.1205772069871145,
  "sarsop_upper_bound": 3.151382276133627,
  "solver_elapsed_seconds": 600.5069711208344,
  "solver_iterations": 289,
  "solver_stop_reason": "max_time",
  "status": "ok",
  "violation_count": 254,
  "violation_discounted_event_occupancy": 0.3055266048781677,
  "violation_first_depth_max": 70,
  "violation_first_depth_min": 0
}