{
  "horizon": 1220,
  "lower_objective": 48.36069869528157,
  "lower_values": [
    48.522543722165686,
    48.192660190623556,
    48.53208228084425,
    48.522543722165686,
    48.53208228084425,
    47.862279975046015
  ],
  "method": "deterministic_joint_state_belief_propagation",
  "objective_estimate": 48.36094694562458,
  "status": "ok",
  "tail_interval_width": 0.0004965006860260246,
  "total_belief_nodes": 713094,
  "unrestricted_upper_minus_restricted_lower": 3.214662368103376,
  "upper_objective": 48.361195195967596,
  "upper_values": [
    48.5230402228517,
    48.19315669130956,
    48.5325787815303,
    48.5230402228517,
    48.5325787815303,
    47.86277647573206
  ]
}