{
  "alpha_vector_count": 4,
  "analysis_discounted_tail_bound": 9.90526314525898e-09,
  "analysis_horizon": 2292,
  "analysis_total_belief_nodes": 307012,
  "beta": 0.05,
  "beta_index": 1,
  "discounted_transmission_occupancy": 37.532415603693245,
  "epsilon": 0.04000000000000001,
  "epsilon_index": 3,
  "gamma": 0.99,
  "gamma_index": 1,
  "index": 53,
  "margin": -3.7515999999999976,
  "margin_region": "m<0",
  "mdp_seed": 1111,
  "normal_minus_restricted_lower": 0.7847585315894818,
  "normal_minus_restricted_upper": 0.7857515329604894,
  "normal_minus_restricted_value": 0.7852550322749892,
  "normal_policy_horizon": 1220,
  "normal_policy_interval_width": 0.0004965006849815268,
  "normal_policy_lower_bound": 49.14595372755708,
  "normal_policy_total_belief_nodes": 972489,
  "normal_policy_upper_bound": 49.14645022824206,
  "normal_policy_value": 49.14620197789957,
  "point_id": "g1_b01_e03",
  "restricted_lower_bound_status": "ok",
  "restricted_policy_horizon": 1220,
  "restricted_policy_interval_width": 0.0004965006860260246,
  "restricted_policy_lower_bound": 48.36069869528157,
  "restricted_policy_total_belief_nodes": 713094,
  "restricted_policy_upper_bound": 48.361195195967596,
  "reused_solver_checkpoint": false,
  "root_gap": 9.52512059229929,
  "sampled_belief_count": 6212641,
  "sarsop_gap": 9.524571534418058,
  "sarsop_lower_bound": 42.05078952896689,
  "sarsop_upper_bound": 51.575361063384946,
  "solver_elapsed_seconds": 565.5960729122162,
  "solver_iterations": 16,
  "solver_stop_reason": "max_time",
  "status": "ok",
  "unrestricted_upper_minus_restricted_lower": 3.214662368103376,
  "violation_count": 16,
  "violation_discounted_event_occupancy": 8.786876918973919,
  "violation_first_depth_max": 14,
  "violation_first_depth_min": 0
}