{
  "horizon": 95,
  "lower_objective": 2.659432811709545,
  "lower_values": [
    2.8470037713998946,
    3.170251637415491,
    2.395983726832882,
    2.8470037713998946,
    2.3303915684927645,
    2.365962394716346
  ],
  "method": "deterministic_joint_state_belief_propagation",
  "objective_estimate": 2.6596678424622944,
  "status": "ok",
  "tail_interval_width": 0.0004700615054979984,
  "total_belief_nodes": 119744,
  "upper_objective": 2.659902873215043,
  "upper_values": [
    2.8474738329053917,
    3.170721698920992,
    2.396453788338379,
    2.8474738329053917,
    2.3308616299982625,
    2.366432456221844
  ]
}