{
  "alpha_vector_count": 11,
  "analysis_discounted_tail_bound": 9.67774912024056e-09,
  "analysis_horizon": 197,
  "analysis_total_belief_nodes": 54204,
  "beta": 0.05,
  "candidate_index": 8,
  "discounted_transmission_occupancy": 1.8518007721701448,
  "epsilon": 0.04000000000000001,
  "epsilon_index": 3,
  "gamma": 0.9,
  "index": 83,
  "margin": -0.29560000000000014,
  "margin_region": "m<0",
  "mdp_seed": 826965060,
  "normal_minus_restricted_lower": 0.011664134572440421,
  "normal_minus_restricted_upper": 0.012604257583432421,
  "normal_minus_restricted_value": 0.012134196077936643,
  "normal_policy_horizon": 95,
  "normal_policy_interval_width": 0.0004700615054979984,
  "normal_policy_lower_bound": 2.659432811709545,
  "normal_policy_total_belief_nodes": 119744,
  "normal_policy_upper_bound": 2.659902873215043,
  "normal_policy_value": 2.6596678424622944,
  "point_id": "seed_826965060_e03",
  "restricted_policy_horizon": 95,
  "restricted_policy_interval_width": 0.0004700615054940016,
  "restricted_policy_lower_bound": 2.6472986156316107,
  "restricted_policy_status": "ok",
  "restricted_policy_total_belief_nodes": 120331,
  "restricted_policy_upper_bound": 2.6477686771371047,
  "restricted_policy_value": 2.6475336463843577,
  "reused_solver_checkpoint": false,
  "root_gap": 0.028085551230025492,
  "sampled_belief_count": 6694843,
  "sarsop_gap": 0.027966045537599182,
  "sarsop_gap_within_acceptance_threshold": true,
  "sarsop_lower_bound": 2.6595783534150104,
  "sarsop_upper_bound": 2.6875443989526095,
  "solver_elapsed_seconds": 601.0093328952789,
  "solver_iterations": 386,
  "solver_stop_reason": "max_time",
  "status": "ok",
  "violation_count": 73,
  "violation_discounted_event_occupancy": 0.17956740906168803,
  "violation_first_depth_max": 72,
  "violation_first_depth_min": 0
}