{
  "action_encoding": {
    "formula": "action = prescription_index * n_receiver_actions + receiver_action",
    "solver_jpo_action_offset": 1,
    "state_zero_bit": "most_significant"
  },
  "bounds": {
    "gap": 0.2495714693126736,
    "lower_objective": 4.459406847095327,
    "lower_values": [
      4.633121625819347,
      4.262394269253968,
      4.633121625819347,
      4.633121625819347,
      4.633121625819347,
      3.961560310040606
    ],
    "root_gap": 0.27669202285072436,
    "root_lower_objective": 4.459406847095327,
    "root_upper_objective": 4.7360988699460504,
    "upper_objective": 4.708978316408,
    "upper_values": [
      4.882237765498665,
      4.524434534315909,
      4.92238655025401,
      4.846014054405892,
      4.831819580599625,
      4.246977413373904
    ]
  },
  "initialization": {
    "initial_beliefs": [
      [
        1.0,
        0.0,
        0.0,
        0.0,
        0.0,
        0.0
      ],
      [
        0.0,
        1.0,
        0.0,
        0.0,
        0.0,
        0.0
      ],
      [
        0.0,
        0.0,
        1.0,
        0.0,
        0.0,
        0.0
      ],
      [
        0.0,
        0.0,
        0.0,
        1.0,
        0.0,
        0.0
      ],
      [
        0.0,
        0.0,
        0.0,
        0.0,
        1.0,
        0.0
      ],
      [
        0.0,
        0.0,
        0.0,
        0.0,
        0.0,
        1.0
      ]
    ],
    "initial_weights": [
      0.16666666666666666,
      0.16666666666666666,
      0.16666666666666666,
      0.16666666666666666,
      0.16666666666666666,
      0.16666666666666666
    ],
    "kind": "single synthetic root revealing a uniformly sampled physical state",
    "root_value_scale": "V_root / gamma, gamma=0.9"
  },
  "model": {
    "beta": 0.2222222222222222,
    "epsilon": 0.06,
    "gamma": 0.9,
    "mdp_density": 0.5,
    "mdp_seed": 1111,
    "mdp_sha256": "580f9fa806b22e34e0f0d1010a1012409199158e69e3f71c129e1c5119fb8d6a",
    "n_jpo_actions": 128,
    "n_prescriptions": 64,
    "n_receiver_actions": 2,
    "n_states": 6
  },
  "runtime": {
    "julia": "1.12.6",
    "native_sarsop": "0.1.4",
    "pomdp_tools": "1.1.0",
    "pomdps": "1.0.0"
  },
  "solver": {
    "delta": 0.0001,
    "export_beliefs": false,
    "initial_bound_max_time": 30.0,
    "initial_bound_residual": 1e-08,
    "initial_upper_bound": "fib",
    "kappa": 0.5,
    "max_steps": 1000000,
    "max_time": 700.0,
    "precision": 0.01,
    "prune_threshold": 0.1,
    "search_epsilon": 0.01,
    "use_binning": true
  },
  "training": {
    "alpha_count": 8,
    "belief_count": 292573,
    "elapsed_seconds": 1027.6106147766113,
    "history": [
      {
        "elapsed_seconds": 1.1920928955078125e-05,
        "initial_gap": 114.74349302243702,
        "initial_lower_objective": -110.00000000000004,
        "initial_upper_objective": 4.743493022436981,
        "iteration": 0,
        "root_gap": 103.26914372019333,
        "root_lower": -99.00000000000004,
        "root_upper": 4.269143720193283
      },
      {
        "elapsed_seconds": 0.018895864486694336,
        "initial_gap": 1.4379524170001763,
        "initial_lower_objective": 3.3055406054368053,
        "initial_upper_objective": 4.743493022436981,
        "iteration": 1,
        "root_gap": 1.2941571753001586,
        "root_lower": 2.9749865448931248,
        "root_upper": 4.269143720193283
      },
      {
        "elapsed_seconds": 0.03231978416442871,
        "initial_gap": 0.5462683665842614,
        "initial_lower_objective": 4.19722465585272,
        "initial_upper_objective": 4.743493022436981,
        "iteration": 2,
        "root_gap": 0.4916415299258352,
        "root_lower": 3.777502190267448,
        "root_upper": 4.269143720193283
      },
      {
        "elapsed_seconds": 0.053720951080322266,
        "initial_gap": 0.36036929861877404,
        "initial_lower_objective": 4.3831237238182075,
        "initial_upper_objective": 4.743493022436981,
        "iteration": 3,
        "root_gap": 0.32433236875689664,
        "root_lower": 3.9448113514363867,
        "root_upper": 4.269143720193283
      },
      {
        "elapsed_seconds": 0.08519577980041504,
        "initial_gap": 0.32456810767368666,
        "initial_lower_objective": 4.418924914763295,
        "initial_upper_objective": 4.743493022436981,
        "iteration": 4,
        "root_gap": 0.292111296906318,
        "root_lower": 3.9770324232869654,
        "root_upper": 4.269143720193283
      },
      {
        "elapsed_seconds": 0.1255660057067871,
        "initial_gap": 0.2946033132680231,
        "initial_lower_objective": 4.4488897091689585,
        "initial_upper_objective": 4.743493022436981,
        "iteration": 5,
        "root_gap": 0.26514298194122077,
        "root_lower": 4.004000738252063,
        "root_upper": 4.269143720193283
      },
      {
        "elapsed_seconds": 0.37696290016174316,
        "initial_gap": 0.2872929422585773,
        "initial_lower_objective": 4.456200080178404,
        "initial_upper_objective": 4.743493022436981,
        "iteration": 6,
        "root_gap": 0.2585636480327196,
        "root_lower": 4.010580072160564,
        "root_upper": 4.269143720193283
      },
      {
        "elapsed_seconds": 0.4427759647369385,
        "initial_gap": 0.28355965800607447,
        "initial_lower_objective": 4.459230674892203,
        "initial_upper_objective": 4.742790332898278,
        "iteration": 7,
        "root_gap": 0.255203692205467,
        "root_lower": 4.013307607402983,
        "root_upper": 4.26851129960845
      },
      {
        "elapsed_seconds": 0.5347568988800049,
        "initial_gap": 0.2834164071398377,
        "initial_lower_objective": 4.45937392575844,
        "initial_upper_objective": 4.742790332898278,
        "iteration": 8,
        "root_gap": 0.2550747664258539,
        "root_lower": 4.013436533182596,
        "root_upper": 4.26851129960845
      },
      {
        "elapsed_seconds": 1027.4901549816132,
        "initial_gap": 0.27669202285072436,
        "initial_lower_objective": 4.459406847095327,
        "initial_upper_objective": 4.7360988699460504,
        "iteration": 9,
        "root_gap": 0.24902282056565195,
        "root_lower": 4.013466162385794,
        "root_upper": 4.262488982951446
      }
    ],
    "initial_lower_residual": 8.658447292475557e-09,
    "initial_lower_subsolution_shift": 0.0,
    "initial_upper_bound": "fib",
    "initial_upper_iterations": -1,
    "initial_upper_residual": 9.858050376010397e-09,
    "initialization_seconds": 4128.731398105621,
    "iterations": 9,
    "stop_reason": "max_time"
  }
}