{
  "action_encoding": {
    "formula": "action = prescription_index * n_receiver_actions + receiver_action",
    "solver_jpo_action_offset": 1,
    "state_zero_bit": "most_significant"
  },
  "bounds": {
    "gap": 11.476709443785921,
    "lower_objective": 40.18848437938536,
    "lower_values": [
      40.427163385336314,
      39.95071123134531,
      40.427163385336314,
      40.427163385336314,
      40.427163385336314,
      39.47154150362161
    ],
    "root_gap": 11.478988754820204,
    "root_lower_objective": 40.188484379385365,
    "root_upper_objective": 51.66747313420557,
    "upper_objective": 51.66519382317128,
    "upper_values": [
      51.8262554854939,
      51.51091815102483,
      51.85979731282147,
      51.8262554854939,
      51.8262554854939,
      51.141681018699664
    ]
  },
  "initialization": {
    "initial_beliefs": [
      [
        1.0,
        0.0,
        0.0,
        0.0,
        0.0,
        0.0
      ],
      [
        0.0,
        1.0,
        0.0,
        0.0,
        0.0,
        0.0
      ],
      [
        0.0,
        0.0,
        1.0,
        0.0,
        0.0,
        0.0
      ],
      [
        0.0,
        0.0,
        0.0,
        1.0,
        0.0,
        0.0
      ],
      [
        0.0,
        0.0,
        0.0,
        0.0,
        1.0,
        0.0
      ],
      [
        0.0,
        0.0,
        0.0,
        0.0,
        0.0,
        1.0
      ]
    ],
    "initial_weights": [
      0.16666666666666666,
      0.16666666666666666,
      0.16666666666666666,
      0.16666666666666666,
      0.16666666666666666,
      0.16666666666666666
    ],
    "kind": "single synthetic root revealing a uniformly sampled physical state",
    "root_value_scale": "V_root / gamma, gamma=0.99"
  },
  "model": {
    "beta": 0.0,
    "epsilon": 0.04000000000000001,
    "gamma": 0.99,
    "mdp_density": 0.5,
    "mdp_seed": 1111,
    "mdp_sha256": "580f9fa806b22e34e0f0d1010a1012409199158e69e3f71c129e1c5119fb8d6a",
    "n_jpo_actions": 128,
    "n_prescriptions": 64,
    "n_receiver_actions": 2,
    "n_states": 6
  },
  "runtime": {
    "julia": "1.12.6",
    "native_sarsop": "0.1.4",
    "pomdp_tools": "1.1.0",
    "pomdps": "1.0.0"
  },
  "solver": {
    "delta": 0.0001,
    "export_beliefs": false,
    "initial_bound_max_time": 30.0,
    "initial_bound_residual": 1e-08,
    "initial_upper_bound": "fully_observable",
    "kappa": 0.5,
    "max_steps": 1000000,
    "max_time": 500.0,
    "precision": 0.01,
    "prune_threshold": 0.1,
    "search_epsilon": 0.01,
    "use_binning": true
  },
  "training": {
    "alpha_count": 4,
    "belief_count": 7866937,
    "elapsed_seconds": 541.1797349452972,
    "history": [
      {
        "elapsed_seconds": 1.0967254638671875e-05,
        "initial_gap": 10151.685969110493,
        "initial_lower_objective": -10099.999999999984,
        "initial_upper_objective": 51.68596911050958,
        "iteration": 0,
        "root_gap": 10050.169109419388,
        "root_lower": -9998.999999999984,
        "root_upper": 51.169109419404485
      },
      {
        "elapsed_seconds": 0.00038313865661621094,
        "initial_gap": 26.711134436216597,
        "initial_lower_objective": 24.974834674292985,
        "initial_upper_objective": 51.68596911050958,
        "iteration": 1,
        "root_gap": 26.44402309185443,
        "root_lower": 24.725086327550056,
        "root_upper": 51.169109419404485
      },
      {
        "elapsed_seconds": 1.1236140727996826,
        "initial_gap": 24.247577492634296,
        "initial_lower_objective": 27.438391617875286,
        "initial_upper_objective": 51.68596911050958,
        "iteration": 2,
        "root_gap": 24.00510171770795,
        "root_lower": 27.164007701696534,
        "root_upper": 51.169109419404485
      },
      {
        "elapsed_seconds": 4.157429933547974,
        "initial_gap": 23.522148080568087,
        "initial_lower_objective": 28.162022722139945,
        "initial_upper_objective": 51.68417080270803,
        "iteration": 3,
        "root_gap": 23.286926599762406,
        "root_lower": 27.880402494918545,
        "root_upper": 51.16732909468095
      },
      {
        "elapsed_seconds": 8.964749097824097,
        "initial_gap": 21.782880070843948,
        "initial_lower_objective": 29.897694119541576,
        "initial_upper_objective": 51.68057419038553,
        "iteration": 4,
        "root_gap": 21.56505127013551,
        "root_lower": 29.59871717834616,
        "root_upper": 51.16376844848167
      },
      {
        "elapsed_seconds": 17.403155088424683,
        "initial_gap": 21.464894590944724,
        "initial_lower_objective": 30.2145351043793,
        "initial_upper_objective": 51.679429695324025,
        "iteration": 5,
        "root_gap": 21.250245645035275,
        "root_lower": 29.912389753335507,
        "root_upper": 51.16263539837078
      },
      {
        "elapsed_seconds": 27.88071298599243,
        "initial_gap": 20.22362336582675,
        "initial_lower_objective": 31.45530704184559,
        "initial_upper_objective": 51.67893040767234,
        "iteration": 6,
        "root_gap": 20.02138713216848,
        "root_lower": 31.140753971427134,
        "root_upper": 51.162141103595616
      },
      {
        "elapsed_seconds": 41.300766944885254,
        "initial_gap": 18.722500617535555,
        "initial_lower_objective": 32.955374498894514,
        "initial_upper_objective": 51.67787511643007,
        "iteration": 7,
        "root_gap": 18.5352756113602,
        "root_lower": 32.62582075390557,
        "root_upper": 51.16109636526577
      },
      {
        "elapsed_seconds": 56.55133605003357,
        "initial_gap": 18.030288321220983,
        "initial_lower_objective": 33.64673557423033,
        "initial_upper_objective": 51.67702389545131,
        "iteration": 8,
        "root_gap": 17.849985438008773,
        "root_lower": 33.31026821848803,
        "root_upper": 51.1602536564968
      },
      {
        "elapsed_seconds": 73.1151180267334,
        "initial_gap": 17.839844187063573,
        "initial_lower_objective": 33.835053619865725,
        "initial_upper_objective": 51.674897806929295,
        "iteration": 9,
        "root_gap": 17.661445745192935,
        "root_lower": 33.496703083667065,
        "root_upper": 51.15814882886
      },
      {
        "elapsed_seconds": 91.68811893463135,
        "initial_gap": 16.81156135735215,
        "initial_lower_objective": 34.86333644957714,
        "initial_upper_objective": 51.674897806929295,
        "iteration": 10,
        "root_gap": 16.643445743778628,
        "root_lower": 34.51470308508137,
        "root_upper": 51.15814882886
      },
      {
        "elapsed_seconds": 113.75338101387024,
        "initial_gap": 16.075050452000212,
        "initial_lower_objective": 35.597060066949446,
        "initial_upper_objective": 51.67211051894966,
        "iteration": 11,
        "root_gap": 15.91429994748021,
        "root_lower": 35.24108946627995,
        "root_upper": 51.15538941376016
      },
      {
        "elapsed_seconds": 138.98254799842834,
        "initial_gap": 15.810426564063329,
        "initial_lower_objective": 35.86095937458253,
        "initial_upper_objective": 51.671385938645855,
        "iteration": 12,
        "root_gap": 15.652322298422696,
        "root_lower": 35.5023497808367,
        "root_upper": 51.1546720792594
      },
      {
        "elapsed_seconds": 165.110347032547,
        "initial_gap": 15.302262398052678,
        "initial_lower_objective": 36.369029950050944,
        "initial_upper_objective": 51.67129234810362,
        "iteration": 13,
        "root_gap": 15.14923977407215,
        "root_lower": 36.00533965055043,
        "root_upper": 51.15457942462258
      },
      {
        "elapsed_seconds": 195.11632013320923,
        "initial_gap": 14.688275445740484,
        "initial_lower_objective": 36.98205420450208,
        "initial_upper_objective": 51.670329650242564,
        "iteration": 14,