{
  "horizon": 1215,
  "lower_objective": 51.148901892096404,
  "lower_values": [
    51.32094317305537,
    50.98226259303311,
    51.32223287938913,
    51.32094317305537,
    51.32223287938913,
    50.62479665465634
  ],
  "method": "deterministic_joint_state_belief_propagation",
  "objective_estimate": 51.14915062408343,
  "status": "ok",
  "tail_interval_width": 0.0004974639740567,
  "total_belief_nodes": 1067673,
  "upper_objective": 51.14939935607046,
  "upper_values": [
    51.321440637029674,
    50.982760057007816,
    51.322730343363745,
    51.321440637029674,
    51.322730343363745,
    50.625294118628155
  ]
}