{
  "action_encoding": {
    "formula": "action = prescription_index * n_receiver_actions + receiver_action",
    "solver_jpo_action_offset": 1,
    "state_zero_bit": "most_significant"
  },
  "bounds": {
    "gap": 4.396907710894922,
    "lower_objective": 47.015873162741045,
    "lower_values": [
      47.18701953647485,
      46.84596890450203,
      47.18683378244538,
      47.18701953647485,
      47.18683378244538,
      46.50156343410377
    ],
    "root_gap": 4.404157730960792,
    "root_lower_objective": 47.01587316274104,
    "root_upper_objective": 51.42003089370183,
    "upper_objective": 51.41278087363597,
    "upper_values": [
      51.5594829716205,
      51.412766366853454,
      51.63042166903513,
      51.49784306713674,
      51.46052388940898,
      50.91564727776103
    ]
  },
  "initialization": {
    "initial_beliefs": [
      [
        1.0,
        0.0,
        0.0,
        0.0,
        0.0,
        0.0
      ],
      [
        0.0,
        1.0,
        0.0,
        0.0,
        0.0,
        0.0
      ],
      [
        0.0,
        0.0,
        1.0,
        0.0,
        0.0,
        0.0
      ],
      [
        0.0,
        0.0,
        0.0,
        1.0,
        0.0,
        0.0
      ],
      [
        0.0,
        0.0,
        0.0,
        0.0,
        1.0,
        0.0
      ],
      [
        0.0,
        0.0,
        0.0,
        0.0,
        0.0,
        1.0
      ]
    ],
    "initial_weights": [
      0.16666666666666666,
      0.16666666666666666,
      0.16666666666666666,
      0.16666666666666666,
      0.16666666666666666,
      0.16666666666666666
    ],
    "kind": "single synthetic root revealing a uniformly sampled physical state",
    "root_value_scale": "V_root / gamma, gamma=0.99"
  },
  "model": {
    "beta": 0.1,
    "epsilon": 0.05000000000000001,
    "gamma": 0.99,
    "mdp_density": 0.5,
    "mdp_seed": 1111,
    "mdp_sha256": "580f9fa806b22e34e0f0d1010a1012409199158e69e3f71c129e1c5119fb8d6a",
    "n_jpo_actions": 128,
    "n_prescriptions": 64,
    "n_receiver_actions": 2,
    "n_states": 6
  },
  "runtime": {
    "julia": "1.12.6",
    "native_sarsop": "0.1.4",
    "pomdp_tools": "1.1.0",
    "pomdps": "1.0.0"
  },
  "solver": {
    "delta": 0.0001,
    "export_beliefs": false,
    "initial_bound_max_time": 30.0,
    "initial_bound_residual": 1e-08,
    "initial_upper_bound": "fully_observable",
    "kappa": 0.5,
    "max_steps": 1000000,
    "max_time": 500.0,
    "precision": 0.01,
    "prune_threshold": 0.1,
    "search_epsilon": 0.01,
    "use_binning": true
  },
  "training": {
    "alpha_count": 7,
    "belief_count": 8263354,
    "elapsed_seconds": 513.4234430789948,
    "history": [
      {
        "elapsed_seconds": 1.0013580322265625e-05,
        "initial_gap": 10151.685969110493,
        "initial_lower_objective": -10099.999999999984,
        "initial_upper_objective": 51.68596911050958,
        "iteration": 0,
        "root_gap": 10050.169109419388,
        "root_lower": -9998.999999999984,
        "root_upper": 51.169109419404485
      },
      {
        "elapsed_seconds": 0.0003261566162109375,
        "initial_gap": 26.711134436216597,
        "initial_lower_objective": 24.974834674292985,
        "initial_upper_objective": 51.68596911050958,
        "iteration": 1,
        "root_gap": 26.44402309185443,
        "root_lower": 24.725086327550056,
        "root_upper": 51.169109419404485
      },
      {
        "elapsed_seconds": 1.5531871318817139,
        "initial_gap": 19.8235055473562,
        "initial_lower_objective": 31.862463563153383,
        "initial_upper_objective": 51.68596911050958,
        "iteration": 2,
        "root_gap": 19.625270491882635,
        "root_lower": 31.54383892752185,
        "root_upper": 51.169109419404485
      },
      {
        "elapsed_seconds": 5.861634016036987,
        "initial_gap": 18.979674288988157,
        "initial_lower_objective": 32.68903757131936,
        "initial_upper_objective": 51.66871186030752,
        "iteration": 3,
        "root_gap": 18.789877546098275,
        "root_lower": 32.36214719560617,
        "root_upper": 51.152024741704444
      },
      {
        "elapsed_seconds": 13.271156072616577,
        "initial_gap": 14.115065844545944,
        "initial_lower_objective": 37.51042185709115,
        "initial_upper_objective": 51.6254877016371,
        "iteration": 4,
        "root_gap": 13.973915186100484,
        "root_lower": 37.13531763852024,
        "root_upper": 51.109232824620726
      },
      {
        "elapsed_seconds": 21.557367086410522,
        "initial_gap": 13.889210673422726,
        "initial_lower_objective": 37.70608313155334,
        "initial_upper_objective": 51.59529380497607,
        "iteration": 5,
        "root_gap": 13.750318566688499,
        "root_lower": 37.32902230023781,
        "root_upper": 51.07934086692631
      },
      {
        "elapsed_seconds": 30.75592017173767,
        "initial_gap": 12.951108980104912,
        "initial_lower_objective": 38.64259597473156,
        "initial_upper_objective": 51.593704954836475,
        "iteration": 6,
        "root_gap": 12.821597890303863,
        "root_lower": 38.25617001498425,
        "root_upper": 51.07776790528811
      },
      {
        "elapsed_seconds": 43.8472421169281,
        "initial_gap": 12.720572345236278,
        "initial_lower_objective": 38.85801705420907,
        "initial_upper_objective": 51.57858939944535,
        "iteration": 7,
        "root_gap": 12.593366621783915,
        "root_lower": 38.46943688366698,
        "root_upper": 51.062803505450894
      },
      {
        "elapsed_seconds": 57.31516098976135,
        "initial_gap": 12.327436115966469,
        "initial_lower_objective": 39.24874618261564,
        "initial_upper_objective": 51.57618229858211,
        "iteration": 8,
        "root_gap": 12.204161754806805,
        "root_lower": 38.856258720789484,
        "root_upper": 51.06042047559629
      },
      {
        "elapsed_seconds": 79.30771708488464,
        "initial_gap": 11.613979011322286,
        "initial_lower_objective": 39.96179777777114,
        "initial_upper_objective": 51.575776789093425,
        "iteration": 9,
        "root_gap": 11.497839221209063,
        "root_lower": 39.56217979999343,
        "root_upper": 51.06001902120249
      },
      {
        "elapsed_seconds": 108.38053011894226,
        "initial_gap": 11.507149366514708,
        "initial_lower_objective": 40.06756731031802,
        "initial_upper_objective": 51.57471667683273,
        "iteration": 10,
        "root_gap": 11.392077872849562,
        "root_lower": 39.66689163721484,
        "root_upper": 51.0589695100644
      },
      {
        "elapsed_seconds": 134.48314213752747,
        "initial_gap": 10.977089649851017,
        "initial_lower_objective": 40.55920896462443,
        "initial_upper_objective": 51.53629861447545,
        "iteration": 11,
        "root_gap": 10.867318753352507,
        "root_lower": 40.153616874978184,
        "root_upper": 51.02093562833069
      },
      {
        "elapsed_seconds": 167.77273106575012,
        "initial_gap": 8.919214079049949,
        "initial_lower_objective": 42.593840177729874,
        "initial_upper_objective": 51.51305425677982,
        "iteration": 12,
        "root_gap": 8.83002193825945,
        "root_lower": 42.16790177595257,
        "root_upper": 50.99792371421202
      },
      {
        "elapsed_seconds": 200.76872515678406,
        "initial_gap": 8.106380027211388,
        "initial_lower_objective": 43.39545497578151,
        "initial_upper_objective": 51.5018350029929,
        "iteration": 13,
        "root_gap": 8.025316226939275,
        "root_lower": 42.9615004260237,
        "root_upper": 50.98681665296297
      },
      {
        "elapsed_seconds": 232.89319705963135,
        "initial_gap": 7.683734763366022,
        "initial_lower_objective": 43.817823584603616,
        "initial_upper_objective": 51.501558347969635,
        "iteration": 14,