{
  "horizon": 95,
  "lower_objective": 1.6510861514802253,
  "lower_values": [
    1.5988924402298699,
    1.5962239748529647,
    1.4981689291988332,
    1.5988924402298699,
    1.5962239748529647,
    2.0181151495168503
  ],
  "method": "deterministic_joint_state_belief_propagation",
  "objective_estimate": 1.651321182232972,
  "status": "same_as_normal_no_violations",
  "tail_interval_width": 0.0004700615054933355,
  "total_belief_nodes": 26611,
  "unrestricted_upper_minus_restricted_lower": 0.010943310881310842,
  "upper_objective": 1.6515562129857186,
  "upper_values": [
    1.599362501735363,
    1.5966940363584587,
    1.498638990704326,
    1.599362501735363,
    1.5966940363584587,
    2.018585211022342
  ]
}