{
  "horizon": 95,
  "lower_objective": 3.059251155727088,
  "lower_values": [
    2.927621405550529,
    2.927621405550529,
    2.927621405550529,
    2.920725264971226,
    3.724296047189187,
    2.927621405550529
  ],
  "method": "deterministic_joint_state_belief_propagation",
  "objective_estimate": 3.0594861864798344,
  "status": "same_as_normal_no_violations",
  "tail_interval_width": 0.00047006150549311343,
  "total_belief_nodes": 24493,
  "unrestricted_upper_minus_restricted_lower": 0.03641086022677342,
  "upper_objective": 3.059721217232581,
  "upper_values": [
    2.9280914670560216,
    2.9280914670560216,
    2.9280914670560216,
    2.921195326476718,
    3.724766108694681,
    2.9280914670560216
  ]
}