{
  "horizon": 95,
  "lower_objective": 2.751055121024195,
  "lower_values": [
    2.273106076318837,
    3.1939821458699678,
    2.84986779973029,
    2.489639104765498,
    2.84986779973029,
    2.84986779973029
  ],
  "method": "deterministic_joint_state_belief_propagation",
  "objective_estimate": 2.7512901517769417,
  "status": "ok",
  "tail_interval_width": 0.00047006150549311343,
  "total_belief_nodes": 51877,
  "unrestricted_upper_minus_restricted_lower": 0.017337784811927826,
  "upper_objective": 2.7515251825296883,
  "upper_values": [
    2.2735761378243295,
    3.1944522073754613,
    2.8503378612357824,
    2.4901091662709907,
    2.8503378612357824,
    2.8503378612357824
  ]
}