{
  "horizon": 1229,
  "lower_objective": 46.52914161610157,
  "lower_values": [
    46.70149588392584,
    46.35006621049704,
    46.70149588392584,
    46.70149588392584,
    46.70149588392584,
    46.018799950409026
  ],
  "method": "deterministic_joint_state_belief_propagation",
  "objective_estimate": 46.529389789463714,
  "status": "ok",
  "tail_interval_width": 0.0004963467242973252,
  "total_belief_nodes": 559282,
  "upper_objective": 46.529637962825866,
  "upper_values": [
    46.70199223065014,
    46.3505625572213,
    46.70199223065014,
    46.70199223065014,
    46.70199223065014,
    46.01929629713334
  ]
}