{
  "horizon": 95,
  "lower_objective": 2.4923484871930195,
  "lower_values": [
    2.538052162633224,
    2.538052162633224,
    2.538052162633224,
    2.758797024133611,
    2.2768480324875866,
    2.304289378637248
  ],
  "method": "deterministic_joint_state_belief_propagation",
  "objective_estimate": 2.492583517945766,
  "status": "ok",
  "tail_interval_width": 0.00047006150549266934,
  "total_belief_nodes": 65756,
  "upper_objective": 2.492818548698512,
  "upper_values": [
    2.538522224138717,
    2.538522224138717,
    2.538522224138717,
    2.759267085639103,
    2.27731809399308,
    2.3047594401427407
  ]
}