{
  "horizon": 95,
  "lower_objective": 2.4822440878585974,
  "lower_values": [
    2.527251506433556,
    2.527251506433556,
    2.527251506433556,
    2.749960783743376,
    2.267617629368895,
    2.294131594738644
  ],
  "method": "deterministic_joint_state_belief_propagation",
  "objective_estimate": 2.4824791186113435,
  "status": "ok",
  "tail_interval_width": 0.00047006150549266934,
  "total_belief_nodes": 65748,
  "unrestricted_upper_minus_restricted_lower": 0.07540003941555184,
  "upper_objective": 2.48271414936409,
  "upper_values": [
    2.5277215679390497,
    2.5277215679390497,
    2.5277215679390497,
    2.7504308452488675,
    2.268087690874388,
    2.294601656244137
  ]
}