{
  "horizon": 95,
  "lower_objective": 2.4598557112097086,
  "lower_values": [
    2.2921717923451297,
    2.778908710004802,
    2.0902826845660587,
    2.778908710004802,
    2.481970281807072,
    2.336892088530387
  ],
  "method": "deterministic_joint_state_belief_propagation",
  "objective_estimate": 2.460090741962455,
  "status": "same_as_normal_no_violations",
  "tail_interval_width": 0.0004700615054935575,
  "total_belief_nodes": 27172,
  "unrestricted_upper_minus_restricted_lower": 0.04731802090003612,
  "upper_objective": 2.460325772715202,
  "upper_values": [
    2.292641853850623,
    2.779378771510296,
    2.0907527460715545,
    2.779378771510296,
    2.482440343312565,
    2.3373621500358785
  ]
}