{
  "horizon": 95,
  "lower_objective": 3.864322407689725,
  "lower_values": [
    3.9322975079065463,
    3.9322975079065463,
    3.9322975079065463,
    3.52444690660562,
    3.9322975079065463,
    3.9322975079065463
  ],
  "method": "deterministic_joint_state_belief_propagation",
  "objective_estimate": 3.8645574384424717,
  "status": "same_as_normal_no_violations",
  "tail_interval_width": 0.00047006150549311343,
  "total_belief_nodes": 28469,
  "unrestricted_upper_minus_restricted_lower": 0.019154453237514524,
  "upper_objective": 3.8647924691952182,
  "upper_values": [
    3.93276756941204,
    3.93276756941204,
    3.93276756941204,
    3.5249169681111114,
    3.93276756941204,
    3.93276756941204
  ]
}