{
  "horizon": 95,
  "lower_objective": 1.988358843720016,
  "lower_values": [
    1.7626695583145682,
    1.9384492774454112,
    2.295984047362287,
    1.9504185811069674,
    1.6866475507285752,
    2.295984047362287
  ],
  "method": "deterministic_joint_state_belief_propagation",
  "objective_estimate": 1.9885938744727625,
  "status": "ok",
  "tail_interval_width": 0.00047006150549311343,
  "total_belief_nodes": 75444,
  "upper_objective": 1.988828905225509,
  "upper_values": [
    1.7631396198200613,
    1.9389193389509045,
    2.2964541088677795,
    1.9508886426124619,
    1.6871176122340683,
    2.2964541088677795
  ]
}