{
  "horizon": 95,
  "lower_objective": 3.1261897123089564,
  "lower_values": [
    3.471900566621904,
    2.9361646256605636,
    2.7841142529370555,
    3.15689363635175,
    3.471900566621904,
    2.9361646256605636
  ],
  "method": "deterministic_joint_state_belief_propagation",
  "objective_estimate": 3.1264247430617167,
  "status": "ok",
  "tail_interval_width": 0.0004700615055197588,
  "total_belief_nodes": 49274,
  "unrestricted_upper_minus_restricted_lower": 0.02559060284026815,
  "upper_objective": 3.126659773814476,
  "upper_values": [
    3.472370628127396,
    2.9366346871660562,
    2.7845843144427107,
    3.157363697857244,
    3.472370628127396,
    2.9366346871660562
  ]
}