{
  "alpha_vector_count": 6,
  "analysis_discounted_tail_bound": 9.67774912024056e-09,
  "analysis_horizon": 197,
  "analysis_total_belief_nodes": 22390,
  "beta": 0.05,
  "candidate_index": 24,
  "discounted_transmission_occupancy": 1.4914548205707188,
  "epsilon": 0.06000000000000001,
  "epsilon_index": 5,
  "gamma": 0.9,
  "index": 245,
  "margin": -0.4576000000000002,
  "margin_region": "m<0",
  "mdp_seed": 1513036094,
  "normal_minus_restricted_lower": 0.0010030127650071385,
  "normal_minus_restricted_upper": 0.0019431357760550938,
  "normal_minus_restricted_value": 0.0014730742705308941,
  "normal_policy_horizon": 95,
  "normal_policy_interval_width": 0.0004700615055281965,
  "normal_policy_lower_bound": 3.1276627865794833,
  "normal_policy_total_belief_nodes": 48823,
  "normal_policy_upper_bound": 3.1281328480850115,
  "normal_policy_value": 3.1278978173322476,
  "point_id": "seed_1513036094_e05",
  "restricted_policy_horizon": 95,
  "restricted_policy_interval_width": 0.0004700615055197588,
  "restricted_policy_lower_bound": 3.1261897123089564,
  "restricted_policy_status": "ok",
  "restricted_policy_total_belief_nodes": 49274,
  "restricted_policy_upper_bound": 3.126659773814476,
  "restricted_policy_value": 3.1264247430617167,
  "reused_solver_checkpoint": false,
  "root_gap": 0.024014889280553495,
  "sampled_belief_count": 5538100,
  "sarsop_gap": 0.02395254185261031,
  "sarsop_gap_within_acceptance_threshold": true,
  "sarsop_lower_bound": 3.127827773296614,
  "sarsop_upper_bound": 3.1517803151492245,
  "solver_elapsed_seconds": 600.3489229679108,
  "solver_iterations": 314,
  "solver_stop_reason": "max_time",
  "status": "ok",
  "violation_count": 1,
  "violation_discounted_event_occupancy": 0.02521530408008895,
  "violation_first_depth_max": 0,
  "violation_first_depth_min": 0
}