{
  "action_encoding": {
    "formula": "action = prescription_index * n_receiver_actions + receiver_action",
    "solver_jpo_action_offset": 1,
    "state_zero_bit": "most_significant"
  },
  "bounds": {
    "gap": 12.350827515865262,
    "lower_objective": 39.32490877595619,
    "lower_values": [
      39.512905145686105,
      39.22449653959879,
      39.448826137794,
      39.512905145686105,
      39.448826137794,
      38.80149354917814
    ],
    "root_gap": 12.350828705489777,
    "root_lower_objective": 39.32490877595619,
    "root_upper_objective": 51.675737481445964,
    "upper_objective": 51.67573629182145,
    "upper_values": [
      51.851622387317846,
      51.51459720162186,
      51.85979731282147,
      51.83899842317487,
      51.83885664125321,
      51.15054578473942
    ]
  },
  "initialization": {
    "initial_beliefs": [
      [
        1.0,
        0.0,
        0.0,
        0.0,
        0.0,
        0.0
      ],
      [
        0.0,
        1.0,
        0.0,
        0.0,
        0.0,
        0.0
      ],
      [
        0.0,
        0.0,
        1.0,
        0.0,
        0.0,
        0.0
      ],
      [
        0.0,
        0.0,
        0.0,
        1.0,
        0.0,
        0.0
      ],
      [
        0.0,
        0.0,
        0.0,
        0.0,
        1.0,
        0.0
      ],
      [
        0.0,
        0.0,
        0.0,
        0.0,
        0.0,
        1.0
      ]
    ],
    "initial_weights": [
      0.16666666666666666,
      0.16666666666666666,
      0.16666666666666666,
      0.16666666666666666,
      0.16666666666666666,
      0.16666666666666666
    ],
    "kind": "single synthetic root revealing a uniformly sampled physical state",
    "root_value_scale": "V_root / gamma, gamma=0.99"
  },
  "model": {
    "beta": 0.0,
    "epsilon": 0.030000000000000006,
    "gamma": 0.99,
    "mdp_density": 0.5,
    "mdp_seed": 1111,
    "mdp_sha256": "580f9fa806b22e34e0f0d1010a1012409199158e69e3f71c129e1c5119fb8d6a",
    "n_jpo_actions": 128,
    "n_prescriptions": 64,
    "n_receiver_actions": 2,
    "n_states": 6
  },
  "runtime": {
    "julia": "1.12.6",
    "native_sarsop": "0.1.4",
    "pomdp_tools": "1.1.0",
    "pomdps": "1.0.0"
  },
  "solver": {
    "delta": 0.0001,
    "export_beliefs": false,
    "initial_bound_max_time": 30.0,
    "initial_bound_residual": 1e-08,
    "initial_upper_bound": "fully_observable",
    "kappa": 0.5,
    "max_steps": 1000000,
    "max_time": 500.0,
    "precision": 0.01,
    "prune_threshold": 0.1,
    "search_epsilon": 0.01,
    "use_binning": true
  },
  "training": {
    "alpha_count": 5,
    "belief_count": 8282317,
    "elapsed_seconds": 512.7358441352844,
    "history": [
      {
        "elapsed_seconds": 1.0967254638671875e-05,
        "initial_gap": 10151.685969110493,
        "initial_lower_objective": -10099.999999999984,
        "initial_upper_objective": 51.68596911050958,
        "iteration": 0,
        "root_gap": 10050.169109419388,
        "root_lower": -9998.999999999984,
        "root_upper": 51.169109419404485
      },
      {
        "elapsed_seconds": 0.00045299530029296875,
        "initial_gap": 26.711134436216597,
        "initial_lower_objective": 24.974834674292985,
        "initial_upper_objective": 51.68596911050958,
        "iteration": 1,
        "root_gap": 26.44402309185443,
        "root_lower": 24.725086327550056,
        "root_upper": 51.169109419404485
      },
      {
        "elapsed_seconds": 1.065505027770996,
        "initial_gap": 24.239814054361773,
        "initial_lower_objective": 27.44615505614781,
        "initial_upper_objective": 51.68596911050958,
        "iteration": 2,
        "root_gap": 23.997415913818156,
        "root_lower": 27.17169350558633,
        "root_upper": 51.169109419404485
      },
      {
        "elapsed_seconds": 4.013720989227295,
        "initial_gap": 22.800271543842108,
        "initial_lower_objective": 28.884335075802937,
        "initial_upper_objective": 51.684606619645045,
        "iteration": 3,
        "root_gap": 22.572268828403686,
        "root_lower": 28.59549172504491,
        "root_upper": 51.167760553448595
      },
      {
        "elapsed_seconds": 8.86121392250061,
        "initial_gap": 20.942580401890837,
        "initial_lower_objective": 30.73930123930572,
        "initial_upper_objective": 51.681881641196554,
        "iteration": 4,
        "root_gap": 20.733154597871927,
        "root_lower": 30.431908226912665,
        "root_upper": 51.16506282478459
      },
      {
        "elapsed_seconds": 15.998945951461792,
        "initial_gap": 20.130019910372017,
        "initial_lower_objective": 31.5503840341027,
        "initial_upper_objective": 51.68040394447472,
        "iteration": 5,
        "root_gap": 19.928719711268297,
        "root_lower": 31.234880193761672,
        "root_upper": 51.16359990502997
      },
      {
        "elapsed_seconds": 24.275468111038208,
        "initial_gap": 19.803376935481644,
        "initial_lower_objective": 31.875771296620158,
        "initial_upper_objective": 51.6791482321018,
        "iteration": 6,
        "root_gap": 19.60534316612683,
        "root_lower": 31.557013583653955,
        "root_upper": 51.162356749780784
      },
      {
        "elapsed_seconds": 34.568822145462036,
        "initial_gap": 19.16628552351871,
        "initial_lower_objective": 32.51281565210375,
        "initial_upper_objective": 51.679101175622456,
        "iteration": 7,
        "root_gap": 18.974622668283523,
        "root_lower": 32.18768749558271,
        "root_upper": 51.16231016386623
      },
      {
        "elapsed_seconds": 47.04108905792236,
        "initial_gap": 18.33331060169653,
        "initial_lower_objective": 33.34452891919392,
        "initial_upper_objective": 51.677839520890444,
        "iteration": 8,
        "root_gap": 18.149977495679565,
        "root_lower": 33.01108363000198,
        "root_upper": 51.16106112568154
      },
      {
        "elapsed_seconds": 61.596487045288086,
        "initial_gap": 17.65535703631708,
        "initial_lower_objective": 34.021768406116806,
        "initial_upper_objective": 51.67712544243389,
        "iteration": 9,
        "root_gap": 17.47880346595391,
        "root_lower": 33.68155072205564,
        "root_upper": 51.16035418800955
      },
      {
        "elapsed_seconds": 80.36156702041626,
        "initial_gap": 17.425793159998452,
        "initial_lower_objective": 34.251225334079386,
        "initial_upper_objective": 51.67701849407784,
        "iteration": 10,
        "root_gap": 17.251535228398467,
        "root_lower": 33.90871308073859,
        "root_upper": 51.16024830913706
      },
      {
        "elapsed_seconds": 104.99059200286865,
        "initial_gap": 16.892826608781395,
        "initial_lower_objective": 34.784191885296444,
        "initial_upper_objective": 51.67701849407784,
        "iteration": 11,
        "root_gap": 16.72389834269358,
        "root_lower": 34.43634996644348,
        "root_upper": 51.16024830913706
      },
      {
        "elapsed_seconds": 133.8562250137329,
        "initial_gap": 16.19353711153613,
        "initial_lower_objective": 35.482932716934776,
        "initial_upper_objective": 51.67646982847091,
        "iteration": 12,
        "root_gap": 16.03160174042077,
        "root_lower": 35.12810338976543,
        "root_upper": 51.1597051301862
      },
      {
        "elapsed_seconds": 162.19221997261047,
        "initial_gap": 15.601091884230785,
        "initial_lower_objective": 36.07513207244727,
        "initial_upper_objective": 51.67622395667805,
        "iteration": 13,
        "root_gap": 15.445080965388478,
        "root_lower": 35.71438075172279,
        "root_upper": 51.15946171711127
      },
      {
        "elapsed_seconds": 191.65655994415283,
        "initial_gap": 15.400164481553452,
        "initial_lower_objective": 36.276035555271775,
        "initial_upper_objective": 51.67620003682523,
        "iteration": 14,