{
  "horizon": 95,
  "lower_objective": 3.7266563045818395,
  "lower_values": [
    4.202439432866193,
    3.4325499911453865,
    3.5361654370058364,
    4.202439432866193,
    3.5361654370058364,
    3.450178096601593
  ],
  "method": "deterministic_joint_state_belief_propagation",
  "objective_estimate": 3.7268913353345856,
  "status": "ok",
  "tail_interval_width": 0.00047006150549266934,
  "total_belief_nodes": 19413,
  "upper_objective": 3.727126366087332,
  "upper_values": [
    4.202909494371684,
    3.4330200526508787,
    3.5366354985113286,
    4.202909494371684,
    3.5366354985113286,
    3.450648158107088
  ]
}