{
  "horizon": 95,
  "lower_objective": 3.4748152166574906,
  "lower_values": [
    4.0386798136814726,
    3.3215672313844835,
    3.3215672313844835,
    4.0386798136814726,
    2.806829978428548,
    3.3215672313844835
  ],
  "method": "deterministic_joint_state_belief_propagation",
  "objective_estimate": 3.4750502474102376,
  "status": "ok",
  "tail_interval_width": 0.0004700615054940016,
  "total_belief_nodes": 26981,
  "upper_objective": 3.4752852781629846,
  "upper_values": [
    4.039149875186968,
    3.3220372928899775,
    3.3220372928899775,
    4.039149875186968,
    2.8073000399340406,
    3.3220372928899775
  ]
}