{
  "horizon": 95,
  "lower_objective": 3.1276627865794833,
  "lower_values": [
    3.471900566621904,
    2.9361646256605636,
    2.7929526985602164,
    3.15689363635175,
    3.471900566621904,
    2.9361646256605636
  ],
  "method": "deterministic_joint_state_belief_propagation",
  "objective_estimate": 3.1278978173322476,
  "status": "ok",
  "tail_interval_width": 0.0004700615055281965,
  "total_belief_nodes": 48823,
  "upper_objective": 3.1281328480850115,
  "upper_values": [
    3.472370628127396,
    2.9366346871660562,
    2.793422760065921,
    3.157363697857244,
    3.472370628127396,
    2.9366346871660562
  ]
}