{
  "horizon": 95,
  "lower_objective": 1.182710815847836,
  "lower_values": [
    1.090695226516723,
    1.090695226516723,
    1.090695226516723,
    1.7102416309792188,
    1.1602190910355787,
    0.9537184935220503
  ],
  "method": "deterministic_joint_state_belief_propagation",
  "objective_estimate": 1.1829458466005827,
  "status": "same_as_normal_no_violations",
  "tail_interval_width": 0.00047006150549311343,
  "total_belief_nodes": 59188,
  "unrestricted_upper_minus_restricted_lower": 0.01295675750440739,
  "upper_objective": 1.1831808773533292,
  "upper_values": [
    1.0911652880222158,
    1.0911652880222158,
    1.0911652880222158,
    1.7107116924847132,
    1.1606891525410714,
    0.9541885550275448
  ]
}