{
  "horizon": 1220,
  "lower_objective": 48.99116045082069,
  "lower_values": [
    49.183192640869684,
    48.815792662606135,
    49.183192640869684,
    49.183192640869684,
    49.183192640869684,
    48.3983994788393
  ],
  "method": "deterministic_joint_state_belief_propagation",
  "objective_estimate": 48.99140870116391,
  "status": "ok",
  "tail_interval_width": 0.0004965006864381394,
  "total_belief_nodes": 604205,
  "upper_objective": 48.99165695150713,
  "upper_values": [
    49.18368914155614,
    48.81628916329256,
    49.18368914155614,
    49.18368914155614,
    49.18368914155614,
    48.39889597952568
  ]
}