{
  "horizon": 95,
  "lower_objective": 3.1218973113416095,
  "lower_values": [
    3.188190418072215,
    2.799455022084018,
    2.898962663046318,
    3.188190418072215,
    3.188190418072215,
    3.4683949287026756
  ],
  "method": "deterministic_joint_state_belief_propagation",
  "objective_estimate": 3.122132342094355,
  "status": "ok",
  "tail_interval_width": 0.00047006150549178116,
  "total_belief_nodes": 56235,
  "upper_objective": 3.1223673728471013,
  "upper_values": [
    3.1886604795777065,
    2.7999250835895126,
    2.8994327245518123,
    3.1886604795777065,
    3.1886604795777065,
    3.4688649902081656
  ]
}