{
  "horizon": 95,
  "lower_objective": 3.0841536194756403,
  "lower_values": [
    3.1478063029059413,
    2.7638733542302907,
    2.863296079773907,
    3.1478063029059413,
    3.1478063029059413,
    3.4343333741318234
  ],
  "method": "deterministic_joint_state_belief_propagation",
  "objective_estimate": 3.0843886502283873,
  "status": "ok",
  "tail_interval_width": 0.00047006150549311343,
  "total_belief_nodes": 56229,
  "unrestricted_upper_minus_restricted_lower": 0.10247186599266023,
  "upper_objective": 3.0846236809811334,
  "upper_values": [
    3.148276364411433,
    2.7643434157357833,
    2.863766141279401,
    3.148276364411433,
    3.148276364411433,
    3.434803435637317
  ]
}