{
  "horizon": 95,
  "lower_objective": 2.2491751552573547,
  "lower_values": [
    2.191019409194307,
    2.191019409194307,
    2.6050180183635447,
    2.1259552764033556,
    2.191019409194307,
    2.191019409194307
  ],
  "method": "deterministic_joint_state_belief_propagation",
  "objective_estimate": 2.2494101860101012,
  "status": "same_as_normal_no_violations",
  "tail_interval_width": 0.0004700615054940016,
  "total_belief_nodes": 54049,
  "unrestricted_upper_minus_restricted_lower": 0.016784596546607133,
  "upper_objective": 2.2496452167628487,
  "upper_values": [
    2.1914894706998007,
    2.1914894706998007,
    2.6054880798690396,
    2.12642533790885,
    2.1914894706998007,
    2.1914894706998007
  ]
}