{
  "horizon": 95,
  "lower_objective": 1.8754329199856925,
  "lower_values": [
    1.6671849164192392,
    1.6671849164192392,
    1.8235516924835602,
    1.8235516924835602,
    2.0504482281612546,
    2.2206760739473017
  ],
  "method": "deterministic_joint_state_belief_propagation",
  "objective_estimate": 1.8756679507384388,
  "status": "ok",
  "tail_interval_width": 0.00047006150549266934,
  "total_belief_nodes": 69407,
  "upper_objective": 1.8759029814911852,
  "upper_values": [
    1.6676549779247325,
    1.6676549779247325,
    1.8240217539890533,
    1.8240217539890533,
    2.0509182896667464,
    2.221146135452795
  ]
}