{
  "horizon": 95,
  "lower_objective": 3.1407361434918863,
  "lower_values": [
    3.4833354866825874,
    2.950499412541869,
    2.808229176605971,
    3.1685178858964367,
    3.4833354866825874,
    2.950499412541869
  ],
  "method": "deterministic_joint_state_belief_propagation",
  "objective_estimate": 3.1409711742446476,
  "status": "ok",
  "tail_interval_width": 0.0004700615055224233,
  "total_belief_nodes": 49419,
  "upper_objective": 3.1412062049974088,
  "upper_values": [
    3.48380554818808,
    2.950969474047363,
    2.8086992381116382,
    3.168987947401931,
    3.48380554818808,
    2.950969474047363
  ]
}