iteration	elapsed_seconds	root_lower	root_upper	root_gap
0.0	1.0967254638671875e-5	-99.00000000000004	2.23832164152778	101.23832164152782
1.0	0.0003159046173095703	1.9925757577732692	2.23832164152778	0.24574588375451056
2.0	0.01350092887878418	2.2275239673191516	2.23832164152778	0.010797674208628205
3.0	0.028502941131591797	2.2307193270019052	2.2367344428671907	0.00601511586528547
