{
  "horizon": 95,
  "lower_objective": 1.9507056042604876,
  "lower_values": [
    1.9307618222684277,
    1.802093411571267,
    1.802093411571267,
    1.949991437912915,
    2.269302104326135,
    1.949991437912915
  ],
  "method": "deterministic_joint_state_belief_propagation",
  "objective_estimate": 1.9509406350132354,
  "status": "ok",
  "tail_interval_width": 0.0004700615054953339,
  "total_belief_nodes": 77947,
  "upper_objective": 1.951175665765983,
  "upper_values": [
    1.931231883773923,
    1.8025634730767628,
    1.8025634730767628,
    1.9504614994184084,
    2.269772165831633,
    1.9504614994184084
  ]
}