{
  "horizon": 1224,
  "lower_objective": 46.90206070143033,
  "lower_values": [
    47.077963502092196,
    46.7255423966106,
    47.077963502092196,
    47.077963502092196,
    47.077963502092196,
    46.37496780360264
  ],
  "method": "deterministic_joint_state_belief_propagation",
  "objective_estimate": 46.90231041715126,
  "status": "ok",
  "tail_interval_width": 0.0004994314418524937,
  "total_belief_nodes": 327944,
  "unrestricted_upper_minus_restricted_lower": 4.532722213408498,
  "upper_objective": 46.90256013287218,
  "upper_values": [
    47.078462933534055,
    46.726041828052445,
    47.078462933534055,
    47.078462933534055,
    47.078462933534055,
    46.37546723504446
  ]
}