{
  "horizon": 94,
  "lower_objective": 4.984128266661738,
  "lower_values": [
    5.15783959109297,
    4.801464856310686,
    5.15783959109297,
    5.15783959109297,
    5.15783959109297,
    4.471946379287866
  ],
  "method": "deterministic_joint_state_belief_propagation",
  "objective_estimate": 4.984378166452023,
  "status": "ok",
  "tail_interval_width": 0.0004997995805684496,
  "total_belief_nodes": 12693,
  "unrestricted_upper_minus_restricted_lower": 0.07353612875981685,
  "upper_objective": 4.984628066242307,
  "upper_values": [
    5.158339390673502,
    4.8019646558912195,
    5.158339390673502,
    5.158339390673502,
    5.158339390673502,
    4.472446178868616
  ]
}