{
  "horizon": 95,
  "lower_objective": 4.743780430910917,
  "lower_values": [
    4.918190917078753,
    4.554935245920034,
    4.918190917078753,
    4.918190917078753,
    4.918190917078753,
    4.234983671230453
  ],
  "method": "deterministic_joint_state_belief_propagation",
  "objective_estimate": 4.744025582605168,
  "status": "ok",
  "tail_interval_width": 0.0004903033885046426,
  "total_belief_nodes": 22679,
  "upper_objective": 4.7442707342994215,
  "upper_values": [
    4.918681220467258,
    4.555425549308539,
    4.918681220467258,
    4.918681220467258,
    4.918681220467258,
    4.235473974618956
  ]
}