{
  "horizon": 95,
  "lower_objective": 4.589504349460709,
  "lower_values": [
    4.757518206930806,
    4.410581960053633,
    4.757518206930806,
    4.757518206930806,
    4.757518206930806,
    4.096371308987396
  ],
  "method": "deterministic_joint_state_belief_propagation",
  "objective_estimate": 4.5897495011549845,
  "status": "ok",
  "tail_interval_width": 0.0004903033885508279,
  "total_belief_nodes": 12864,
  "unrestricted_upper_minus_restricted_lower": 0.19861897605142964,
  "upper_objective": 4.58999465284926,
  "upper_values": [
    4.7580085103193115,
    4.411072263442137,
    4.7580085103193115,
    4.7580085103193115,
    4.7580085103193115,
    4.096861612376175
  ]
}