{
  "horizon": 95,
  "lower_objective": 3.4716351130843996,
  "lower_values": [
    4.034983662731343,
    3.3185273799593786,
    3.3185273799593786,
    4.034983662731343,
    2.804261213165577,
    3.3185273799593786
  ],
  "method": "deterministic_joint_state_belief_propagation",
  "objective_estimate": 3.471870143837146,
  "status": "ok",
  "tail_interval_width": 0.00047006150549222525,
  "total_belief_nodes": 26984,
  "upper_objective": 3.472105174589892,
  "upper_values": [
    4.035453724236836,
    3.318997441464871,
    3.318997441464871,
    4.035453724236836,
    2.8047312746710698,
    3.318997441464871
  ]
}