{
  "horizon": 95,
  "lower_objective": 4.454931636259454,
  "lower_values": [
    4.890422874958028,
    4.5204726175138426,
    4.5204726175138426,
    3.9538994163064918,
    3.9538994163064918,
    4.890422874958028
  ],
  "method": "deterministic_joint_state_belief_propagation",
  "objective_estimate": 4.4551666670122145,
  "status": "ok",
  "tail_interval_width": 0.00047006150552064696,
  "total_belief_nodes": 18396,
  "upper_objective": 4.455401697764975,
  "upper_values": [
    4.89089293646352,
    4.520942679019335,
    4.520942679019335,
    3.9543694778120706,
    3.9543694778120706,
    4.89089293646352
  ]
}