{
  "horizon": 95,
  "lower_objective": 4.985578244341594,
  "lower_values": [
    5.1604079212760885,
    4.804743833015594,
    5.1604079212760885,
    5.1604079212760885,
    5.1604079212760885,
    4.4670939479296194
  ],
  "method": "deterministic_joint_state_belief_propagation",
  "objective_estimate": 4.985813275094341,
  "status": "ok",
  "tail_interval_width": 0.00047006150549311343,
  "total_belief_nodes": 31441,
  "upper_objective": 4.9860483058470875,
  "upper_values": [
    5.1608779827815825,
    4.805213894521087,
    5.1608779827815825,
    5.1608779827815825,
    5.1608779827815825,
    4.46756400943511
  ]
}