{
  "horizon": 95,
  "lower_objective": 2.681356321754019,
  "lower_values": [
    2.6899426847662173,
    2.6899426847662173,
    2.6899426847662173,
    2.92611780259748,
    2.4022493888617644,
    2.6899426847662173
  ],
  "method": "deterministic_joint_state_belief_propagation",
  "objective_estimate": 2.681591352506765,
  "status": "ok",
  "tail_interval_width": 0.00047006150549222525,
  "total_belief_nodes": 27533,
  "upper_objective": 2.6818263832595113,
  "upper_values": [
    2.69041274627171,
    2.69041274627171,
    2.69041274627171,
    2.926587864102973,
    2.402719450367257,
    2.69041274627171
  ]
}