{
  "action_encoding": {
    "formula": "action = prescription_index * n_receiver_actions + receiver_action",
    "solver_jpo_action_offset": 1,
    "state_zero_bit": "most_significant"
  },
  "bounds": {
    "gap": 6.6574640279744415,
    "lower_objective": 44.85666166382653,
    "lower_values": [
      45.02140658820958,
      44.70925187712158,
      45.02140658820958,
      45.02140658820958,
      45.02140658820958,
      44.345091752999274
    ],
    "root_gap": 6.662021328668726,
    "root_lower_objective": 44.85666166382653,
    "root_upper_objective": 51.51868299249525,
    "upper_objective": 51.51412569180097,
    "upper_values": [
      51.66293203479336,
      51.43961574932605,
      51.842118741392895,
      51.59926910984732,
      51.55415159976283,
      50.986666915683415
    ]
  },
  "initialization": {
    "initial_beliefs": [
      [
        1.0,
        0.0,
        0.0,
        0.0,
        0.0,
        0.0
      ],
      [
        0.0,
        1.0,
        0.0,
        0.0,
        0.0,
        0.0
      ],
      [
        0.0,
        0.0,
        1.0,
        0.0,
        0.0,
        0.0
      ],
      [
        0.0,
        0.0,
        0.0,
        1.0,
        0.0,
        0.0
      ],
      [
        0.0,
        0.0,
        0.0,
        0.0,
        1.0,
        0.0
      ],
      [
        0.0,
        0.0,
        0.0,
        0.0,
        0.0,
        1.0
      ]
    ],
    "initial_weights": [
      0.16666666666666666,
      0.16666666666666666,
      0.16666666666666666,
      0.16666666666666666,
      0.16666666666666666,
      0.16666666666666666
    ],
    "kind": "single synthetic root revealing a uniformly sampled physical state",
    "root_value_scale": "V_root / gamma, gamma=0.99"
  },
  "model": {
    "beta": 0.1,
    "epsilon": 0.020000000000000004,
    "gamma": 0.99,
    "mdp_density": 0.5,
    "mdp_seed": 1111,
    "mdp_sha256": "580f9fa806b22e34e0f0d1010a1012409199158e69e3f71c129e1c5119fb8d6a",
    "n_jpo_actions": 128,
    "n_prescriptions": 64,
    "n_receiver_actions": 2,
    "n_states": 6
  },
  "runtime": {
    "julia": "1.12.6",
    "native_sarsop": "0.1.4",
    "pomdp_tools": "1.1.0",
    "pomdps": "1.0.0"
  },
  "solver": {
    "delta": 0.0001,
    "export_beliefs": false,
    "initial_bound_max_time": 30.0,
    "initial_bound_residual": 1e-08,
    "initial_upper_bound": "fully_observable",
    "kappa": 0.5,
    "max_steps": 1000000,
    "max_time": 500.0,
    "precision": 0.01,
    "prune_threshold": 0.1,
    "search_epsilon": 0.01,
    "use_binning": true
  },
  "training": {
    "alpha_count": 5,
    "belief_count": 8262451,
    "elapsed_seconds": 562.6327221393585,
    "history": [
      {
        "elapsed_seconds": 1.3113021850585938e-05,
        "initial_gap": 10151.685969110493,
        "initial_lower_objective": -10099.999999999984,
        "initial_upper_objective": 51.68596911050958,
        "iteration": 0,
        "root_gap": 10050.169109419388,
        "root_lower": -9998.999999999984,
        "root_upper": 51.169109419404485
      },
      {
        "elapsed_seconds": 0.00033593177795410156,
        "initial_gap": 26.711134436216597,
        "initial_lower_objective": 24.974834674292985,
        "initial_upper_objective": 51.68596911050958,
        "iteration": 1,
        "root_gap": 26.44402309185443,
        "root_lower": 24.725086327550056,
        "root_upper": 51.169109419404485
      },
      {
        "elapsed_seconds": 1.5998260974884033,
        "initial_gap": 19.636169150967373,
        "initial_lower_objective": 32.049799959542206,
        "initial_upper_objective": 51.68596911050958,
        "iteration": 2,
        "root_gap": 19.4398074594577,
        "root_lower": 31.729301959946785,
        "root_upper": 51.169109419404485
      },
      {
        "elapsed_seconds": 5.793313026428223,
        "initial_gap": 18.78539976821995,
        "initial_lower_objective": 32.88445686281145,
        "initial_upper_objective": 51.6698566310314,
        "iteration": 3,
        "root_gap": 18.59754577053775,
        "root_lower": 32.555612294183334,
        "root_upper": 51.15315806472108
      },
      {
        "elapsed_seconds": 12.996567010879517,
        "initial_gap": 14.877569946700191,
        "initial_lower_objective": 36.75348778919889,
        "initial_upper_objective": 51.631057735899084,
        "iteration": 4,
        "root_gap": 14.72879424723319,
        "root_lower": 36.3859529113069,
        "root_upper": 51.11474715854009
      },
      {
        "elapsed_seconds": 21.348047971725464,
        "initial_gap": 14.660470302424377,
        "initial_lower_objective": 36.94187025088019,
        "initial_upper_objective": 51.60234055330457,
        "iteration": 5,
        "root_gap": 14.513865599400134,
        "root_lower": 36.57245154837139,
        "root_upper": 51.086317147771524
      },
      {
        "elapsed_seconds": 30.639747142791748,
        "initial_gap": 13.471648225297857,
        "initial_lower_objective": 38.130518208524876,
        "initial_upper_objective": 51.60216643382273,
        "iteration": 6,
        "root_gap": 13.336931743044879,
        "root_lower": 37.74921302643963,
        "root_upper": 51.086144769484505
      },
      {
        "elapsed_seconds": 45.22657799720764,
        "initial_gap": 11.969493885229365,
        "initial_lower_objective": 39.59121322564211,
        "initial_upper_objective": 51.560707110871476,
        "iteration": 7,
        "root_gap": 11.84979894637707,
        "root_lower": 39.19530109338569,
        "root_upper": 51.04510003976276
      },
      {
        "elapsed_seconds": 58.30633306503296,
        "initial_gap": 10.92560449779033,
        "initial_lower_objective": 40.62073644914911,
        "initial_upper_objective": 51.546340946939445,
        "iteration": 8,
        "root_gap": 10.816348452812427,
        "root_lower": 40.21452908465762,
        "root_upper": 51.03087753747005
      },
      {
        "elapsed_seconds": 72.2329740524292,
        "initial_gap": 10.506859534402281,
        "initial_lower_objective": 41.03651245868015,
        "initial_upper_objective": 51.54337199308243,
        "iteration": 9,
        "root_gap": 10.401790939058259,
        "root_lower": 40.626147334093346,
        "root_upper": 51.027938273151605
      },
      {
        "elapsed_seconds": 88.79763412475586,
        "initial_gap": 10.037477640481214,
        "initial_lower_objective": 41.50570267301764,
        "initial_upper_objective": 51.54318031349885,
        "iteration": 10,
        "root_gap": 9.937102864076401,
        "root_lower": 41.09064564628746,
        "root_upper": 51.027748510363864
      },
      {
        "elapsed_seconds": 105.74812602996826,
        "initial_gap": 9.884915928660838,
        "initial_lower_objective": 41.65820219556788,
        "initial_upper_objective": 51.54311812422872,
        "iteration": 11,
        "root_gap": 9.78606676937423,
        "root_lower": 41.241620173612205,
        "root_upper": 51.027686942986435
      },
      {
        "elapsed_seconds": 126.5488760471344,
        "initial_gap": 9.472274083940128,
        "initial_lower_objective": 42.07063791925243,
        "initial_upper_objective": 51.542912003192555,
        "iteration": 12,
        "root_gap": 9.377551343100727,
        "root_lower": 41.6499315400599,
        "root_upper": 51.02748288316063
      },
      {
        "elapsed_seconds": 150.4261360168457,
        "initial_gap": 9.330352016029455,
        "initial_lower_objective": 42.21249779789297,
        "initial_upper_objective": 51.54284981392242,
        "iteration": 13,
        "root_gap": 9.23704849586916,
        "root_lower": 41.79037281991404,
        "root_upper": 51.0274213157832
      },
      {
        "elapsed_seconds": 178.16444396972656,
        "initial_gap": 8.915964821475795,
        "initial_lower_objective": 42.62682671080678,
        "initial_upper_objective": 51.54279153228257,
        "iteration": 14,