{
  "horizon": 95,
  "lower_objective": 3.4540157532584272,
  "lower_values": [
    3.658958249495527,
    3.658958249495527,
    3.203150008621887,
    3.3409197538202076,
    3.658958249495527,
    3.203150008621887
  ],
  "method": "deterministic_joint_state_belief_propagation",
  "objective_estimate": 3.4542507840111734,
  "status": "ok",
  "tail_interval_width": 0.00047006150549311343,
  "total_belief_nodes": 42082,
  "upper_objective": 3.4544858147639204,
  "upper_values": [
    3.6594283110010193,
    3.6594283110010193,
    3.203620070127381,
    3.3413898153257007,
    3.6594283110010193,
    3.203620070127381
  ]
}