{
  "action_encoding": {
    "formula": "action = prescription_index * n_receiver_actions + receiver_action",
    "solver_jpo_action_offset": 1,
    "state_zero_bit": "most_significant"
  },
  "bounds": {
    "gap": 4.650388295552311,
    "lower_objective": 46.72767896286149,
    "lower_values": [
      46.89706748862783,
      46.54852919130665,
      46.904086451772855,
      46.89706748862783,
      46.904086451772855,
      46.215236705060924
    ],
    "root_gap": 4.658225216256554,
    "root_lower_objective": 46.72767896287252,
    "root_upper_objective": 51.38590417912907,
    "upper_objective": 51.3780672584138,
    "upper_values": [
      51.380135830253366,
      51.413913931987686,
      51.83327945567861,
      51.49153656320112,
      51.36286680826397,
      50.78667096109804
    ]
  },
  "initialization": {
    "initial_beliefs": [
      [
        1.0,
        0.0,
        0.0,
        0.0,
        0.0,
        0.0
      ],
      [
        0.0,
        1.0,
        0.0,
        0.0,
        0.0,
        0.0
      ],
      [
        0.0,
        0.0,
        1.0,
        0.0,
        0.0,
        0.0
      ],
      [
        0.0,
        0.0,
        0.0,
        1.0,
        0.0,
        0.0
      ],
      [
        0.0,
        0.0,
        0.0,
        0.0,
        1.0,
        0.0
      ],
      [
        0.0,
        0.0,
        0.0,
        0.0,
        0.0,
        1.0
      ]
    ],
    "initial_weights": [
      0.16666666666666666,
      0.16666666666666666,
      0.16666666666666666,
      0.16666666666666666,
      0.16666666666666666,
      0.16666666666666666
    ],
    "kind": "single synthetic root revealing a uniformly sampled physical state",
    "root_value_scale": "V_root / gamma, gamma=0.99"
  },
  "model": {
    "beta": 0.15,
    "epsilon": 0.020000000000000004,
    "gamma": 0.99,
    "mdp_density": 0.5,
    "mdp_seed": 1111,
    "mdp_sha256": "580f9fa806b22e34e0f0d1010a1012409199158e69e3f71c129e1c5119fb8d6a",
    "n_jpo_actions": 128,
    "n_prescriptions": 64,
    "n_receiver_actions": 2,
    "n_states": 6
  },
  "runtime": {
    "julia": "1.12.6",
    "native_sarsop": "0.1.4",
    "pomdp_tools": "1.1.0",
    "pomdps": "1.0.0"
  },
  "solver": {
    "delta": 0.0001,
    "export_beliefs": false,
    "initial_bound_max_time": 30.0,
    "initial_bound_residual": 1e-08,
    "initial_upper_bound": "fully_observable",
    "kappa": 0.5,
    "max_steps": 1000000,
    "max_time": 500.0,
    "precision": 0.01,
    "prune_threshold": 0.1,
    "search_epsilon": 0.01,
    "use_binning": true
  },
  "training": {
    "alpha_count": 6,
    "belief_count": 7823593,
    "elapsed_seconds": 560.9206628799438,
    "history": [
      {
        "elapsed_seconds": 9.059906005859375e-06,
        "initial_gap": 10151.685969110493,
        "initial_lower_objective": -10099.999999999984,
        "initial_upper_objective": 51.68596911050958,
        "iteration": 0,
        "root_gap": 10050.169109419388,
        "root_lower": -9998.999999999984,
        "root_upper": 51.169109419404485
      },
      {
        "elapsed_seconds": 0.0003349781036376953,
        "initial_gap": 26.711134436216597,
        "initial_lower_objective": 24.974834674292985,
        "initial_upper_objective": 51.68596911050958,
        "iteration": 1,
        "root_gap": 26.44402309185443,
        "root_lower": 24.725086327550056,
        "root_upper": 51.169109419404485
      },
      {
        "elapsed_seconds": 1.411111831665039,
        "initial_gap": 18.55884752455892,
        "initial_lower_objective": 33.12712158595066,
        "initial_upper_objective": 51.68596911050958,
        "iteration": 2,
        "root_gap": 18.373259049313333,
        "root_lower": 32.79585037009115,
        "root_upper": 51.169109419404485
      },
      {
        "elapsed_seconds": 5.305904865264893,
        "initial_gap": 17.358790034215968,
        "initial_lower_objective": 34.30547292708439,
        "initial_upper_objective": 51.66426296130035,
        "iteration": 3,
        "root_gap": 17.18520213387381,
        "root_lower": 33.96241819781354,
        "root_upper": 51.14762033168735
      },
      {
        "elapsed_seconds": 13.341172933578491,
        "initial_gap": 12.527253665435515,
        "initial_lower_objective": 39.08662636951956,
        "initial_upper_objective": 51.61388003495507,
        "iteration": 4,
        "root_gap": 12.40198112878116,
        "root_lower": 38.69576010582436,
        "root_upper": 51.09774123460552
      },
      {
        "elapsed_seconds": 22.21949791908264,
        "initial_gap": 11.198656840503293,
        "initial_lower_objective": 40.372205874558645,
        "initial_upper_objective": 51.57086271506194,
        "iteration": 5,
        "root_gap": 11.08667027209826,
        "root_lower": 39.96848381581306,
        "root_upper": 51.05515408791132
      },
      {
        "elapsed_seconds": 36.44824194908142,
        "initial_gap": 11.091274388627182,
        "initial_lower_objective": 40.4610740120674,
        "initial_upper_objective": 51.552348400694584,
        "iteration": 6,
        "root_gap": 10.98036164474091,
        "root_lower": 40.056463271946726,
        "root_upper": 51.036824916687635
      },
      {
        "elapsed_seconds": 50.53037786483765,
        "initial_gap": 10.443945463062278,
        "initial_lower_objective": 41.10369048915851,
        "initial_upper_objective": 51.54763595222079,
        "iteration": 7,
        "root_gap": 10.339506008431655,
        "root_lower": 40.69265358426692,
        "root_upper": 51.03215959269858
      },
      {
        "elapsed_seconds": 69.61630392074585,
        "initial_gap": 8.26669850319071,
        "initial_lower_objective": 43.256222915149905,
        "initial_upper_objective": 51.522921418340616,
        "iteration": 8,
        "root_gap": 8.184031518158804,
        "root_lower": 42.823660685998405,
        "root_upper": 51.00769220415721
      },
      {
        "elapsed_seconds": 93.00369596481323,
        "initial_gap": 8.202889845790407,
        "initial_lower_objective": 43.31057445162643,
        "initial_upper_objective": 51.51346429741684,
        "iteration": 9,
        "root_gap": 8.120860947332503,
        "root_lower": 42.87746870711017,
        "root_upper": 50.99832965444267
      },
      {
        "elapsed_seconds": 120.89471101760864,
        "initial_gap": 7.892232375268944,
        "initial_lower_objective": 43.61089526967427,
        "initial_upper_objective": 51.50312764494322,
        "iteration": 10,
        "root_gap": 7.813310051516254,
        "root_lower": 43.17478631697753,
        "root_upper": 50.988096368493785
      },
      {
        "elapsed_seconds": 145.4249939918518,
        "initial_gap": 6.8424868605558276,
        "initial_lower_objective": 44.611934511813594,
        "initial_upper_objective": 51.454421372369424,
        "iteration": 11,
        "root_gap": 6.774061991950269,
        "root_lower": 44.16581516669546,
        "root_upper": 50.93987715864573
      },
      {
        "elapsed_seconds": 174.35893988609314,
        "initial_gap": 6.703234883196608,
        "initial_lower_objective": 44.74309758177187,
        "initial_upper_objective": 51.44633246496848,
        "iteration": 12,
        "root_gap": 6.636202534364642,
        "root_lower": 44.29566660595415,
        "root_upper": 50.931869140318796
      },
      {
        "elapsed_seconds": 210.67451882362366,
        "initial_gap": 6.562145622757025,
        "initial_lower_objective": 44.88337055709946,
        "initial_upper_objective": 51.44551617985648,
        "iteration": 13,
        "root_gap": 6.496524166529454,
        "root_lower": 44.43453685152846,
        "root_upper": 50.93106101805792
      },
      {
        "elapsed_seconds": 236.6761338710785,
        "initial_gap": 6.473549679236361,
        "initial_lower_objective": 44.962988008509456,
        "initial_upper_objective": 51.43653768774581,
        "iteration": 14,