{
  "alpha_vector_count": 5,
  "analysis_discounted_tail_bound": 9.67774912024056e-09,
  "analysis_horizon": 197,
  "analysis_total_belief_nodes": 7769,
  "beta": 0.0,
  "beta_index": 0,
  "discounted_transmission_occupancy": 3.275685253926822,
  "epsilon": 0.06000000000000001,
  "epsilon_index": 5,
  "gamma": 0.9,
  "gamma_index": 0,
  "index": 5,
  "margin": -0.5076000000000002,
  "margin_region": "m<0",
  "mdp_seed": 1111,
  "normal_minus_restricted_lower": 0.042338827039644755,
  "normal_minus_restricted_upper": 0.04333842620074968,
  "normal_minus_restricted_value": 0.042838626620198106,
  "normal_policy_horizon": 94,
  "normal_policy_interval_width": 0.0004997995805338107,
  "normal_policy_lower_bound": 5.0758315284009,
  "normal_policy_total_belief_nodes": 21088,
  "normal_policy_upper_bound": 5.076331327981434,
  "normal_policy_value": 5.076081428191167,
  "point_id": "g0_b00_e05",
  "restricted_lower_bound_status": "ok",
  "restricted_policy_horizon": 94,
  "restricted_policy_interval_width": 0.0004997995805711142,
  "restricted_policy_lower_bound": 5.032992901780684,
  "restricted_policy_total_belief_nodes": 12683,
  "restricted_policy_upper_bound": 5.033492701361255,
  "reused_solver_checkpoint": false,
  "root_gap": 0.01010966321908471,
  "sampled_belief_count": 4722691,
  "sarsop_gap": 0.010013318542569039,
  "sarsop_lower_bound": 5.076087166195982,
  "sarsop_upper_bound": 5.086100484738551,
  "solver_elapsed_seconds": 232.50080108642578,
  "solver_iterations": 179,
  "solver_stop_reason": "precision",
  "status": "ok",
  "unrestricted_upper_minus_restricted_lower": 0.05310758295786666,
  "violation_count": 40,
  "violation_discounted_event_occupancy": 1.4314782442508809,
  "violation_first_depth_max": 17,
  "violation_first_depth_min": 0
}