{
  "horizon": 95,
  "lower_objective": 2.074887653523419,
  "lower_values": [
    2.418673204439124,
    3.20922076953973,
    2.1100271972982036,
    1.3006887762826271,
    1.3006887762826271,
    2.1100271972982036
  ],
  "method": "deterministic_joint_state_belief_propagation",
  "objective_estimate": 2.0751226842761654,
  "status": "ok",
  "tail_interval_width": 0.00047006150549311343,
  "total_belief_nodes": 78022,
  "upper_objective": 2.075357715028912,
  "upper_values": [
    2.4191432659446175,
    3.209690831045223,
    2.1104972588036968,
    1.3011588377881194,
    1.3011588377881194,
    2.1104972588036968
  ]
}