{
  "horizon": 95,
  "lower_objective": 3.473563805057222,
  "lower_values": [
    4.037225330833643,
    3.3203710107994824,
    3.3203710107994824,
    4.037225330833643,
    2.8058191362776026,
    3.3203710107994824
  ],
  "method": "deterministic_joint_state_belief_propagation",
  "objective_estimate": 3.4737988358099696,
  "status": "same_as_normal_no_violations",
  "tail_interval_width": 0.0004700615054953339,
  "total_belief_nodes": 26984,
  "unrestricted_upper_minus_restricted_lower": 0.011158661641079703,
  "upper_objective": 3.4740338665627175,
  "upper_values": [
    4.037695392339137,
    3.3208410723049777,
    3.3208410723049777,
    4.037695392339137,
    2.8062891977830966,
    3.3208410723049777
  ]
}