{
  "horizon": 1224,
  "lower_objective": 47.99425737276462,
  "lower_values": [
    48.17037851674135,
    47.82219819375668,
    48.17037851674135,
    48.17037851674135,
    48.17037851674135,
    47.46183197586568
  ],
  "method": "deterministic_joint_state_belief_propagation",
  "objective_estimate": 47.9945070884857,
  "status": "ok",
  "tail_interval_width": 0.000499431442158027,
  "total_belief_nodes": 556920,
  "upper_objective": 47.99475680420678,
  "upper_values": [
    48.17087794818312,
    47.8226976251984,
    48.17087794818312,
    48.17087794818312,
    48.17087794818312,
    47.46233140730981
  ]
}