{
  "horizon": 96,
  "lower_objective": 4.662764016091286,
  "lower_values": [
    4.836823765485412,
    4.472177385173633,
    4.836823765485412,
    4.836823765485412,
    4.836823765485412,
    4.157111649432435
  ],
  "method": "deterministic_joint_state_belief_propagation",
  "objective_estimate": 4.662993761463468,
  "status": "ok",
  "tail_interval_width": 0.0004594907443644658,
  "total_belief_nodes": 36856,
  "upper_objective": 4.66322350683565,
  "upper_values": [
    4.837283256229776,
    4.472636875917996,
    4.837283256229776,
    4.837283256229776,
    4.837283256229776,
    4.157571140176802
  ]
}