{
  "horizon": 95,
  "lower_objective": 4.437180746009304,
  "lower_values": [
    4.873800599565396,
    4.505830978623303,
    4.505830978623303,
    3.931910659839214,
    3.931910659839214,
    4.873800599565396
  ],
  "method": "deterministic_joint_state_belief_propagation",
  "objective_estimate": 4.437415776762066,
  "status": "same_as_normal_no_violations",
  "tail_interval_width": 0.0004700615055224233,
  "total_belief_nodes": 19542,
  "unrestricted_upper_minus_restricted_lower": 0.011197296372262855,
  "upper_objective": 4.437650807514826,
  "upper_values": [
    4.874270661070888,
    4.506301040128796,
    4.506301040128796,
    3.9323807213447974,
    3.9323807213447974,
    4.874270661070888
  ]
}