{
  "horizon": 95,
  "lower_objective": 3.939494382460307,
  "lower_values": [
    4.427464781073836,
    3.3432171267679562,
    4.427464781073836,
    4.427464781073836,
    3.3432171267679562,
    3.6681376980044225
  ],
  "method": "deterministic_joint_state_belief_propagation",
  "objective_estimate": 3.939729413213054,
  "status": "ok",
  "tail_interval_width": 0.0004700615054935575,
  "total_belief_nodes": 37916,
  "upper_objective": 3.9399644439658004,
  "upper_values": [
    4.42793484257933,
    3.3436871882734494,
    4.42793484257933,
    4.42793484257933,
    3.3436871882734494,
    3.6686077595099147
  ]
}