{
  "horizon": 95,
  "lower_objective": 3.856103231772403,
  "lower_values": [
    4.338824995057035,
    3.2676253395160244,
    4.338824995057035,
    4.338824995057035,
    3.2676253395160244,
    3.584893726431268
  ],
  "method": "deterministic_joint_state_belief_propagation",
  "objective_estimate": 3.856338262525199,
  "status": "ok",
  "tail_interval_width": 0.00047006150559170123,
  "total_belief_nodes": 21216,
  "unrestricted_upper_minus_restricted_lower": 0.18110719718063883,
  "upper_objective": 3.856573293277995,
  "upper_values": [
    4.339295056562524,
    3.268095401021718,
    4.339295056562524,
    4.339295056562524,
    3.268095401021718,
    3.5853637879369606
  ]
}