{
  "alpha_vector_count": 13,
  "analysis_discounted_tail_bound": 9.67774912024056e-09,
  "analysis_horizon": 197,
  "analysis_total_belief_nodes": 15222,
  "beta": 0.05,
  "candidate_index": 45,
  "discounted_transmission_occupancy": 2.6149166933732477,
  "epsilon": 0.09000000000000001,
  "epsilon_index": 8,
  "gamma": 0.9,
  "index": 458,
  "margin": -0.6871000000000003,
  "margin_region": "m<0",
  "mdp_seed": 20617211,
  "normal_minus_restricted_lower": 0.082921089182312,
  "normal_minus_restricted_upper": 0.08386121219339726,
  "normal_minus_restricted_value": 0.08339115068785485,
  "normal_policy_horizon": 95,
  "normal_policy_interval_width": 0.0004700615054935575,
  "normal_policy_lower_bound": 3.939494382460307,
  "normal_policy_total_belief_nodes": 37916,
  "normal_policy_upper_bound": 3.9399644439658004,
  "normal_policy_value": 3.939729413213054,
  "point_id": "seed_20617211_e08",
  "restricted_policy_horizon": 95,
  "restricted_policy_interval_width": 0.00047006150559170123,
  "restricted_policy_lower_bound": 3.856103231772403,
  "restricted_policy_status": "ok",
  "restricted_policy_total_belief_nodes": 21216,
  "restricted_policy_upper_bound": 3.856573293277995,
  "restricted_policy_value": 3.856338262525199,
  "reused_solver_checkpoint": false,
  "root_gap": 0.09754447758559998,
  "sampled_belief_count": 4728109,
  "sarsop_gap": 0.09751158668565241,
  "sarsop_gap_within_acceptance_threshold": true,
  "sarsop_lower_bound": 3.9396988422673895,
  "sarsop_upper_bound": 4.037210428953042,
  "solver_elapsed_seconds": 604.5293319225311,
  "solver_iterations": 216,
  "solver_stop_reason": "max_time",
  "status": "ok",
  "violation_count": 123,
  "violation_discounted_event_occupancy": 0.7980860990946418,
  "violation_first_depth_max": 42,
  "violation_first_depth_min": 1
}