{
  "horizon": 94,
  "lower_objective": 5.082173991506836,
  "lower_values": [
    5.256883818333316,
    4.903506851090614,
    5.256883818333316,
    5.256883818333316,
    5.256883818333316,
    4.562001824617137
  ],
  "method": "deterministic_joint_state_belief_propagation",
  "objective_estimate": 5.082423891297103,
  "status": "ok",
  "tail_interval_width": 0.0004997995805346989,
  "total_belief_nodes": 52101,
  "unrestricted_upper_minus_restricted_lower": 0.032396070696928625,
  "upper_objective": 5.0826737910873705,
  "upper_values": [
    5.257383617913851,
    4.904006650671149,
    5.257383617913851,
    5.257383617913851,
    5.257383617913851,
    4.562501624197673
  ]
}