iteration	elapsed_seconds	root_lower	root_upper	root_gap
0.0	9.059906005859375e-6	-99.00000000000004	3.3712827826885507	102.3712827826886
1.0	0.0004038810729980469	3.371282629256795	3.3712827826885507	1.5343175574500378e-7
