{
  "horizon": 95,
  "lower_objective": 2.2518970056265712,
  "lower_values": [
    2.1937405431300934,
    2.1937405431300934,
    2.607709570681456,
    2.128710290557598,
    2.1937405431300934,
    2.1937405431300934
  ],
  "method": "deterministic_joint_state_belief_propagation",
  "objective_estimate": 2.252132036379318,
  "status": "same_as_normal_no_violations",
  "tail_interval_width": 0.00047006150549266934,
  "total_belief_nodes": 54049,
  "unrestricted_upper_minus_restricted_lower": 0.011035072261577294,
  "upper_objective": 2.252367067132064,
  "upper_values": [
    2.1942106046355856,
    2.1942106046355856,
    2.6081796321869497,
    2.129180352063093,
    2.1942106046355856,
    2.1942106046355856
  ]
}