{
  "action_encoding": {
    "formula": "action = prescription_index * n_receiver_actions + receiver_action",
    "solver_jpo_action_offset": 1,
    "state_zero_bit": "most_significant"
  },
  "bounds": {
    "gap": 0.011044482903687536,
    "lower_objective": 1.3921119198959397,
    "lower_values": [
      1.4857542686315606,
      1.298930888836702,
      1.2984027049905154,
      1.4854266832947858,
      1.2984027049905154,
      1.4857542686315606
    ],
    "root_gap": 0.011044482903687461,
    "root_lower_objective": 1.3921119198959397,
    "root_upper_objective": 1.4031564027996273,
    "upper_objective": 1.4031564027996273,
    "upper_values": [
      1.497449174209191,
      1.309515030432466,
      1.309515030432466,
      1.4968519938457898,
      1.3097629342281805,
      1.49584425364967
    ]
  },
  "initialization": {
    "initial_beliefs": [
      [
        1.0,
        0.0,
        0.0,
        0.0,
        0.0,
        0.0
      ],
      [
        0.0,
        1.0,
        0.0,
        0.0,
        0.0,
        0.0
      ],
      [
        0.0,
        0.0,
        1.0,
        0.0,
        0.0,
        0.0
      ],
      [
        0.0,
        0.0,
        0.0,
        1.0,
        0.0,
        0.0
      ],
      [
        0.0,
        0.0,
        0.0,
        0.0,
        1.0,
        0.0
      ],
      [
        0.0,
        0.0,
        0.0,
        0.0,
        0.0,
        1.0
      ]
    ],
    "initial_weights": [
      0.16666666666666666,
      0.16666666666666666,
      0.16666666666666666,
      0.16666666666666666,
      0.16666666666666666,
      0.16666666666666666
    ],
    "kind": "single synthetic root revealing a uniformly sampled physical state",
    "root_value_scale": "V_root / gamma, gamma=0.9"
  },
  "model": {
    "beta": 0.05,
    "epsilon": 0.01,
    "gamma": 0.9,
    "mdp_density": 0.5,
    "mdp_seed": 1008468227,
    "mdp_sha256": "55e2e8deed69202388342519dd29911a6ff812609e12dd28ebbfc1d37a0f00d6",
    "n_jpo_actions": 128,
    "n_prescriptions": 64,
    "n_receiver_actions": 2,
    "n_states": 6
  },
  "runtime": {
    "julia": "1.12.6",
    "native_sarsop": "0.1.4",
    "pomdp_tools": "1.1.0",
    "pomdps": "1.0.0"
  },
  "solver": {
    "delta": 0.0001,
    "export_beliefs": false,
    "initial_bound_max_time": 30.0,
    "initial_bound_residual": 1e-08,
    "initial_upper_bound": "fully_observable",
    "kappa": 0.5,
    "max_steps": 1000000,
    "max_time": 600.0,
    "precision": 0.01,
    "prune_threshold": 0.1,
    "search_epsilon": 0.01,
    "use_binning": true
  },
  "training": {
    "alpha_count": 5,
    "belief_count": 236587,
    "elapsed_seconds": 0.3139770030975342,
    "history": [
      {
        "elapsed_seconds": 5.9604644775390625e-06,
        "initial_gap": 111.40968629885703,
        "initial_lower_objective": -110.00000000000004,
        "initial_upper_objective": 1.4096862988569796,
        "iteration": 0,
        "root_gap": 100.26871766897132,
        "root_lower": -99.00000000000004,
        "root_upper": 1.2687176689712816
      },
      {
        "elapsed_seconds": 0.00019407272338867188,
        "initial_gap": 0.4232143597412975,
        "initial_lower_objective": 0.986471939115682,
        "initial_upper_objective": 1.4096862988569796,
        "iteration": 1,
        "root_gap": 0.38089292376716777,
        "root_lower": 0.8878247452041138,
        "root_upper": 1.2687176689712816
      },
      {
        "elapsed_seconds": 0.009001970291137695,
        "initial_gap": 0.04079853211262573,
        "initial_lower_objective": 1.3688877667443538,
        "initial_upper_objective": 1.4096862988569796,
        "iteration": 2,
        "root_gap": 0.036718678901363155,
        "root_lower": 1.2319989900699184,
        "root_upper": 1.2687176689712816
      },
      {
        "elapsed_seconds": 0.025829076766967773,
        "initial_gap": 0.03157382266921107,
        "initial_lower_objective": 1.3766496293886599,
        "initial_upper_objective": 1.408223452057871,
        "iteration": 3,
        "root_gap": 0.028416440402289966,
        "root_lower": 1.2389846664497939,
        "root_upper": 1.2674011068520838
      },
      {
        "elapsed_seconds": 0.027081966400146484,
        "initial_gap": 0.02073439957987835,
        "initial_lower_objective": 1.3855905526290013,
        "initial_upper_objective": 1.4063249522088797,
        "iteration": 4,
        "root_gap": 0.018660959621890516,
        "root_lower": 1.2470314973661012,
        "root_upper": 1.2656924569879917
      },
      {
        "elapsed_seconds": 0.04987311363220215,
        "initial_gap": 0.016675801513205257,
        "initial_lower_objective": 1.3878366482174413,
        "initial_upper_objective": 1.4045124497306465,
        "iteration": 5,
        "root_gap": 0.015008221361884733,
        "root_lower": 1.2490529833956971,
        "root_upper": 1.2640612047575819
      },
      {
        "elapsed_seconds": 0.05150413513183594,
        "initial_gap": 0.014049603565313706,
        "initial_lower_objective": 1.3904628461653328,
        "initial_upper_objective": 1.4045124497306465,
        "iteration": 6,
        "root_gap": 0.012644643208782336,
        "root_lower": 1.2514165615487995,
        "root_upper": 1.2640612047575819
      },
      {
        "elapsed_seconds": 0.06359100341796875,
        "initial_gap": 0.013442141256953593,
        "initial_lower_objective": 1.3910703084736928,
        "initial_upper_objective": 1.4045124497306465,
        "iteration": 7,
        "root_gap": 0.012097927131258235,
        "root_lower": 1.2519632776263236,
        "root_upper": 1.2640612047575819
      },
      {
        "elapsed_seconds": 0.07308697700500488,
        "initial_gap": 0.012960855110340199,
        "initial_lower_objective": 1.391296031586489,
        "initial_upper_objective": 1.4042568866968292,
        "iteration": 8,
        "root_gap": 0.01166476959930618,
        "root_lower": 1.2521664284278402,
        "root_upper": 1.2638311980271464
      },
      {
        "elapsed_seconds": 0.08866000175476074,
        "initial_gap": 0.012588633473958765,
        "initial_lower_objective": 1.3913131601284865,
        "initial_upper_objective": 1.4039017936024452,
        "iteration": 9,
        "root_gap": 0.011329770126562888,
        "root_lower": 1.2521818441156378,
        "root_upper": 1.2635116142422007
      },
      {
        "elapsed_seconds": 0.09043407440185547,
        "initial_gap": 0.011464133472315218,
        "initial_lower_objective": 1.3919146103363926,
        "initial_upper_objective": 1.4033787438087078,
        "iteration": 10,
        "root_gap": 0.010317720125083696,
        "root_lower": 1.2527231493027533,
        "root_upper": 1.263040869427837
      },
      {
        "elapsed_seconds": 0.09671998023986816,
        "initial_gap": 0.01133543559920532,
        "initial_lower_objective": 1.3920433082095025,
        "initial_upper_objective": 1.4033787438087078,
        "iteration": 11,
        "root_gap": 0.010201892039284788,
        "root_lower": 1.2528389773885522,
        "root_upper": 1.263040869427837
      },
      {
        "elapsed_seconds": 0.17922210693359375,
        "initial_gap": 0.011274928578755993,
        "initial_lower_objective": 1.3921038152299519,
        "initial_upper_objective": 1.4033787438087078,
        "iteration": 12,
        "root_gap": 0.010147435720880393,
        "root_lower": 1.2528934337069566,
        "root_upper": 1.263040869427837
      },
      {
        "elapsed_seconds": 0.183319091796875,
        "initial_gap": 0.011272252519291598,
        "initial_lower_objective": 1.392106491289416,
        "initial_upper_objective": 1.4033787438087078,
        "iteration": 13,
        "root_gap": 0.010145027267362439,
        "root_lower": 1.2528958421604746,
        "root_upper": 1.263040869427837
      },
      {
        "elapsed_seconds": 0.18912601470947266,
        "initial_gap": 0.011270004392562871,