{
  "beta": 0.15,
  "beta_index": 3,
  "betas": [
    0.0,
    0.05,
    0.1,
    0.15
  ],
  "default_workers": 4,
  "density": 0.5,
  "epsilon": 0.08,
  "epsilon_index": 7,
  "epsilons": [
    0.01,
    0.020000000000000004,
    0.030000000000000006,
    0.04000000000000001,
    0.05000000000000001,
    0.06000000000000001,
    0.07,
    0.08,
    0.09000000000000001,
    0.1
  ],
  "expected_points": 40,
  "gamma": 0.9,
  "gamma_index": 0,
  "gammas": [
    0.9
  ],
  "grid_region": "zoom",
  "index": 37,
  "margin": -0.5124000000000002,
  "margin_region": "m<0",
  "mdp_seed": 1111,
  "mdp_type": "cmab-estimation",
  "n_actions": 6,
  "n_states": 6,
  "name": "remote_estimation_grid",
  "point_id": "g0_b03_e07",
  "solver": {
    "analysis_tail_tolerance": 1e-08,
    "delta": 0.0001,
    "export_beliefs": false,
    "initial_bound_max_time": 30.0,
    "initial_bound_residual": 1e-08,
    "initial_upper_bound": "fully_observable",
    "kappa": 0.5,
    "max_belief_nodes": 2000000,
    "max_steps": 1000000,
    "max_time": 500.0,
    "precision": 0.01,
    "prune_threshold": 0.1,
    "search_epsilon": 0.01
  }
}