{
  "horizon": 95,
  "lower_objective": 2.8323868260172542,
  "lower_values": [
    3.068936418066076,
    2.808939074252171,
    3.068936418066076,
    2.597175921866768,
    2.808939074252171,
    2.641394049600265
  ],
  "method": "deterministic_joint_state_belief_propagation",
  "objective_estimate": 2.832621856770001,
  "status": "ok",
  "tail_interval_width": 0.0004700615054935575,
  "total_belief_nodes": 61354,
  "upper_objective": 2.832856887522748,
  "upper_values": [
    3.06940647957157,
    2.8094091357576643,
    3.06940647957157,
    2.5976459833722605,
    2.8094091357576643,
    2.6418641111057584
  ]
}