{
  "horizon": 95,
  "lower_objective": 6.206162106768458,
  "lower_values": [
    6.428343084587512,
    5.689915811848597,
    5.833684490412105,
    6.428343084587512,
    6.428343084587512,
    6.428343084587512
  ],
  "method": "deterministic_joint_state_belief_propagation",
  "objective_estimate": 6.206397137521222,
  "status": "same_as_normal_no_violations",
  "tail_interval_width": 0.00047006150552952874,
  "total_belief_nodes": 3630,
  "unrestricted_upper_minus_restricted_lower": 0.0023142428885201127,
  "upper_objective": 6.206632168273988,
  "upper_values": [
    6.428813146093002,
    5.690385873354198,
    5.834154551917719,
    6.428813146093002,
    6.428813146093002,
    6.428813146093002
  ]
}