iteration	elapsed_seconds	root_lower	root_upper	root_gap
0.0	1.0013580322265625e-5	-99.00000000000004	2.23832164152778	101.23832164152782
1.0	0.00037407875061035156	1.9925757577732692	2.23832164152778	0.24574588375451056
2.0	0.015928030014038086	2.226855214816062	2.23832164152778	0.011466426711717936
3.0	0.037278175354003906	2.230103117217657	2.236583875680731	0.006480758463073943
