{
  "horizon": 95,
  "lower_objective": 5.414955510175616,
  "lower_values": [
    5.140013108355514,
    5.140013108355514,
    5.552426711085668,
    5.552426711085668,
    5.552426711085668,
    5.552426711085668
  ],
  "method": "deterministic_joint_state_belief_propagation",
  "objective_estimate": 5.4151905409283625,
  "status": "same_as_normal_no_violations",
  "tail_interval_width": 0.00047006150549133707,
  "total_belief_nodes": 21944,
  "unrestricted_upper_minus_restricted_lower": 0.010666404874691615,
  "upper_objective": 5.415425571681108,
  "upper_values": [
    5.140483169861008,
    5.140483169861008,
    5.552896772591159,
    5.552896772591159,
    5.552896772591159,
    5.552896772591159
  ]
}