{
  "horizon": 95,
  "lower_objective": 4.791311925684619,
  "lower_values": [
    4.965707808107207,
    4.6045160666718905,
    4.965707808107207,
    4.965707808107207,
    4.965707808107207,
    4.280524255006994
  ],
  "method": "deterministic_joint_state_belief_propagation",
  "objective_estimate": 4.791557077378872,
  "status": "ok",
  "tail_interval_width": 0.000490303388506419,
  "total_belief_nodes": 36376,
  "upper_objective": 4.7918022290731255,
  "upper_values": [
    4.966198111495714,
    4.605006370060397,
    4.966198111495714,
    4.966198111495714,
    4.966198111495714,
    4.281014558395499
  ]
}