{
  "horizon": 95,
  "lower_objective": 3.1887577426119713,
  "lower_values": [
    3.1248774273628666,
    2.986788440784377,
    3.4414525152508113,
    3.013098129660096,
    3.1248774273628666,
    3.4414525152508113
  ],
  "method": "deterministic_joint_state_belief_propagation",
  "objective_estimate": 3.188992773364718,
  "status": "ok",
  "tail_interval_width": 0.00047006150549311343,
  "total_belief_nodes": 74129,
  "upper_objective": 3.1892278041174644,
  "upper_values": [
    3.125347488868358,
    2.98725850228987,
    3.441922576756306,
    3.013568191165589,
    3.125347488868358,
    3.441922576756306
  ]
}