{
  "horizon": 95,
  "lower_objective": 2.338667556469865,
  "lower_values": [
    2.1021781270277167,
    2.30516907154642,
    2.30516907154642,
    2.30516907154642,
    2.7091509256057944,
    2.30516907154642
  ],
  "method": "deterministic_joint_state_belief_propagation",
  "objective_estimate": 2.338902587222611,
  "status": "same_as_normal_no_violations",
  "tail_interval_width": 0.00047006150549133707,
  "total_belief_nodes": 15019,
  "unrestricted_upper_minus_restricted_lower": 0.010995824255853215,
  "upper_objective": 2.3391376179753562,
  "upper_values": [
    2.102648188533209,
    2.3056391330519106,
    2.3056391330519106,
    2.3056391330519106,
    2.7096209871112866,
    2.3056391330519106
  ]
}