{
  "alpha_vector_count": 6,
  "analysis_discounted_tail_bound": 9.67774912024056e-09,
  "analysis_horizon": 197,
  "analysis_total_belief_nodes": 18280,
  "beta": 0.05,
  "candidate_index": 13,
  "discounted_transmission_occupancy": 1.245396995629328,
  "epsilon": 0.08,
  "epsilon_index": 7,
  "gamma": 0.9,
  "index": 137,
  "margin": -0.6124000000000002,
  "margin_region": "m<0",
  "mdp_seed": 1823514311,
  "normal_minus_restricted_lower": 0.04156914933611189,
  "normal_minus_restricted_upper": 0.042509272347100335,
  "normal_minus_restricted_value": 0.042039210841605446,
  "normal_policy_horizon": 95,
  "normal_policy_interval_width": 0.0004700615054948898,
  "normal_policy_lower_bound": 3.853795289470299,
  "normal_policy_total_belief_nodes": 48132,
  "normal_policy_upper_bound": 3.854265350975794,
  "normal_policy_value": 3.854030320223046,
  "point_id": "seed_1823514311_e07",
  "restricted_policy_horizon": 95,
  "restricted_policy_interval_width": 0.0004700615054935575,
  "restricted_policy_lower_bound": 3.8117560786286937,
  "restricted_policy_status": "ok",
  "restricted_policy_total_belief_nodes": 35145,
  "restricted_policy_upper_bound": 3.8122261401341873,
  "restricted_policy_value": 3.8119911093814407,
  "reused_solver_checkpoint": false,
  "root_gap": 0.02199239008710367,
  "sampled_belief_count": 7332361,
  "sarsop_gap": 0.021992390087103963,
  "sarsop_gap_within_acceptance_threshold": true,
  "sarsop_lower_bound": 3.8539944937599024,
  "sarsop_upper_bound": 3.8759868838470064,
  "solver_elapsed_seconds": 600.218731880188,
  "solver_iterations": 414,
  "solver_stop_reason": "max_time",
  "status": "ok",
  "violation_count": 21,
  "violation_discounted_event_occupancy": 0.5822423814877725,
  "violation_first_depth_max": 18,
  "violation_first_depth_min": 0
}