{
  "horizon": 95,
  "lower_objective": 3.6326981058645695,
  "lower_values": [
    3.3762997330501223,
    3.3762997330501223,
    4.130727996019505,
    3.4554045114653418,
    3.3267286655828197,
    4.130727996019505
  ],
  "method": "deterministic_joint_state_belief_propagation",
  "objective_estimate": 3.632933136617315,
  "status": "same_as_normal_no_violations",
  "tail_interval_width": 0.00047006150549222525,
  "total_belief_nodes": 21426,
  "unrestricted_upper_minus_restricted_lower": 0.010799681562221775,
  "upper_objective": 3.6331681673700618,
  "upper_values": [
    3.376769794555615,
    3.376769794555615,
    4.131198057524998,
    3.455874572970835,
    3.327198727088312,
    4.131198057524998
  ]
}