{
  "horizon": 95,
  "lower_objective": 2.2355128626672136,
  "lower_values": [
    2.0262669687994714,
    2.176016068812183,
    2.4938919480957806,
    2.4938919480957806,
    2.1967432734005965,
    2.0262669687994714
  ],
  "method": "deterministic_joint_state_belief_propagation",
  "objective_estimate": 2.23574789341996,
  "status": "ok",
  "tail_interval_width": 0.00047006150549311343,
  "total_belief_nodes": 570,
  "upper_objective": 2.2359829241727067,
  "upper_values": [
    2.0267370303049637,
    2.176486130317675,
    2.4943620096012746,
    2.4943620096012746,
    2.1972133349060887,
    2.0267370303049637
  ]
}