{
  "horizon": 1215,
  "lower_objective": 49.732893714965236,
  "lower_values": [
    49.9156099276257,
    49.55814943803212,
    49.9156099276257,
    49.9156099276257,
    49.9156099276257,
    49.176773141256504
  ],
  "method": "deterministic_joint_state_belief_propagation",
  "objective_estimate": 49.73314244683835,
  "status": "ok",
  "tail_interval_width": 0.0004974637462282772,
  "total_belief_nodes": 720952,
  "upper_objective": 49.733391178711464,
  "upper_values": [
    49.91610739137193,
    49.55864690177835,
    49.91610739137193,
    49.91610739137193,
    49.91610739137193,
    49.17727060500273
  ]
}