{
  "alpha_vector_count": 3,
  "analysis_discounted_tail_bound": 9.90526314525898e-09,
  "analysis_horizon": 2292,
  "analysis_total_belief_nodes": 229087,
  "beta": 0.0,
  "beta_index": 0,
  "discounted_transmission_occupancy": 30.80390661067911,
  "epsilon": 0.1,
  "epsilon_index": 9,
  "gamma": 0.99,
  "gamma_index": 1,
  "index": 49,
  "margin": -8.909999999999993,
  "margin_region": "m<0",
  "mdp_seed": 1111,
  "normal_minus_restricted_lower": 0.0547754796435882,
  "normal_minus_restricted_upper": 0.05577040713604475,
  "normal_minus_restricted_value": 0.055272943389816476,
  "normal_policy_horizon": 1215,
  "normal_policy_interval_width": 0.0004974637462282772,
  "normal_policy_lower_bound": 49.732893714965236,
  "normal_policy_total_belief_nodes": 720952,
  "normal_policy_upper_bound": 49.733391178711464,
  "normal_policy_value": 49.73314244683835,
  "point_id": "g1_b00_e09",
  "restricted_lower_bound_status": "ok",
  "restricted_policy_horizon": 1215,
  "restricted_policy_interval_width": 0.0004974637462282772,
  "restricted_policy_lower_bound": 49.67762077157542,
  "restricted_policy_total_belief_nodes": 720753,
  "restricted_policy_upper_bound": 49.67811823532165,
  "reused_solver_checkpoint": false,
  "root_gap": 10.9551875353433,
  "sampled_belief_count": 9934807,
  "sarsop_gap": 10.948205838921005,
  "sarsop_lower_bound": 40.69801009241538,
  "sarsop_upper_bound": 51.646215931336386,
  "solver_elapsed_seconds": 508.7888288497925,
  "solver_iterations": 25,
  "solver_stop_reason": "max_time",
  "status": "ok",
  "unrestricted_upper_minus_restricted_lower": 1.9685951597609659,
  "violation_count": 3,
  "violation_discounted_event_occupancy": 0.12535748724489795,
  "violation_first_depth_max": 1,
  "violation_first_depth_min": 0
}