{
  "horizon": 95,
  "lower_objective": 4.458451097744535,
  "lower_values": [
    4.893726385462661,
    4.523382496377494,
    4.523382496377494,
    3.9582444113934527,
    3.9582444113934527,
    4.893726385462661
  ],
  "method": "deterministic_joint_state_belief_propagation",
  "objective_estimate": 4.4586861284972965,
  "status": "same_as_normal_no_violations",
  "tail_interval_width": 0.0004700615055233115,
  "total_belief_nodes": 17656,
  "unrestricted_upper_minus_restricted_lower": 0.010398158130013435,
  "upper_objective": 4.458921159250059,
  "upper_values": [
    4.894196446968153,
    4.523852557882985,
    4.523852557882985,
    3.9587144728990364,
    3.9587144728990364,
    4.894196446968153
  ]
}