{
  "horizon": 95,
  "lower_objective": 1.4077483739123988,
  "lower_values": [
    1.3800803655303542,
    1.2870389403192555,
    1.3706132367528399,
    1.3800803655303542,
    1.817344827972191,
    1.2113325073693983
  ],
  "method": "deterministic_joint_state_belief_propagation",
  "objective_estimate": 1.4079834046651456,
  "status": "ok",
  "tail_interval_width": 0.0004700615054933355,
  "total_belief_nodes": 105389,
  "upper_objective": 1.4082184354178922,
  "upper_values": [
    1.3805504270358464,
    1.2875090018247488,
    1.3710832982583343,
    1.3805504270358464,
    1.8178148894776849,
    1.2118025688748926
  ]
}