{
  "horizon": 95,
  "lower_objective": 2.616922344348784,
  "lower_values": [
    2.8585286454479957,
    2.517921605170155,
    2.4307038519670754,
    2.517929712889327,
    2.517921605170155,
    2.8585286454479957
  ],
  "method": "deterministic_joint_state_belief_propagation",
  "objective_estimate": 2.617157375101532,
  "status": "ok",
  "tail_interval_width": 0.0004700615054948898,
  "total_belief_nodes": 570,
  "upper_objective": 2.617392405854279,
  "upper_values": [
    2.85899870695349,
    2.5183916666756505,
    2.431173913472568,
    2.518399774394823,
    2.5183916666756505,
    2.85899870695349
  ]
}