{
  "horizon": 95,
  "lower_objective": 2.616109361826921,
  "lower_values": [
    2.657896225612568,
    2.5273564744613073,
    2.3922404097211007,
    2.3922404097211007,
    2.8634613257227244,
    2.8634613257227244
  ],
  "method": "deterministic_joint_state_belief_propagation",
  "objective_estimate": 2.616344392579668,
  "status": "same_as_normal_no_violations",
  "tail_interval_width": 0.0004700615054935575,
  "total_belief_nodes": 90630,
  "unrestricted_upper_minus_restricted_lower": 0.044868681427499,
  "upper_objective": 2.6165794233324147,
  "upper_values": [
    2.658366287118061,
    2.5278265359668013,
    2.3927104712265956,
    2.3927104712265956,
    2.8639313872282175,
    2.8639313872282175
  ]
}