{
  "horizon": 95,
  "lower_objective": 2.0055991182385053,
  "lower_values": [
    1.7797994099901877,
    1.955284951965048,
    2.313342021583737,
    1.9662979331393184,
    1.7055283711690057,
    2.313342021583737
  ],
  "method": "deterministic_joint_state_belief_propagation",
  "objective_estimate": 2.0058341489912523,
  "status": "ok",
  "tail_interval_width": 0.0004700615054940016,
  "total_belief_nodes": 75369,
  "upper_objective": 2.0060691797439993,
  "upper_values": [
    1.7802694714956804,
    1.9557550134705428,
    2.3138120830892315,
    1.9667679946448118,
    1.7059984326744984,
    2.3138120830892315
  ]
}