{
  "horizon": 95,
  "lower_objective": 3.8977916146995444,
  "lower_values": [
    4.381634607678744,
    3.30825070447255,
    4.381634607678744,
    4.381634607678744,
    3.30825070447255,
    3.6253444562159354
  ],
  "method": "deterministic_joint_state_belief_propagation",
  "objective_estimate": 3.8980266454523402,
  "status": "ok",
  "tail_interval_width": 0.0004700615055921453,
  "total_belief_nodes": 20217,
  "unrestricted_upper_minus_restricted_lower": 0.15568588889384305,
  "upper_objective": 3.8982616762051365,
  "upper_values": [
    4.382104669184236,
    3.308720765978231,
    4.382104669184236,
    4.382104669184236,
    3.308720765978231,
    3.6258145177216514
  ]
}