{
  "horizon": 95,
  "lower_objective": 2.259958852404611,
  "lower_values": [
    2.2017984014824035,
    2.2017984014824035,
    2.615694642220792,
    2.13686486627726,
    2.2017984014824035,
    2.2017984014824035
  ],
  "method": "deterministic_joint_state_belief_propagation",
  "objective_estimate": 2.260193883157358,
  "status": "same_as_normal_no_violations",
  "tail_interval_width": 0.0004700615054940016,
  "total_belief_nodes": 54049,
  "unrestricted_upper_minus_restricted_lower": 0.011157392629160157,
  "upper_objective": 2.260428913910105,
  "upper_values": [
    2.202268462987898,
    2.202268462987898,
    2.6161647037262843,
    2.137334927782753,
    2.202268462987898,
    2.202268462987898
  ]
}