{
  "horizon": 95,
  "lower_objective": 3.846047670666,
  "lower_values": [
    3.7363589687835654,
    4.015392254388229,
    3.5573913232641847,
    3.7363589687835654,
    4.015392254388229,
    4.015392254388229
  ],
  "method": "deterministic_joint_state_belief_propagation",
  "objective_estimate": 3.8462827014187466,
  "status": "same_as_normal_no_violations",
  "tail_interval_width": 0.00047006150549311343,
  "total_belief_nodes": 50388,
  "unrestricted_upper_minus_restricted_lower": 0.01048545034151216,
  "upper_objective": 3.846517732171493,
  "upper_values": [
    3.7368290302890586,
    4.015862315893721,
    3.5578613847696796,
    3.7368290302890586,
    4.015862315893721,
    4.015862315893721
  ]
}