{
  "action_encoding": {
    "formula": "action = prescription_index * n_receiver_actions + receiver_action",
    "solver_jpo_action_offset": 1,
    "state_zero_bit": "most_significant"
  },
  "bounds": {
    "gap": 4.938922348315934,
    "lower_objective": 46.49586056652289,
    "lower_values": [
      46.66253766121732,
      46.313160332230794,
      46.67779823415844,
      46.66253766121732,
      46.67779823415844,
      45.98133127615506
    ],
    "root_gap": 4.94454265850728,
    "root_lower_objective": 46.49586056652289,
    "root_upper_objective": 51.440403225030174,
    "upper_objective": 51.43478291483883,
    "upper_values": [
      51.48839432957491,
      51.320345797659186,
      51.8421187413929,
      51.574179106335265,
      51.47947606813879,
      50.90418344593193
    ]
  },
  "initialization": {
    "initial_beliefs": [
      [
        1.0,
        0.0,
        0.0,
        0.0,
        0.0,
        0.0
      ],
      [
        0.0,
        1.0,
        0.0,
        0.0,
        0.0,
        0.0
      ],
      [
        0.0,
        0.0,
        1.0,
        0.0,
        0.0,
        0.0
      ],
      [
        0.0,
        0.0,
        0.0,
        1.0,
        0.0,
        0.0
      ],
      [
        0.0,
        0.0,
        0.0,
        0.0,
        1.0,
        0.0
      ],
      [
        0.0,
        0.0,
        0.0,
        0.0,
        0.0,
        1.0
      ]
    ],
    "initial_weights": [
      0.16666666666666666,
      0.16666666666666666,
      0.16666666666666666,
      0.16666666666666666,
      0.16666666666666666,
      0.16666666666666666
    ],
    "kind": "single synthetic root revealing a uniformly sampled physical state",
    "root_value_scale": "V_root / gamma, gamma=0.99"
  },
  "model": {
    "beta": 0.1,
    "epsilon": 0.1,
    "gamma": 0.99,
    "mdp_density": 0.5,
    "mdp_seed": 1111,
    "mdp_sha256": "580f9fa806b22e34e0f0d1010a1012409199158e69e3f71c129e1c5119fb8d6a",
    "n_jpo_actions": 128,
    "n_prescriptions": 64,
    "n_receiver_actions": 2,
    "n_states": 6
  },
  "runtime": {
    "julia": "1.12.6",
    "native_sarsop": "0.1.4",
    "pomdp_tools": "1.1.0",
    "pomdps": "1.0.0"
  },
  "solver": {
    "delta": 0.0001,
    "export_beliefs": false,
    "initial_bound_max_time": 30.0,
    "initial_bound_residual": 1e-08,
    "initial_upper_bound": "fully_observable",
    "kappa": 0.5,
    "max_steps": 1000000,
    "max_time": 500.0,
    "precision": 0.01,
    "prune_threshold": 0.1,
    "search_epsilon": 0.01,
    "use_binning": true
  },
  "training": {
    "alpha_count": 7,
    "belief_count": 7839847,
    "elapsed_seconds": 522.6258590221405,
    "history": [
      {
        "elapsed_seconds": 5.9604644775390625e-06,
        "initial_gap": 10151.685969110493,
        "initial_lower_objective": -10099.999999999984,
        "initial_upper_objective": 51.68596911050958,
        "iteration": 0,
        "root_gap": 10050.169109419388,
        "root_lower": -9998.999999999984,
        "root_upper": 51.169109419404485
      },
      {
        "elapsed_seconds": 0.0003559589385986328,
        "initial_gap": 26.711134436216597,
        "initial_lower_objective": 24.974834674292985,
        "initial_upper_objective": 51.68596911050958,
        "iteration": 1,
        "root_gap": 26.44402309185443,
        "root_lower": 24.725086327550056,
        "root_upper": 51.169109419404485
      },
      {
        "elapsed_seconds": 1.3000519275665283,
        "initial_gap": 19.440870638884952,
        "initial_lower_objective": 32.24509847162463,
        "initial_upper_objective": 51.68596911050958,
        "iteration": 2,
        "root_gap": 19.246461932496103,
        "root_lower": 31.92264748690838,
        "root_upper": 51.169109419404485
      },
      {
        "elapsed_seconds": 5.219603061676025,
        "initial_gap": 18.583053164317775,
        "initial_lower_objective": 33.08061488108024,
        "initial_upper_objective": 51.66366804539801,
        "iteration": 3,
        "root_gap": 18.3972226326746,
        "root_lower": 32.749808732269436,
        "root_upper": 51.147031364944034
      },
      {
        "elapsed_seconds": 12.62543797492981,
        "initial_gap": 16.35814825899298,
        "initial_lower_objective": 35.27529442427989,
        "initial_upper_objective": 51.63344268327287,
        "iteration": 4,
        "root_gap": 16.19456677640305,
        "root_lower": 34.92254148003709,
        "root_upper": 51.11710825644014
      },
      {
        "elapsed_seconds": 18.679413080215454,
        "initial_gap": 15.535791312301516,
        "initial_lower_objective": 36.08463911548357,
        "initial_upper_objective": 51.62043042778508,
        "iteration": 5,
        "root_gap": 15.3804333991785,
        "root_lower": 35.72379272432873,
        "root_upper": 51.10422612350723
      },
      {
        "elapsed_seconds": 30.737842082977295,
        "initial_gap": 12.132014741690178,
        "initial_lower_objective": 39.452668057149545,
        "initial_upper_objective": 51.58468279883972,
        "iteration": 6,
        "root_gap": 12.010694594273275,
        "root_lower": 39.05814137657805,
        "root_upper": 51.068835970851325
      },
      {
        "elapsed_seconds": 43.72145891189575,
        "initial_gap": 10.95117551819544,
        "initial_lower_objective": 40.59884519741052,
        "initial_upper_objective": 51.55002071560596,
        "iteration": 7,
        "root_gap": 10.841663763013486,
        "root_lower": 40.192856745436416,
        "root_upper": 51.0345205084499
      },
      {
        "elapsed_seconds": 58.524187088012695,
        "initial_gap": 10.469429035061337,
        "initial_lower_objective": 41.07835061558749,
        "initial_upper_objective": 51.54777965064883,
        "iteration": 8,
        "root_gap": 10.364734744710724,
        "root_lower": 40.667567109431616,
        "root_upper": 51.03230185414234
      },
      {
        "elapsed_seconds": 78.79378008842468,
        "initial_gap": 10.254281260376063,
        "initial_lower_objective": 41.29333368519439,
        "initial_upper_objective": 51.54761494557046,
        "iteration": 9,
        "root_gap": 10.151738447772303,
        "root_lower": 40.88040034834245,
        "root_upper": 51.03213879611475
      },
      {
        "elapsed_seconds": 99.27317190170288,
        "initial_gap": 8.254291790630937,
        "initial_lower_objective": 43.27181717890745,
        "initial_upper_objective": 51.526108969538384,
        "iteration": 10,
        "root_gap": 8.171748872724628,
        "root_lower": 42.83909900711837,
        "root_upper": 51.010847879843
      },
      {
        "elapsed_seconds": 124.79181909561157,
        "initial_gap": 8.061210127454823,
        "initial_lower_objective": 43.45562990664587,
        "initial_upper_objective": 51.51684003410069,
        "iteration": 11,
        "root_gap": 7.9805980261802745,
        "root_lower": 43.02107360757941,
        "root_upper": 51.001671633759685
      },
      {
        "elapsed_seconds": 148.58380007743835,
        "initial_gap": 7.586390890385896,
        "initial_lower_objective": 43.92681919167665,
        "initial_upper_objective": 51.51321008206254,
        "iteration": 12,
        "root_gap": 7.5105269814820375,
        "root_lower": 43.48755099975988,
        "root_upper": 50.99807798124192
      },
      {
        "elapsed_seconds": 179.95947003364563,
        "initial_gap": 7.424465718204712,
        "initial_lower_objective": 44.08707919294403,
        "initial_upper_objective": 51.51154491114875,
        "iteration": 13,
        "root_gap": 7.3502210610226655,
        "root_lower": 43.64620840101459,
        "root_upper": 50.996429462037256
      },
      {
        "elapsed_seconds": 209.48258209228516,
        "initial_gap": 6.958748426294554,
        "initial_lower_objective": 44.55209228900965,
        "initial_upper_objective": 51.510840715304205,
        "iteration": 14,
        "root_gap": 6.889160942031609,