{
  "horizon": 95,
  "lower_objective": 2.6688873691451946,
  "lower_values": [
    2.854889662500402,
    3.178947397079595,
    2.404557983133796,
    2.854889662500402,
    2.3417910911247053,
    2.3782484185322668
  ],
  "method": "deterministic_joint_state_belief_propagation",
  "objective_estimate": 2.6691223998979408,
  "status": "ok",
  "tail_interval_width": 0.00047006150549266934,
  "total_belief_nodes": 120451,
  "upper_objective": 2.6693574306506873,
  "upper_values": [
    2.8553597240058934,
    3.1794174585850885,
    2.405028044639289,
    2.8553597240058934,
    2.3422611526301984,
    2.3787184800377603
  ]
}