{
  "action_encoding": {
    "formula": "action = prescription_index * n_receiver_actions + receiver_action",
    "solver_jpo_action_offset": 1,
    "state_zero_bit": "most_significant"
  },
  "bounds": {
    "gap": 1.7106618432904952e-07,
    "lower_objective": 5.245231917478407,
    "lower_values": [
      5.602797828070559,
      5.602797828070559,
      4.780307795895134,
      5.602797828070559,
      4.793757471628362,
      5.088932753135274
    ],
    "root_gap": 1.710661834408711e-07,
    "root_lower_objective": 5.2452319174784074,
    "root_upper_objective": 5.245232088544591,
    "upper_objective": 5.245232088544591,
    "upper_values": [
      5.602797999136742,
      5.602797999136742,
      4.780307966961318,
      5.602797999136742,
      4.793757642694544,
      5.088932924201457
    ]
  },
  "initialization": {
    "initial_beliefs": [
      [
        1.0,
        0.0,
        0.0,
        0.0,
        0.0,
        0.0
      ],
      [
        0.0,
        1.0,
        0.0,
        0.0,
        0.0,
        0.0
      ],
      [
        0.0,
        0.0,
        1.0,
        0.0,
        0.0,
        0.0
      ],
      [
        0.0,
        0.0,
        0.0,
        1.0,
        0.0,
        0.0
      ],
      [
        0.0,
        0.0,
        0.0,
        0.0,
        1.0,
        0.0
      ],
      [
        0.0,
        0.0,
        0.0,
        0.0,
        0.0,
        1.0
      ]
    ],
    "initial_weights": [
      0.16666666666666666,
      0.16666666666666666,
      0.16666666666666666,
      0.16666666666666666,
      0.16666666666666666,
      0.16666666666666666
    ],
    "kind": "single synthetic root revealing a uniformly sampled physical state",
    "root_value_scale": "V_root / gamma, gamma=0.9"
  },
  "model": {
    "beta": 0.05,
    "epsilon": 0.09000000000000001,
    "gamma": 0.9,
    "mdp_density": 0.5,
    "mdp_seed": 431050766,
    "mdp_sha256": "402bb379b08acac4ff09fb14bf705739a2139d5ffb334c391bfa85e741f8c00e",
    "n_jpo_actions": 128,
    "n_prescriptions": 64,
    "n_receiver_actions": 2,
    "n_states": 6
  },
  "runtime": {
    "julia": "1.12.6",
    "native_sarsop": "0.1.4",
    "pomdp_tools": "1.1.0",
    "pomdps": "1.0.0"
  },
  "solver": {
    "delta": 0.0001,
    "export_beliefs": false,
    "initial_bound_max_time": 30.0,
    "initial_bound_residual": 1e-08,
    "initial_upper_bound": "fully_observable",
    "kappa": 0.5,
    "max_steps": 1000000,
    "max_time": 600.0,
    "precision": 0.01,
    "prune_threshold": 0.1,
    "search_epsilon": 0.01,
    "use_binning": true
  },
  "training": {
    "alpha_count": 2,
    "belief_count": 904,
    "elapsed_seconds": 0.10726690292358398,
    "history": [
      {
        "elapsed_seconds": 9.059906005859375e-06,
        "initial_gap": 115.24523208854464,
        "initial_lower_objective": -110.00000000000004,
        "initial_upper_objective": 5.245232088544591,
        "iteration": 0,
        "root_gap": 103.72070887969018,
        "root_lower": -99.00000000000004,
        "root_upper": 4.7207088796901315
      },
      {
        "elapsed_seconds": 0.0003039836883544922,
        "initial_gap": 1.710661834408711e-07,
        "initial_lower_objective": 5.2452319174784074,
        "initial_upper_objective": 5.245232088544591,
        "iteration": 1,
        "root_gap": 1.53959565096784e-07,
        "root_lower": 4.720708725730566,
        "root_upper": 4.7207088796901315
      }
    ],
    "initial_lower_residual": 8.708661347611724e-09,
    "initial_lower_subsolution_shift": 0.0,
    "initial_upper_bound": "fully_observable",
    "initial_upper_iterations": 154,
    "initial_upper_residual": 9.331065697892882e-09,
    "initialization_seconds": 0.21897411346435547,
    "iterations": 1,
    "stop_reason": "precision"
  }
}