{
  "horizon": 95,
  "lower_objective": 1.3900902586841637,
  "lower_values": [
    1.484016119096926,
    1.2961643982714015,
    1.2961643982714015,
    1.484016119096926,
    1.2961643982714015,
    1.484016119096926
  ],
  "method": "deterministic_joint_state_belief_propagation",
  "objective_estimate": 1.3903252894369107,
  "status": "same_as_normal_no_violations",
  "tail_interval_width": 0.0004700615054940016,
  "total_belief_nodes": 22470,
  "unrestricted_upper_minus_restricted_lower": 0.010026388842357736,
  "upper_objective": 1.3905603201896577,
  "upper_values": [
    1.4844861806024192,
    1.296634459776896,
    1.296634459776896,
    1.4844861806024192,
    1.296634459776896,
    1.4844861806024192
  ]
}