{
  "horizon": 1229,
  "lower_objective": 46.727714134446316,
  "lower_values": [
    46.900100673347865,
    46.54920754914949,
    46.900100673347865,
    46.900100673347865,
    46.900100673347865,
    46.21667456413692
  ],
  "method": "deterministic_joint_state_belief_propagation",
  "objective_estimate": 46.72796230780842,
  "status": "ok",
  "tail_interval_width": 0.0004963467242049546,
  "total_belief_nodes": 537778,
  "upper_objective": 46.72821048117052,
  "upper_values": [
    46.900597020072084,
    46.549703895873705,
    46.900597020072084,
    46.900597020072084,
    46.900597020072084,
    46.21717091086111
  ]
}