{
  "horizon": 95,
  "lower_objective": 3.882026991930885,
  "lower_values": [
    4.404337436147764,
    3.1923242879718248,
    4.404337436147764,
    4.404337436147764,
    3.5858114114354662,
    3.3010139437347283
  ],
  "method": "deterministic_joint_state_belief_propagation",
  "objective_estimate": 3.8822620226836317,
  "status": "same_as_normal_no_violations",
  "tail_interval_width": 0.00047006150549311343,
  "total_belief_nodes": 15109,
  "unrestricted_upper_minus_restricted_lower": 0.010517241303274805,
  "upper_objective": 3.8824970534363783,
  "upper_values": [
    4.404807497653259,
    3.192794349477317,
    4.404807497653259,
    4.404807497653259,
    3.586281472940959,
    3.3014840052402192
  ]
}