{
  "action_encoding": {
    "formula": "action = prescription_index * n_receiver_actions + receiver_action",
    "solver_jpo_action_offset": 1,
    "state_zero_bit": "most_significant"
  },
  "bounds": {
    "gap": 5.832577682627409,
    "lower_objective": 45.59257611504234,
    "lower_values": [
      45.75711338683328,
      45.38855657261884,
      45.78620972585065,
      45.75711338683328,
      45.78620972585065,
      45.08025389226737
    ],
    "root_gap": 5.845109666188594,
    "root_lower_objective": 45.59257611504235,
    "root_upper_objective": 51.43768578123094,
    "upper_objective": 51.42515379766975,
    "upper_values": [
      51.4598129083015,
      51.411068028295176,
      51.83327945567861,
      51.52159617677244,
      51.439013591086876,
      50.886152625883874
    ]
  },
  "initialization": {
    "initial_beliefs": [
      [
        1.0,
        0.0,
        0.0,
        0.0,
        0.0,
        0.0
      ],
      [
        0.0,
        1.0,
        0.0,
        0.0,
        0.0,
        0.0
      ],
      [
        0.0,
        0.0,
        1.0,
        0.0,
        0.0,
        0.0
      ],
      [
        0.0,
        0.0,
        0.0,
        1.0,
        0.0,
        0.0
      ],
      [
        0.0,
        0.0,
        0.0,
        0.0,
        1.0,
        0.0
      ],
      [
        0.0,
        0.0,
        0.0,
        0.0,
        0.0,
        1.0
      ]
    ],
    "initial_weights": [
      0.16666666666666666,
      0.16666666666666666,
      0.16666666666666666,
      0.16666666666666666,
      0.16666666666666666,
      0.16666666666666666
    ],
    "kind": "single synthetic root revealing a uniformly sampled physical state",
    "root_value_scale": "V_root / gamma, gamma=0.99"
  },
  "model": {
    "beta": 0.15,
    "epsilon": 0.04000000000000001,
    "gamma": 0.99,
    "mdp_density": 0.5,
    "mdp_seed": 1111,
    "mdp_sha256": "580f9fa806b22e34e0f0d1010a1012409199158e69e3f71c129e1c5119fb8d6a",
    "n_jpo_actions": 128,
    "n_prescriptions": 64,
    "n_receiver_actions": 2,
    "n_states": 6
  },
  "runtime": {
    "julia": "1.12.6",
    "native_sarsop": "0.1.4",
    "pomdp_tools": "1.1.0",
    "pomdps": "1.0.0"
  },
  "solver": {
    "delta": 0.0001,
    "export_beliefs": false,
    "initial_bound_max_time": 30.0,
    "initial_bound_residual": 1e-08,
    "initial_upper_bound": "fully_observable",
    "kappa": 0.5,
    "max_steps": 1000000,
    "max_time": 500.0,
    "precision": 0.01,
    "prune_threshold": 0.1,
    "search_epsilon": 0.01,
    "use_binning": true
  },
  "training": {
    "alpha_count": 12,
    "belief_count": 6597319,
    "elapsed_seconds": 1412.7180681228638,
    "history": [
      {
        "elapsed_seconds": 1.0013580322265625e-05,
        "initial_gap": 10151.685969110493,
        "initial_lower_objective": -10099.999999999984,
        "initial_upper_objective": 51.68596911050958,
        "iteration": 0,
        "root_gap": 10050.169109419388,
        "root_lower": -9998.999999999984,
        "root_upper": 51.169109419404485
      },
      {
        "elapsed_seconds": 0.0003170967102050781,
        "initial_gap": 26.711134436216597,
        "initial_lower_objective": 24.974834674292985,
        "initial_upper_objective": 51.68596911050958,
        "iteration": 1,
        "root_gap": 26.44402309185443,
        "root_lower": 24.725086327550056,
        "root_upper": 51.169109419404485
      },
      {
        "elapsed_seconds": 1.5160140991210938,
        "initial_gap": 19.831134034415246,
        "initial_lower_objective": 31.854835076094332,
        "initial_upper_objective": 51.68596911050958,
        "iteration": 2,
        "root_gap": 19.632822694071095,
        "root_lower": 31.53628672533339,
        "root_upper": 51.169109419404485
      },
      {
        "elapsed_seconds": 5.620635986328125,
        "initial_gap": 18.06381517745085,
        "initial_lower_objective": 33.59839509926505,
        "initial_upper_objective": 51.662210276715896,
        "iteration": 3,
        "root_gap": 17.88317702567634,
        "root_lower": 33.2624111482724,
        "root_upper": 51.14558817394874
      },
      {
        "elapsed_seconds": 13.973425149917603,
        "initial_gap": 12.446284462706233,
        "initial_lower_objective": 39.161398291336795,
        "initial_upper_objective": 51.607682754043026,
        "iteration": 4,
        "root_gap": 12.32182161807917,
        "root_lower": 38.769784308423425,
        "root_upper": 51.091605926502595
      },
      {
        "elapsed_seconds": 26.24608612060547,
        "initial_gap": 10.607615579246062,
        "initial_lower_objective": 40.958443611822304,
        "initial_upper_objective": 51.56605919106836,
        "iteration": 5,
        "root_gap": 10.5015394234536,
        "root_lower": 40.54885917570408,
        "root_upper": 51.05039859915768
      },
      {
        "elapsed_seconds": 40.356465101242065,
        "initial_gap": 10.024497777162123,
        "initial_lower_objective": 41.516205451183396,
        "initial_upper_objective": 51.54070322834552,
        "iteration": 6,
        "root_gap": 9.924252799390501,
        "root_lower": 41.101043396671564,
        "root_upper": 51.025296196062065
      },
      {
        "elapsed_seconds": 57.26453900337219,
        "initial_gap": 9.54085144870315,
        "initial_lower_objective": 41.996512025936354,
        "initial_upper_objective": 51.537363474639506,
        "iteration": 7,
        "root_gap": 9.445442934216118,
        "root_lower": 41.57654690567699,
        "root_upper": 51.02198983989311
      },
      {
        "elapsed_seconds": 75.52944612503052,
        "initial_gap": 9.450725925508827,
        "initial_lower_objective": 42.086463906553234,
        "initial_upper_objective": 51.53718983206206,
        "iteration": 8,
        "root_gap": 9.356218666253739,
        "root_lower": 41.6655992674877,
        "root_upper": 51.02181793374144
      },
      {
        "elapsed_seconds": 99.21815013885498,
        "initial_gap": 9.175838334391765,
        "initial_lower_objective": 42.36134677325217,
        "initial_upper_objective": 51.537185107643936,
        "iteration": 9,
        "root_gap": 9.084079951047848,
        "root_lower": 41.93773330551965,
        "root_upper": 51.0218132565675
      },
      {
        "elapsed_seconds": 126.37326908111572,
        "initial_gap": 7.798587670535446,
        "initial_lower_objective": 43.71044353806974,
        "initial_upper_objective": 51.50903120860519,
        "iteration": 10,
        "root_gap": 7.720601793830092,
        "root_lower": 43.27333910268904,
        "root_upper": 50.993940896519135
      },
      {
        "elapsed_seconds": 151.59257411956787,
        "initial_gap": 7.526415022172577,
        "initial_lower_objective": 43.97049230190808,
        "initial_upper_objective": 51.49690732408066,
        "iteration": 11,
        "root_gap": 7.451150871950851,
        "root_lower": 43.530787378889,
        "root_upper": 50.98193825083985
      },
      {
        "elapsed_seconds": 185.63332509994507,
        "initial_gap": 7.473458795909338,
        "initial_lower_objective": 44.022372506862304,
        "initial_upper_objective": 51.49583130277164,
        "iteration": 12,
        "root_gap": 7.398724207950245,
        "root_lower": 43.58214878179368,
        "root_upper": 50.98087298974392
      },
      {
        "elapsed_seconds": 214.23834419250488,
        "initial_gap": 7.309658254318613,
        "initial_lower_objective": 44.185162552899605,
        "initial_upper_objective": 51.49482080721822,
        "iteration": 13,
        "root_gap": 7.236561671775426,
        "root_lower": 43.74331092737061,
        "root_upper": 50.979872599146034
      },
      {
        "elapsed_seconds": 236.45838904380798,
        "initial_gap": 7.1318026411339295,
        "initial_lower_objective": 44.354886765617444,
        "initial_upper_objective": 51.486689406751374,
        "iteration": 14,