{
  "horizon": 95,
  "lower_objective": 1.3897344331588735,
  "lower_values": [
    1.4837447306455454,
    1.2957241356722013,
    1.2957241356722013,
    1.4837447306455454,
    1.2957241356722013,
    1.4837447306455454
  ],
  "method": "deterministic_joint_state_belief_propagation",
  "objective_estimate": 1.3899694639116198,
  "status": "ok",
  "tail_interval_width": 0.00047006150549266934,
  "total_belief_nodes": 24156,
  "upper_objective": 1.3902044946643661,
  "upper_values": [
    1.484214792151039,
    1.2961941971776936,
    1.2961941971776936,
    1.484214792151039,
    1.2961941971776936,
    1.484214792151039
  ]
}