{
  "horizon": 95,
  "lower_objective": 3.954465576176466,
  "lower_values": [
    4.4426669608411045,
    3.3581635259165075,
    4.4426669608411045,
    4.4426669608411045,
    3.3581635259165075,
    3.682465522702468
  ],
  "method": "deterministic_joint_state_belief_propagation",
  "objective_estimate": 3.9547006069292125,
  "status": "ok",
  "tail_interval_width": 0.00047006150549311343,
  "total_belief_nodes": 36967,
  "upper_objective": 3.954935637681959,
  "upper_values": [
    4.443137022346597,
    3.3586335874220015,
    4.443137022346597,
    4.443137022346597,
    3.3586335874220015,
    3.682935584207963
  ]
}