{
  "horizon": 95,
  "lower_objective": 5.551982378775474,
  "lower_values": [
    5.319953577876597,
    5.712644905763229,
    5.712644905763229,
    5.712644905763229,
    5.712644905763229,
    5.141361071723332
  ],
  "method": "deterministic_joint_state_belief_propagation",
  "objective_estimate": 5.55221740952822,
  "status": "same_as_normal_no_violations",
  "tail_interval_width": 0.0004700615054940016,
  "total_belief_nodes": 7892,
  "unrestricted_upper_minus_restricted_lower": 0.010679422687449147,
  "upper_objective": 5.552452440280968,
  "upper_values": [
    5.32042363938209,
    5.713114967268723,
    5.713114967268723,
    5.713114967268723,
    5.713114967268723,
    5.141831133228823
  ]
}