{
  "horizon": 95,
  "lower_objective": 2.2308060258490467,
  "lower_values": [
    2.1542459917149452,
    2.1542459917149452,
    2.468532665222182,
    2.468532665222182,
    2.1542459917149452,
    1.9850328495050826
  ],
  "method": "deterministic_joint_state_belief_propagation",
  "objective_estimate": 2.2310410566017933,
  "status": "ok",
  "tail_interval_width": 0.00047006150549266934,
  "total_belief_nodes": 37177,
  "upper_objective": 2.2312760873545394,
  "upper_values": [
    2.1547160532204375,
    2.1547160532204375,
    2.469002726727674,
    2.469002726727674,
    2.1547160532204375,
    1.9855029110105762
  ]
}