{
  "horizon": 95,
  "lower_objective": 2.4755905672057614,
  "lower_values": [
    2.307143309727439,
    2.794801608521896,
    2.10757308737941,
    2.794801608521896,
    2.4967863967725163,
    2.3524373923114115
  ],
  "method": "deterministic_joint_state_belief_propagation",
  "objective_estimate": 2.4758255979585084,
  "status": "ok",
  "tail_interval_width": 0.0004700615054935575,
  "total_belief_nodes": 27078,
  "upper_objective": 2.476060628711255,
  "upper_values": [
    2.3076133712329323,
    2.7952716700273905,
    2.1080431488849047,
    2.7952716700273905,
    2.497256458278011,
    2.3529074538169032
  ]
}