{
  "horizon": 95,
  "lower_objective": 2.0733664117562096,
  "lower_values": [
    1.9895471484680065,
    2.04232173393286,
    1.9579120176385352,
    1.9895471484680065,
    2.04232173393286,
    2.4185486880969913
  ],
  "method": "deterministic_joint_state_belief_propagation",
  "objective_estimate": 2.073601442508956,
  "status": "ok",
  "tail_interval_width": 0.00047006150549311343,
  "total_belief_nodes": 49816,
  "upper_objective": 2.0738364732617027,
  "upper_values": [
    1.9900172099734998,
    2.0427917954383514,
    1.958382079144027,
    1.9900172099734998,
    2.0427917954383514,
    2.419018749602486
  ]
}