{
  "horizon": 95,
  "lower_objective": 2.2570239606091143,
  "lower_values": [
    2.1807182355063874,
    2.1807182355063874,
    2.4955460122700712,
    2.4955460122700712,
    2.1807182355063874,
    2.0088970325953808
  ],
  "method": "deterministic_joint_state_belief_propagation",
  "objective_estimate": 2.2572589913618604,
  "status": "same_as_normal_no_violations",
  "tail_interval_width": 0.00047006150549222525,
  "total_belief_nodes": 45568,
  "unrestricted_upper_minus_restricted_lower": 0.04992382274833984,
  "upper_objective": 2.2574940221146065,
  "upper_values": [
    2.1811882970118788,
    2.1811882970118788,
    2.496016073775565,
    2.496016073775565,
    2.1811882970118788,
    2.0093670941008726
  ]
}