{
  "action_encoding": {
    "formula": "action = prescription_index * n_receiver_actions + receiver_action",
    "solver_jpo_action_offset": 1,
    "state_zero_bit": "most_significant"
  },
  "bounds": {
    "gap": 4.981571058032095,
    "lower_objective": 46.476922900838524,
    "lower_values": [
      46.649562676625386,
      46.306814468769225,
      46.64298585178595,
      46.649562676625386,
      46.64298585178595,
      45.96962587943925
    ],
    "root_gap": 4.981790868190827,
    "root_lower_objective": 46.476922900838524,
    "root_upper_objective": 51.45871376902935,
    "upper_objective": 51.45849395887062,
    "upper_values": [
      51.56065970868289,
      51.425304757717974,
      51.842118741392895,
      51.51986021104836,
      51.46978926744786,
      50.93323106693375
    ]
  },
  "initialization": {
    "initial_beliefs": [
      [
        1.0,
        0.0,
        0.0,
        0.0,
        0.0,
        0.0
      ],
      [
        0.0,
        1.0,
        0.0,
        0.0,
        0.0,
        0.0
      ],
      [
        0.0,
        0.0,
        1.0,
        0.0,
        0.0,
        0.0
      ],
      [
        0.0,
        0.0,
        0.0,
        1.0,
        0.0,
        0.0
      ],
      [
        0.0,
        0.0,
        0.0,
        0.0,
        1.0,
        0.0
      ],
      [
        0.0,
        0.0,
        0.0,
        0.0,
        0.0,
        1.0
      ]
    ],
    "initial_weights": [
      0.16666666666666666,
      0.16666666666666666,
      0.16666666666666666,
      0.16666666666666666,
      0.16666666666666666,
      0.16666666666666666
    ],
    "kind": "single synthetic root revealing a uniformly sampled physical state",
    "root_value_scale": "V_root / gamma, gamma=0.99"
  },
  "model": {
    "beta": 0.1,
    "epsilon": 0.07,
    "gamma": 0.99,
    "mdp_density": 0.5,
    "mdp_seed": 1111,
    "mdp_sha256": "580f9fa806b22e34e0f0d1010a1012409199158e69e3f71c129e1c5119fb8d6a",
    "n_jpo_actions": 128,
    "n_prescriptions": 64,
    "n_receiver_actions": 2,
    "n_states": 6
  },
  "runtime": {
    "julia": "1.12.6",
    "native_sarsop": "0.1.4",
    "pomdp_tools": "1.1.0",
    "pomdps": "1.0.0"
  },
  "solver": {
    "delta": 0.0001,
    "export_beliefs": false,
    "initial_bound_max_time": 30.0,
    "initial_bound_residual": 1e-08,
    "initial_upper_bound": "fully_observable",
    "kappa": 0.5,
    "max_steps": 1000000,
    "max_time": 500.0,
    "precision": 0.01,
    "prune_threshold": 0.1,
    "search_epsilon": 0.01,
    "use_binning": true
  },
  "training": {
    "alpha_count": 4,
    "belief_count": 7013602,
    "elapsed_seconds": 534.4424059391022,
    "history": [
      {
        "elapsed_seconds": 8.106231689453125e-06,
        "initial_gap": 10151.685969110493,
        "initial_lower_objective": -10099.999999999984,
        "initial_upper_objective": 51.68596911050958,
        "iteration": 0,
        "root_gap": 10050.169109419388,
        "root_lower": -9998.999999999984,
        "root_upper": 51.169109419404485
      },
      {
        "elapsed_seconds": 0.00026607513427734375,
        "initial_gap": 26.711134436216597,
        "initial_lower_objective": 24.974834674292985,
        "initial_upper_objective": 51.68596911050958,
        "iteration": 1,
        "root_gap": 26.44402309185443,
        "root_lower": 24.725086327550056,
        "root_upper": 51.169109419404485
      },
      {
        "elapsed_seconds": 1.3270549774169922,
        "initial_gap": 19.1155490174189,
        "initial_lower_objective": 32.57042009309068,
        "initial_upper_objective": 51.68596911050958,
        "iteration": 2,
        "root_gap": 18.92439352724471,
        "root_lower": 32.244715892159775,
        "root_upper": 51.169109419404485
      },
      {
        "elapsed_seconds": 5.555588006973267,
        "initial_gap": 17.870397437096955,
        "initial_lower_objective": 33.79627993959287,
        "initial_upper_objective": 51.666677376689826,
        "iteration": 3,
        "root_gap": 17.691693462725986,
        "root_lower": 33.45831714019694,
        "root_upper": 51.150010602922926
      },
      {
        "elapsed_seconds": 11.193539142608643,
        "initial_gap": 12.347162169527259,
        "initial_lower_objective": 39.27312849370584,
        "initial_upper_objective": 51.6202906632331,
        "iteration": 4,
        "root_gap": 12.223690547831985,
        "root_lower": 38.880397208768784,
        "root_upper": 51.10408775660077
      },
      {
        "elapsed_seconds": 21.763088941574097,
        "initial_gap": 11.463365461534707,
        "initial_lower_objective": 40.12505696654133,
        "initial_upper_objective": 51.588422428076036,
        "iteration": 5,
        "root_gap": 11.34873180691936,
        "root_lower": 39.723806396875915,
        "root_upper": 51.072538203795276
      },
      {
        "elapsed_seconds": 33.22134613990784,
        "initial_gap": 10.833492309535846,
        "initial_lower_objective": 40.72124559274409,
        "initial_upper_objective": 51.55473790227993,
        "iteration": 6,
        "root_gap": 10.725157386440486,
        "root_lower": 40.31403313681665,
        "root_upper": 51.03919052325713
      },
      {
        "elapsed_seconds": 49.39086103439331,
        "initial_gap": 10.100758264088105,
        "initial_lower_objective": 41.446910300207975,
        "initial_upper_objective": 51.54766856429608,
        "iteration": 7,
        "root_gap": 9.999750681447225,
        "root_lower": 41.0324411972059,
        "root_upper": 51.03219187865312
      },
      {
        "elapsed_seconds": 69.44629001617432,
        "initial_gap": 9.824917903635592,
        "initial_lower_objective": 41.71997791645097,
        "initial_upper_objective": 51.54489582008656,
        "iteration": 8,
        "root_gap": 9.726668724599236,
        "root_lower": 41.30277813728646,
        "root_upper": 51.029446861885695
      },
      {
        "elapsed_seconds": 90.3717520236969,
        "initial_gap": 8.960235682676833,
        "initial_lower_objective": 42.577512385020114,
        "initial_upper_objective": 51.537748067696945,
        "iteration": 9,
        "root_gap": 8.870633325850065,
        "root_lower": 42.15173726116991,
        "root_upper": 51.02237058701998
      },
      {
        "elapsed_seconds": 118.00164413452148,
        "initial_gap": 7.1600171444025165,
        "initial_lower_objective": 44.346372055679105,
        "initial_upper_objective": 51.50638920008162,
        "iteration": 10,
        "root_gap": 7.088416972958491,
        "root_lower": 43.90290833512231,
        "root_upper": 50.9913253080808
      },
      {
        "elapsed_seconds": 150.6829490661621,
        "initial_gap": 6.67802446237998,
        "initial_lower_objective": 44.81759447552107,
        "initial_upper_objective": 51.49561893790105,
        "iteration": 11,
        "root_gap": 6.61124421775618,
        "root_lower": 44.369418530765856,
        "root_upper": 50.980662748522036
      },
      {
        "elapsed_seconds": 182.64226293563843,
        "initial_gap": 6.26845800871991,
        "initial_lower_objective": 45.21878703051826,
        "initial_upper_objective": 51.48724503923817,
        "iteration": 12,
        "root_gap": 6.20577342863271,
        "root_lower": 44.766599160213076,
        "root_upper": 50.972372588845786
      },
      {
        "elapsed_seconds": 217.58222007751465,
        "initial_gap": 5.894116102244316,
        "initial_lower_objective": 45.57602284559601,
        "initial_upper_objective": 51.470138947840326,
        "iteration": 13,
        "root_gap": 5.835174941221872,
        "root_lower": 45.12026261714005,
        "root_upper": 50.95543755836192
      },
      {
        "elapsed_seconds": 260.7709290981293,
        "initial_gap": 5.602856878013871,
        "initial_lower_objective": 45.86113320357877,
        "initial_upper_objective": 51.46399008159264,
        "iteration": 14,
        "root_gap": 5.546828309233732,