{
  "horizon": 95,
  "lower_objective": 2.2359126605144644,
  "lower_values": [
    2.159420896689498,
    2.159420896689498,
    2.473756379408807,
    2.473756379408807,
    2.159420896689498,
    1.9897005142006774
  ],
  "method": "deterministic_joint_state_belief_propagation",
  "objective_estimate": 2.236147691267211,
  "status": "ok",
  "tail_interval_width": 0.0004700615054935575,
  "total_belief_nodes": 35562,
  "upper_objective": 2.236382722019958,
  "upper_values": [
    2.159890958194991,
    2.159890958194991,
    2.474226440914301,
    2.474226440914301,
    2.159890958194991,
    1.9901705757061716
  ]
}