{
  "horizon": 95,
  "lower_objective": 3.2781098482926696,
  "lower_values": [
    3.469788055958542,
    3.0516557006149387,
    3.469788055958542,
    3.0516557006149387,
    3.1559835206505173,
    3.469788055958542
  ],
  "method": "deterministic_joint_state_belief_propagation",
  "objective_estimate": 3.2783448790454166,
  "status": "same_as_normal_no_violations",
  "tail_interval_width": 0.0004700615054948898,
  "total_belief_nodes": 26890,
  "unrestricted_upper_minus_restricted_lower": 0.010856649297162235,
  "upper_objective": 3.2785799097981645,
  "upper_values": [
    3.4702581174640383,
    3.0521257621204305,
    3.4702581174640383,
    3.0521257621204305,
    3.1564535821560096,
    3.4702581174640383
  ]
}