{
  "horizon": 95,
  "lower_objective": 2.5770431792147237,
  "lower_values": [
    2.2998993616228476,
    2.268914431006134,
    2.5797905100043037,
    2.771218257551686,
    2.771218257551686,
    2.771218257551686
  ],
  "method": "deterministic_joint_state_belief_propagation",
  "objective_estimate": 2.5772782099674707,
  "status": "ok",
  "tail_interval_width": 0.0004700615054948898,
  "total_belief_nodes": 51528,
  "upper_objective": 2.5775132407202186,
  "upper_values": [
    2.300369423128341,
    2.2693844925116298,
    2.5802605715097977,
    2.771688319057181,
    2.771688319057181,
    2.771688319057181
  ]
}