{
  "horizon": 95,
  "lower_objective": 2.6525496376802105,
  "lower_values": [
    2.696280118675716,
    2.5636314308938504,
    2.429589196229446,
    2.429589196229446,
    2.8981039420264016,
    2.8981039420264016
  ],
  "method": "deterministic_joint_state_belief_propagation",
  "objective_estimate": 2.6527846684329575,
  "status": "ok",
  "tail_interval_width": 0.0004700615054944457,
  "total_belief_nodes": 70395,
  "upper_objective": 2.653019699185705,
  "upper_values": [
    2.69675018018121,
    2.5641014923993426,
    2.4300592577349422,
    2.4300592577349422,
    2.8985740035318956,
    2.8985740035318956
  ]
}