{
  "horizon": 95,
  "lower_objective": 6.206039182793155,
  "lower_values": [
    6.428343084587512,
    5.689813690392175,
    5.833049068016712,
    6.428343084587512,
    6.428343084587512,
    6.428343084587512
  ],
  "method": "deterministic_joint_state_belief_propagation",
  "objective_estimate": 6.206274213545926,
  "status": "ok",
  "tail_interval_width": 0.00047006150554196324,
  "total_belief_nodes": 3630,
  "upper_objective": 6.206509244298697,
  "upper_values": [
    6.428813146093002,
    5.690283751897815,
    5.833519129522363,
    6.428813146093002,
    6.428813146093002,
    6.428813146093002
  ]
}