{
  "horizon": 95,
  "lower_objective": 2.4641783711161525,
  "lower_values": [
    2.705585206707025,
    2.705585206707025,
    2.3634426473424908,
    2.3634426473424908,
    2.2837950138301646,
    2.363219504767717
  ],
  "method": "deterministic_joint_state_belief_propagation",
  "objective_estimate": 2.4644134018688986,
  "status": "same_as_normal_no_violations",
  "tail_interval_width": 0.00047006150549311343,
  "total_belief_nodes": 99434,
  "unrestricted_upper_minus_restricted_lower": 0.03238870390165971,
  "upper_objective": 2.4646484326216456,
  "upper_values": [
    2.7060552682125185,
    2.7060552682125185,
    2.3639127088479848,
    2.3639127088479848,
    2.2842650753356586,
    2.363689566273211
  ]
}