{
  "horizon": 95,
  "lower_objective": 3.8584004056467194,
  "lower_values": [
    3.748925365990431,
    4.027472618747047,
    3.5701338456583134,
    3.748925365990431,
    4.027472618747047,
    4.027472618747047
  ],
  "method": "deterministic_joint_state_belief_propagation",
  "objective_estimate": 3.8586354363994655,
  "status": "ok",
  "tail_interval_width": 0.00047006150549222525,
  "total_belief_nodes": 50387,
  "upper_objective": 3.8588704671522116,
  "upper_values": [
    3.7493954274959225,
    4.027942680252541,
    3.5706039071638047,
    3.7493954274959225,
    4.027942680252541,
    4.027942680252541
  ]
}