{
  "horizon": 95,
  "lower_objective": 2.6465230107737168,
  "lower_values": [
    2.6899224121775696,
    2.557660896160979,
    2.423401735674929,
    2.423401735674929,
    2.8923756424769476,
    2.8923756424769476
  ],
  "method": "deterministic_joint_state_belief_propagation",
  "objective_estimate": 2.6467580415264638,
  "status": "ok",
  "tail_interval_width": 0.0004700615054935575,
  "total_belief_nodes": 70186,
  "upper_objective": 2.6469930722792103,
  "upper_values": [
    2.6903924736830613,
    2.5581309576664713,
    2.423871797180423,
    2.423871797180423,
    2.8928457039824416,
    2.8928457039824416
  ]
}