{
  "horizon": 95,
  "lower_objective": 2.5960762081696567,
  "lower_values": [
    2.3172895484796676,
    2.288693823786391,
    2.600018104242277,
    2.790151924169869,
    2.790151924169869,
    2.790151924169869
  ],
  "method": "deterministic_joint_state_belief_propagation",
  "objective_estimate": 2.5963112389224037,
  "status": "ok",
  "tail_interval_width": 0.0004700615054940016,
  "total_belief_nodes": 47491,
  "upper_objective": 2.5965462696751507,
  "upper_values": [
    2.3177596099851616,
    2.289163885291884,
    2.600488165747772,
    2.790621985675362,
    2.790621985675362,
    2.790621985675362
  ]
}