{
  "horizon": 95,
  "lower_objective": 1.9956901737750716,
  "lower_values": [
    2.31661429316452,
    3.123928953748059,
    2.020992486060478,
    1.2458064118084473,
    1.2458064118084473,
    2.020992486060478
  ],
  "method": "deterministic_joint_state_belief_propagation",
  "objective_estimate": 1.995925204527818,
  "status": "ok",
  "tail_interval_width": 0.0004700615054924473,
  "total_belief_nodes": 77869,
  "upper_objective": 1.996160235280564,
  "upper_values": [
    2.317084354670013,
    3.1243990152535535,
    2.0214625475659704,
    1.2462764733139395,
    1.2462764733139395,
    2.0214625475659704
  ]
}