{
  "horizon": 95,
  "lower_objective": 2.220933862149503,
  "lower_values": [
    2.1709169965124313,
    2.1250407154422906,
    2.1250407154422906,
    2.1709169965124313,
    2.1709169965124313,
    2.562770752475142
  ],
  "method": "deterministic_joint_state_belief_propagation",
  "objective_estimate": 2.2211688929022495,
  "status": "same_as_normal_no_violations",
  "tail_interval_width": 0.0004700615054935575,
  "total_belief_nodes": 27078,
  "unrestricted_upper_minus_restricted_lower": 0.011128285112667058,
  "upper_objective": 2.2214039236549965,
  "upper_values": [
    2.171387058017925,
    2.1255107769477832,
    2.1255107769477832,
    2.171387058017925,
    2.171387058017925,
    2.5632408139806375
  ]
}