{
  "horizon": 95,
  "lower_objective": 3.1492166403652497,
  "lower_values": [
    3.4906938089976687,
    2.959722544909795,
    2.818468952521069,
    3.1759981818555034,
    3.4906938089976687,
    2.959722544909795
  ],
  "method": "deterministic_joint_state_belief_propagation",
  "objective_estimate": 3.149451671118012,
  "status": "ok",
  "tail_interval_width": 0.0004700615055241997,
  "total_belief_nodes": 48580,
  "upper_objective": 3.149686701870774,
  "upper_values": [
    3.491163870503163,
    2.9601926064152884,
    2.8189390140267463,
    3.176468243360997,
    3.491163870503163,
    2.9601926064152884
  ]
}