{
  "horizon": 95,
  "lower_objective": 2.480443412702355,
  "lower_values": [
    2.819389747317219,
    2.3971762458204857,
    2.42297274575198,
    2.3971762458204857,
    2.42297274575198,
    2.42297274575198
  ],
  "method": "deterministic_joint_state_belief_propagation",
  "objective_estimate": 2.4806784434551017,
  "status": "same_as_normal_no_violations",
  "tail_interval_width": 0.00047006150549311343,
  "total_belief_nodes": 38829,
  "unrestricted_upper_minus_restricted_lower": 0.004872957653700993,
  "upper_objective": 2.4809134742078482,
  "upper_values": [
    2.81985980882271,
    2.3976463073259793,
    2.423442807257474,
    2.3976463073259793,
    2.423442807257474,
    2.423442807257474
  ]
}