{
  "horizon": 95,
  "lower_objective": 4.626041307970979,
  "lower_values": [
    4.197888592527189,
    5.018058693606943,
    5.018058693606943,
    4.252091587238929,
    4.252091587238929,
    5.018058693606943
  ],
  "method": "deterministic_joint_state_belief_propagation",
  "objective_estimate": 4.626276338723726,
  "status": "ok",
  "tail_interval_width": 0.0004700615054940016,
  "total_belief_nodes": 44068,
  "upper_objective": 4.626511369476473,
  "upper_values": [
    4.198358654032683,
    5.0185287551124365,
    5.0185287551124365,
    4.2525616487444236,
    4.2525616487444236,
    5.0185287551124365
  ]
}