iteration	elapsed_seconds	root_lower	root_upper	root_gap
0.0	1.0013580322265625e-5	-99.00000000000004	2.23832164152778	101.23832164152782
1.0	0.0003371238708496094	1.9925757577732692	2.23832164152778	0.24574588375451056
2.0	0.013549089431762695	2.227741454561487	2.23832164152778	0.010580186966292704
3.0	0.029816150665283203	2.2309522598390217	2.236784733320757	0.005832473481735434
