{
  "horizon": 95,
  "lower_objective": 3.249467863524584,
  "lower_values": [
    3.027946297015056,
    3.027946297015056,
    3.4190470380253584,
    3.4190470380253584,
    3.183773473041317,
    3.4190470380253584
  ],
  "method": "deterministic_joint_state_belief_propagation",
  "objective_estimate": 3.2497028942773305,
  "status": "ok",
  "tail_interval_width": 0.00047006150549222525,
  "total_belief_nodes": 35558,
  "upper_objective": 3.249937925030076,
  "upper_values": [
    3.02841635852055,
    3.02841635852055,
    3.4195170995308497,
    3.4195170995308497,
    3.184243534546809,
    3.4195170995308497
  ]
}