{
  "horizon": 95,
  "lower_objective": 1.8597866238373995,
  "lower_values": [
    1.650831437214864,
    1.650831437214864,
    1.8081341463925926,
    1.8081341463925926,
    2.035469739396622,
    2.205318836412861
  ],
  "method": "deterministic_joint_state_belief_propagation",
  "objective_estimate": 1.8600216545901458,
  "status": "same_as_normal_no_violations",
  "tail_interval_width": 0.0004700615054933355,
  "total_belief_nodes": 64290,
  "unrestricted_upper_minus_restricted_lower": 0.07567722847302183,
  "upper_objective": 1.8602566853428928,
  "upper_values": [
    1.6513014987203574,
    1.6513014987203574,
    1.8086042078980853,
    1.8086042078980853,
    2.0359398009021166,
    2.205788897918355
  ]
}