{
  "horizon": 95,
  "lower_objective": 3.230193985776867,
  "lower_values": [
    2.8127932824411004,
    3.5787789542836626,
    3.2078711516917524,
    3.2078711516917524,
    2.995070420269272,
    3.5787789542836626
  ],
  "method": "deterministic_joint_state_belief_propagation",
  "objective_estimate": 3.2304290165296132,
  "status": "ok",
  "tail_interval_width": 0.00047006150549222525,
  "total_belief_nodes": 49674,
  "upper_objective": 3.2306640472823593,
  "upper_values": [
    2.8132633439465926,
    3.579249015789155,
    3.2083412131972446,
    3.2083412131972446,
    2.9955404817747664,
    3.579249015789155
  ]
}