{
  "horizon": 95,
  "lower_objective": 3.633825318867123,
  "lower_values": [
    3.377423208357827,
    3.377423208357827,
    4.131655353722984,
    3.4567128118771944,
    3.3280819771639245,
    4.131655353722984
  ],
  "method": "deterministic_joint_state_belief_propagation",
  "objective_estimate": 3.63406034961987,
  "status": "same_as_normal_no_violations",
  "tail_interval_width": 0.0004700615054948898,
  "total_belief_nodes": 22383,
  "unrestricted_upper_minus_restricted_lower": 0.01027691292864752,
  "upper_objective": 3.6342953803726177,
  "upper_values": [
    3.3778932698633226,
    3.3778932698633226,
    4.132125415228477,
    3.4571828733826875,
    3.3285520386694194,
    4.132125415228477
  ]
}