{
  "horizon": 95,
  "lower_objective": 2.478864741241553,
  "lower_values": [
    2.81840089754239,
    2.393851323719431,
    2.422361634156022,
    2.393851323719431,
    2.422361634156022,
    2.422361634156022
  ],
  "method": "deterministic_joint_state_belief_propagation",
  "objective_estimate": 2.4790997719942984,
  "status": "ok",
  "tail_interval_width": 0.00047006150549133707,
  "total_belief_nodes": 38831,
  "upper_objective": 2.4793348027470445,
  "upper_values": [
    2.818870959047883,
    2.3943213852249228,
    2.422831695661513,
    2.3943213852249228,
    2.422831695661513,
    2.422831695661513
  ]
}