{
  "horizon": 95,
  "lower_objective": 2.6848933124334806,
  "lower_values": [
    2.6933172532415086,
    2.6933172532415086,
    2.6933172532415086,
    2.9299251832651625,
    2.4061656783696876,
    2.6933172532415086
  ],
  "method": "deterministic_joint_state_belief_propagation",
  "objective_estimate": 2.6851283431862276,
  "status": "same_as_normal_no_violations",
  "tail_interval_width": 0.0004700615054940016,
  "total_belief_nodes": 27535,
  "unrestricted_upper_minus_restricted_lower": 0.011248363810396622,
  "upper_objective": 2.6853633739389746,
  "upper_values": [
    2.693787314747003,
    2.693787314747003,
    2.693787314747003,
    2.930395244770655,
    2.406635739875181,
    2.693787314747003
  ]
}