{
  "horizon": 1220,
  "lower_objective": 49.15223619811136,
  "lower_values": [
    49.313006863290155,
    48.98067335546446,
    49.33205766267576,
    49.313006863290155,
    49.33205766267576,
    48.64261478127191
  ],
  "method": "deterministic_joint_state_belief_propagation",
  "objective_estimate": 49.15248444845436,
  "status": "ok",
  "tail_interval_width": 0.0004965006859904975,
  "total_belief_nodes": 877718,
  "upper_objective": 49.15273269879735,
  "upper_values": [
    49.31350336397614,
    48.98116985615044,
    49.33255416336175,
    49.31350336397614,
    49.33255416336175,
    48.64311128195787
  ]
}