{
  "horizon": 95,
  "lower_objective": 2.469690563683745,
  "lower_values": [
    2.7109114033518527,
    2.7109114033518527,
    2.369138679134455,
    2.369138679134455,
    2.28907101885453,
    2.368972198275326
  ],
  "method": "deterministic_joint_state_belief_propagation",
  "objective_estimate": 2.4699255944364924,
  "status": "same_as_normal_no_violations",
  "tail_interval_width": 0.0004700615054948898,
  "total_belief_nodes": 99280,
  "unrestricted_upper_minus_restricted_lower": 0.021654489541813593,
  "upper_objective": 2.47016062518924,
  "upper_values": [
    2.711381464857347,
    2.711381464857347,
    2.3696087406399493,
    2.3696087406399493,
    2.289541080360025,
    2.3694422597808216
  ]
}