{
  "horizon": 95,
  "lower_objective": 6.206527403909011,
  "lower_values": [
    6.428343084587512,
    5.690219289473046,
    5.835572795630973,
    6.428343084587512,
    6.428343084587512,
    6.428343084587512
  ],
  "method": "deterministic_joint_state_belief_propagation",
  "objective_estimate": 6.206762434661779,
  "status": "ok",
  "tail_interval_width": 0.00047006150553752235,
  "total_belief_nodes": 3630,
  "upper_objective": 6.206997465414548,
  "upper_values": [
    6.428813146093002,
    5.690689350978673,
    5.83604285713661,
    6.428813146093002,
    6.428813146093002,
    6.428813146093002
  ]
}