{
  "horizon": 95,
  "lower_objective": 2.6550377721625624,
  "lower_values": [
    2.843284215771647,
    3.1661945310294226,
    2.3918762371582445,
    2.843284215771647,
    2.3249939247930858,
    2.3605935084513296
  ],
  "method": "deterministic_joint_state_belief_propagation",
  "objective_estimate": 2.6552728029153103,
  "status": "ok",
  "tail_interval_width": 0.00047006150549577796,
  "total_belief_nodes": 119061,
  "upper_objective": 2.655507833668058,
  "upper_values": [
    2.8437542772771423,
    3.1666645925349175,
    2.39234629866374,
    2.8437542772771423,
    2.325463986298581,
    2.361063569956825
  ]
}