iteration	elapsed_seconds	root_lower	root_upper	root_gap
0.0	7.867813110351562e-6	-99.00000000000004	2.23832164152778	101.23832164152782
1.0	0.0003387928009033203	1.9925757577732692	2.23832164152778	0.24574588375451056
2.0	0.012050867080688477	2.227956351973122	2.23832164152778	0.010365289554657764
3.0	0.026770830154418945	2.231191559753742	2.2368350750275474	0.005643515273805466
