{
  "action_encoding": {
    "formula": "action = prescription_index * n_receiver_actions + receiver_action",
    "solver_jpo_action_offset": 1,
    "state_zero_bit": "most_significant"
  },
  "bounds": {
    "gap": 1.7110822225774314e-07,
    "lower_objective": 2.2356282939665473,
    "lower_values": [
      2.026382400098804,
      2.176131500111516,
      2.4940073793951143,
      2.4940073793951143,
      2.1968587046999306,
      2.026382400098804
    ],
    "root_gap": 1.7110822289920532e-07,
    "root_lower_objective": 2.2356282939665473,
    "root_upper_objective": 2.23562846507477,
    "upper_objective": 2.2356284650747695,
    "upper_values": [
      2.026382571207027,
      2.1761316712197387,
      2.494007550503337,
      2.494007550503337,
      2.196858875808153,
      2.026382571207027
    ]
  },
  "initialization": {
    "initial_beliefs": [
      [
        1.0,
        0.0,
        0.0,
        0.0,
        0.0,
        0.0
      ],
      [
        0.0,
        1.0,
        0.0,
        0.0,
        0.0,
        0.0
      ],
      [
        0.0,
        0.0,
        1.0,
        0.0,
        0.0,
        0.0
      ],
      [
        0.0,
        0.0,
        0.0,
        1.0,
        0.0,
        0.0
      ],
      [
        0.0,
        0.0,
        0.0,
        0.0,
        1.0,
        0.0
      ],
      [
        0.0,
        0.0,
        0.0,
        0.0,
        0.0,
        1.0
      ]
    ],
    "initial_weights": [
      0.16666666666666666,
      0.16666666666666666,
      0.16666666666666666,
      0.16666666666666666,
      0.16666666666666666,
      0.16666666666666666
    ],
    "kind": "single synthetic root revealing a uniformly sampled physical state",
    "root_value_scale": "V_root / gamma, gamma=0.9"
  },
  "model": {
    "beta": 0.05,
    "epsilon": 0.09000000000000001,
    "gamma": 0.9,
    "mdp_density": 0.5,
    "mdp_seed": 1883563502,
    "mdp_sha256": "25fdd64e15b7289e893bde89d830a71150810e7bdbe236169af47f90e6d6f9ab",
    "n_jpo_actions": 128,
    "n_prescriptions": 64,
    "n_receiver_actions": 2,
    "n_states": 6
  },
  "runtime": {
    "julia": "1.12.6",
    "native_sarsop": "0.1.4",
    "pomdp_tools": "1.1.0",
    "pomdps": "1.0.0"
  },
  "solver": {
    "delta": 0.0001,
    "export_beliefs": false,
    "initial_bound_max_time": 30.0,
    "initial_bound_residual": 1e-08,
    "initial_upper_bound": "fully_observable",
    "kappa": 0.5,
    "max_steps": 1000000,
    "max_time": 600.0,
    "precision": 0.01,
    "prune_threshold": 0.1,
    "search_epsilon": 0.01,
    "use_binning": true
  },
  "training": {
    "alpha_count": 2,
    "belief_count": 904,
    "elapsed_seconds": 0.11067891120910645,
    "history": [
      {
        "elapsed_seconds": 9.059906005859375e-06,
        "initial_gap": 112.23562846507481,
        "initial_lower_objective": -110.00000000000004,
        "initial_upper_objective": 2.23562846507477,
        "iteration": 0,
        "root_gap": 101.01206561856733,
        "root_lower": -99.00000000000004,
        "root_upper": 2.012065618567293
      },
      {
        "elapsed_seconds": 0.00031304359436035156,
        "initial_gap": 1.7110822289920532e-07,
        "initial_lower_objective": 2.2356282939665473,
        "initial_upper_objective": 2.23562846507477,
        "iteration": 1,
        "root_gap": 1.539974006092848e-07,
        "root_lower": 2.0120654645698925,
        "root_upper": 2.012065618567293
      }
    ],
    "initial_lower_residual": 8.206448409708855e-09,
    "initial_lower_subsolution_shift": 4.036746492630528e-09,
    "initial_upper_bound": "fully_observable",
    "initial_upper_iterations": 168,
    "initial_upper_residual": 9.893749375322614e-09,
    "initialization_seconds": 0.22272610664367676,
    "iterations": 1,
    "stop_reason": "precision"
  }
}