{
  "horizon": 95,
  "lower_objective": 3.0456454568431566,
  "lower_values": [
    2.9144633978533734,
    2.9144633978533734,
    2.9144633978533734,
    2.9049609419513205,
    3.711058207694126,
    2.9144633978533734
  ],
  "method": "deterministic_joint_state_belief_propagation",
  "objective_estimate": 3.0458804875959027,
  "status": "ok",
  "tail_interval_width": 0.00047006150549222525,
  "total_belief_nodes": 24681,
  "upper_objective": 3.046115518348649,
  "upper_values": [
    2.9149334593588656,
    2.9149334593588656,
    2.9149334593588656,
    2.9054310034568127,
    3.7115282691996185,
    2.9149334593588656
  ]
}