{
  "horizon": 95,
  "lower_objective": 3.8964862833464524,
  "lower_values": [
    3.7765075013804137,
    4.138216020769039,
    3.772963154399398,
    4.138216020769039,
    3.7765075013804137,
    3.7765075013804137
  ],
  "method": "deterministic_joint_state_belief_propagation",
  "objective_estimate": 3.8967213140991994,
  "status": "ok",
  "tail_interval_width": 0.00047006150549311343,
  "total_belief_nodes": 43013,
  "upper_objective": 3.8969563448519455,
  "upper_values": [
    3.776977562885907,
    4.138686082274532,
    3.7734332159048902,
    4.138686082274532,
    3.776977562885907,
    3.776977562885907
  ]
}