{
  "alpha_vector_count": 7,
  "analysis_discounted_tail_bound": 9.67774912024056e-09,
  "analysis_horizon": 197,
  "analysis_total_belief_nodes": 16479,
  "beta": 0.05,
  "candidate_index": 51,
  "discounted_transmission_occupancy": 2.188042862454775,
  "epsilon": 0.04000000000000001,
  "epsilon_index": 3,
  "gamma": 0.9,
  "index": 513,
  "margin": -0.29560000000000014,
  "margin_region": "m<0",
  "mdp_seed": 1063508366,
  "normal_minus_restricted_lower": 0.007194988729808394,
  "normal_minus_restricted_upper": 0.008135111740795065,
  "normal_minus_restricted_value": 0.007665050235302395,
  "normal_policy_horizon": 95,
  "normal_policy_interval_width": 0.00047006150549311343,
  "normal_policy_lower_bound": 3.8964862833464524,
  "normal_policy_total_belief_nodes": 43013,
  "normal_policy_upper_bound": 3.8969563448519455,
  "normal_policy_value": 3.8967213140991994,
  "point_id": "seed_1063508366_e03",
  "restricted_policy_horizon": 95,
  "restricted_policy_interval_width": 0.0004700615054935575,
  "restricted_policy_lower_bound": 3.8888212331111505,
  "restricted_policy_status": "ok",
  "restricted_policy_total_belief_nodes": 43004,
  "restricted_policy_upper_bound": 3.889291294616644,
  "restricted_policy_value": 3.889056263863897,
  "reused_solver_checkpoint": false,
  "root_gap": 0.08720790569997108,
  "sampled_belief_count": 1586572,
  "sarsop_gap": 0.08720790569997083,
  "sarsop_gap_within_acceptance_threshold": true,
  "sarsop_lower_bound": 3.896683981936129,
  "sarsop_upper_bound": 3.9838918876361,
  "solver_elapsed_seconds": 604.9870100021362,
  "solver_iterations": 79,
  "solver_stop_reason": "max_time",
  "status": "ok",
  "violation_count": 42,
  "violation_discounted_event_occupancy": 0.13556100389908138,
  "violation_first_depth_max": 29,
  "violation_first_depth_min": 1
}