{
  "horizon": 95,
  "lower_objective": 4.761599729133149,
  "lower_values": [
    4.9322564887123646,
    4.579762338071791,
    4.9322564887123646,
    4.9322564887123646,
    4.9322564887123646,
    4.260810081877649
  ],
  "method": "deterministic_joint_state_belief_propagation",
  "objective_estimate": 4.761834759885916,
  "status": "ok",
  "tail_interval_width": 0.00047006150553396964,
  "total_belief_nodes": 13316,
  "unrestricted_upper_minus_restricted_lower": 0.13549894191957712,
  "upper_objective": 4.762069790638683,
  "upper_values": [
    4.932726550217856,
    4.580232399577284,
    4.932726550217856,
    4.932726550217856,
    4.932726550217856,
    4.2612801433833924
  ]
}