{
  "horizon": 95,
  "lower_objective": 4.720846113851112,
  "lower_values": [
    4.8954539739065055,
    4.529831185141991,
    4.8954539739065055,
    4.8954539739065055,
    4.8954539739065055,
    4.213429602338664
  ],
  "method": "deterministic_joint_state_belief_propagation",
  "objective_estimate": 4.721091265545366,
  "status": "ok",
  "tail_interval_width": 0.0004903033885055308,
  "total_belief_nodes": 23134,
  "upper_objective": 4.721336417239618,
  "upper_values": [
    4.895944277295011,
    4.5303214885305,
    4.895944277295011,
    4.895944277295011,
    4.895944277295011,
    4.213919905727168
  ]
}