{
  "horizon": 95,
  "lower_objective": 2.799762046116808,
  "lower_values": [
    3.0351224538919905,
    2.7763244205760995,
    3.0351224538919905,
    2.5642499559856624,
    2.7763244205760995,
    2.6114285717790056
  ],
  "method": "deterministic_joint_state_belief_propagation",
  "objective_estimate": 2.7999970768695546,
  "status": "same_as_normal_no_violations",
  "tail_interval_width": 0.00047006150549311343,
  "total_belief_nodes": 66568,
  "unrestricted_upper_minus_restricted_lower": 0.10571509633514964,
  "upper_objective": 2.800232107622301,
  "upper_values": [
    3.0355925153974828,
    2.7767944820815926,
    3.0355925153974828,
    2.564720017491157,
    2.7767944820815926,
    2.6118986332845004
  ]
}