{
  "horizon": 95,
  "lower_objective": 1.4136429936385313,
  "lower_values": [
    1.3860558031006676,
    1.2940648645594757,
    1.3757565098702724,
    1.3860558031006676,
    1.8236801030718848,
    1.2162448781282207
  ],
  "method": "deterministic_joint_state_belief_propagation",
  "objective_estimate": 1.4138780243912779,
  "status": "ok",
  "tail_interval_width": 0.00047006150549311343,
  "total_belief_nodes": 105389,
  "upper_objective": 1.4141130551440244,
  "upper_values": [
    1.3865258646061616,
    1.2945349260649675,
    1.3762265713757653,
    1.3865258646061616,
    1.8241501645773786,
    1.2167149396337136
  ]
}