{
  "horizon": 95,
  "lower_objective": 2.5171316719535985,
  "lower_values": [
    2.5626451691672316,
    2.5626451691672316,
    2.5626451691672316,
    2.78315385941454,
    2.301354730921265,
    2.330345933884093
  ],
  "method": "deterministic_joint_state_belief_propagation",
  "objective_estimate": 2.517366702706345,
  "status": "ok",
  "tail_interval_width": 0.00047006150549266934,
  "total_belief_nodes": 67525,
  "upper_objective": 2.517601733459091,
  "upper_values": [
    2.5631152306727247,
    2.5631152306727247,
    2.5631152306727247,
    2.7836239209200313,
    2.301824792426757,
    2.3308159953895866
  ]
}