{
  "horizon": 95,
  "lower_objective": 3.550006424501947,
  "lower_values": [
    3.343061808727463,
    3.99784005861339,
    3.343061808727463,
    3.99784005861339,
    3.260700318787131,
    3.3575344935428473
  ],
  "method": "deterministic_joint_state_belief_propagation",
  "objective_estimate": 3.5502414552546933,
  "status": "ok",
  "tail_interval_width": 0.00047006150549222525,
  "total_belief_nodes": 41313,
  "unrestricted_upper_minus_restricted_lower": 0.11286809945144949,
  "upper_objective": 3.5504764860074394,
  "upper_values": [
    3.343531870232956,
    3.9983101201188824,
    3.343531870232956,
    3.9983101201188824,
    3.2611703802926217,
    3.358004555048339
  ]
}