{
  "alpha_vector_count": 11,
  "analysis_discounted_tail_bound": 9.67774912024056e-09,
  "analysis_horizon": 197,
  "analysis_total_belief_nodes": 15691,
  "beta": 0.05,
  "candidate_index": 18,
  "discounted_transmission_occupancy": 3.3768825998362266,
  "epsilon": 0.1,
  "epsilon_index": 9,
  "gamma": 0.9,
  "index": 189,
  "margin": -0.7600000000000003,
  "margin_region": "m<0",
  "mdp_seed": 1746243620,
  "normal_minus_restricted_lower": 0.08906166522310688,
  "normal_minus_restricted_upper": 0.09000178823409133,
  "normal_minus_restricted_value": 0.0895317267285991,
  "normal_policy_horizon": 95,
  "normal_policy_interval_width": 0.00047006150549222525,
  "normal_policy_lower_bound": 3.6395381512305462,
  "normal_policy_total_belief_nodes": 41461,
  "normal_policy_upper_bound": 3.6400082127360385,
  "normal_policy_value": 3.6397731819832924,
  "point_id": "seed_1746243620_e09",
  "restricted_policy_horizon": 95,
  "restricted_policy_interval_width": 0.00047006150549222525,
  "restricted_policy_lower_bound": 3.550006424501947,
  "restricted_policy_status": "ok",
  "restricted_policy_total_belief_nodes": 41313,
  "restricted_policy_upper_bound": 3.5504764860074394,
  "restricted_policy_value": 3.5502414552546933,
  "reused_solver_checkpoint": false,
  "root_gap": 0.023155575881949175,
  "sampled_belief_count": 9178093,
  "sarsop_gap": 0.023144689765659088,
  "sarsop_gap_within_acceptance_threshold": true,
  "sarsop_lower_bound": 3.6397298341877375,
  "sarsop_upper_bound": 3.6628745239533966,
  "solver_elapsed_seconds": 601.2368190288544,
  "solver_iterations": 908,
  "solver_stop_reason": "max_time",
  "status": "ok",
  "violation_count": 85,
  "violation_discounted_event_occupancy": 1.4399246702924275,
  "violation_first_depth_max": 26,
  "violation_first_depth_min": 0
}