{
  "horizon": 95,
  "lower_objective": 3.4733419247212654,
  "lower_values": [
    3.678495138737778,
    3.678495138737778,
    3.2234193755638074,
    3.3577273809866472,
    3.678495138737778,
    3.2234193755638074
  ],
  "method": "deterministic_joint_state_belief_propagation",
  "objective_estimate": 3.473576955474013,
  "status": "ok",
  "tail_interval_width": 0.0004700615054940016,
  "total_belief_nodes": 38547,
  "upper_objective": 3.4738119862267594,
  "upper_values": [
    3.6789652002432707,
    3.6789652002432707,
    3.223889437069301,
    3.3581974424921452,
    3.6789652002432707,
    3.223889437069301
  ]
}