{
  "horizon": 95,
  "lower_objective": 6.206768080416527,
  "lower_values": [
    6.428343084587512,
    5.690419236110087,
    5.836816908039028,
    6.428343084587512,
    6.428343084587512,
    6.428343084587512
  ],
  "method": "deterministic_joint_state_belief_propagation",
  "objective_estimate": 6.2070031111692945,
  "status": "same_as_normal_no_violations",
  "tail_interval_width": 0.0004700615055348578,
  "total_belief_nodes": 3477,
  "unrestricted_upper_minus_restricted_lower": 0.0017877775689356667,
  "upper_objective": 6.207238141922062,
  "upper_values": [
    6.428813146093002,
    5.690889297615666,
    5.837286969544705,
    6.428813146093002,
    6.428813146093002,
    6.428813146093002
  ]
}