{
  "action_encoding": {
    "formula": "action = prescription_index * n_receiver_actions + receiver_action",
    "solver_jpo_action_offset": 1,
    "state_zero_bit": "most_significant"
  },
  "bounds": {
    "gap": 0.010321273355610394,
    "lower_objective": 5.04256568526768,
    "lower_values": [
      5.218600830704974,
      4.855135945839555,
      5.218582339866642,
      5.218600830704974,
      5.218582339866642,
      4.525891824623293
    ],
    "root_gap": 0.010330379249172437,
    "root_lower_objective": 5.042565685267681,
    "root_upper_objective": 5.052896064516854,
    "upper_objective": 5.05288695862329,
    "upper_values": [
      5.2283384033733125,
      4.866542828891534,
      5.2295243300071155,
      5.228651352592603,
      5.228187643774038,
      4.536077193101136
    ]
  },
  "initialization": {
    "initial_beliefs": [
      [
        1.0,
        0.0,
        0.0,
        0.0,
        0.0,
        0.0
      ],
      [
        0.0,
        1.0,
        0.0,
        0.0,
        0.0,
        0.0
      ],
      [
        0.0,
        0.0,
        1.0,
        0.0,
        0.0,
        0.0
      ],
      [
        0.0,
        0.0,
        0.0,
        1.0,
        0.0,
        0.0
      ],
      [
        0.0,
        0.0,
        0.0,
        0.0,
        1.0,
        0.0
      ],
      [
        0.0,
        0.0,
        0.0,
        0.0,
        0.0,
        1.0
      ]
    ],
    "initial_weights": [
      0.16666666666666666,
      0.16666666666666666,
      0.16666666666666666,
      0.16666666666666666,
      0.16666666666666666,
      0.16666666666666666
    ],
    "kind": "single synthetic root revealing a uniformly sampled physical state",
    "root_value_scale": "V_root / gamma, gamma=0.9"
  },
  "model": {
    "beta": 0.0,
    "epsilon": 0.09,
    "gamma": 0.9,
    "mdp_density": 0.5,
    "mdp_seed": 1111,
    "mdp_sha256": "580f9fa806b22e34e0f0d1010a1012409199158e69e3f71c129e1c5119fb8d6a",
    "n_jpo_actions": 128,
    "n_prescriptions": 64,
    "n_receiver_actions": 2,
    "n_states": 6
  },
  "runtime": {
    "julia": "1.12.6",
    "native_sarsop": "0.1.4",
    "pomdp_tools": "1.1.0",
    "pomdps": "1.0.0"
  },
  "solver": {
    "delta": 0.0001,
    "export_beliefs": false,
    "initial_bound_max_time": 30.0,
    "initial_bound_residual": 1e-08,
    "initial_upper_bound": "fib",
    "kappa": 0.5,
    "max_steps": 1000000,
    "max_time": 700.0,
    "precision": 0.01,
    "prune_threshold": 0.1,
    "search_epsilon": 0.01,
    "use_binning": true
  },
  "training": {
    "alpha_count": 7,
    "belief_count": 605011,
    "elapsed_seconds": 0.8516829013824463,
    "history": [
      {
        "elapsed_seconds": 9.059906005859375e-06,
        "initial_gap": 115.05359579853419,
        "initial_lower_objective": -110.00000000000004,
        "initial_upper_objective": 5.053595798534138,
        "iteration": 0,
        "root_gap": 103.54823621868077,
        "root_lower": -99.00000000000004,
        "root_upper": 4.548236218680724
      },
      {
        "elapsed_seconds": 0.015904903411865234,
        "initial_gap": 1.4246386562287647,
        "initial_lower_objective": 3.6289571423053735,
        "initial_upper_objective": 5.053595798534138,
        "iteration": 1,
        "root_gap": 1.2821747906058882,
        "root_lower": 3.266061428074836,
        "root_upper": 4.548236218680724
      },
      {
        "elapsed_seconds": 0.023910999298095703,
        "initial_gap": 0.8062143760091198,
        "initial_lower_objective": 4.247381422525018,
        "initial_upper_objective": 5.053595798534138,
        "iteration": 2,
        "root_gap": 0.7255929384082078,
        "root_lower": 3.8226432802725165,
        "root_upper": 4.548236218680724
      },
      {
        "elapsed_seconds": 0.03493690490722656,
        "initial_gap": 0.518697780003359,
        "initial_lower_objective": 4.534898017164147,
        "initial_upper_objective": 5.053595797167506,
        "iteration": 3,
        "root_gap": 0.4668280020030231,
        "root_lower": 4.081408215447732,
        "root_upper": 4.548236217450755
      },
      {
        "elapsed_seconds": 0.04878687858581543,
        "initial_gap": 0.27554009068022584,
        "initial_lower_objective": 4.77805570648728,
        "initial_upper_objective": 5.053595797167506,
        "iteration": 4,
        "root_gap": 0.24798608161220326,
        "root_lower": 4.300250135838552,
        "root_upper": 4.548236217450755
      },
      {
        "elapsed_seconds": 0.06918001174926758,
        "initial_gap": 0.20183620553071632,
        "initial_lower_objective": 4.85175959163679,
        "initial_upper_objective": 5.053595797167506,
        "iteration": 5,
        "root_gap": 0.1816525849776447,
        "root_lower": 4.366583632473111,
        "root_upper": 4.548236217450755
      },
      {
        "elapsed_seconds": 0.09580802917480469,
        "initial_gap": 0.18464078658951166,
        "initial_lower_objective": 4.868955010577994,
        "initial_upper_objective": 5.053595797167506,
        "iteration": 6,
        "root_gap": 0.1661767079305605,
        "root_lower": 4.382059509520195,
        "root_upper": 4.548236217450755
      },
      {
        "elapsed_seconds": 0.1265108585357666,
        "initial_gap": 0.13559547748127126,
        "initial_lower_objective": 4.918000319686235,
        "initial_upper_objective": 5.053595797167506,
        "iteration": 7,
        "root_gap": 0.12203592973314414,
        "root_lower": 4.426200287717611,
        "root_upper": 4.548236217450755
      },
      {
        "elapsed_seconds": 0.1649489402770996,
        "initial_gap": 0.09393984353287384,
        "initial_lower_objective": 4.959655953634632,
        "initial_upper_objective": 5.053595797167506,
        "iteration": 8,
        "root_gap": 0.08454585917958646,
        "root_lower": 4.463690358271169,
        "root_upper": 4.548236217450755
      },
      {
        "elapsed_seconds": 0.16672897338867188,
        "initial_gap": 0.08939606640650805,
        "initial_lower_objective": 4.9641997305413605,
        "initial_upper_objective": 5.053595796947868,
        "iteration": 9,
        "root_gap": 0.08045645976585725,
        "root_lower": 4.467779757487224,
        "root_upper": 4.5482362172530815
      },
      {
        "elapsed_seconds": 0.20873689651489258,
        "initial_gap": 0.06559756309713233,
        "initial_lower_objective": 4.987998233850736,
        "initial_upper_objective": 5.053595796947868,
        "iteration": 10,
        "root_gap": 0.0590378067874191,
        "root_lower": 4.489198410465662,
        "root_upper": 4.5482362172530815
      },
      {
        "elapsed_seconds": 0.25732994079589844,
        "initial_gap": 0.05390365438537042,
        "initial_lower_objective": 4.999692142562497,
        "initial_upper_objective": 5.053595796947868,
        "iteration": 11,
        "root_gap": 0.04851328894683338,
        "root_lower": 4.499722928306248,
        "root_upper": 4.5482362172530815
      },
      {
        "elapsed_seconds": 0.3123619556427002,
        "initial_gap": 0.040972275545892875,
        "initial_lower_objective": 5.012623521401975,
        "initial_upper_objective": 5.053595796947868,
        "iteration": 12,
        "root_gap": 0.03687504799130359,
        "root_lower": 4.511361169261778,
        "root_upper": 4.5482362172530815
      },
      {
        "elapsed_seconds": 0.37714099884033203,
        "initial_gap": 0.030525670771993023,
        "initial_lower_objective": 5.023070126175875,
        "initial_upper_objective": 5.053595796947868,
        "iteration": 13,
        "root_gap": 0.02747310369479372,
        "root_lower": 4.520763113558288,
        "root_upper": 4.5482362172530815
      },
      {
        "elapsed_seconds": 0.43408799171447754,
        "initial_gap": 0.024182154647642347,
        "initial_lower_objective": 5.029413642300226,
        "initial_upper_objective": 5.053595796947868,
        "iteration": 14,