{
  "horizon": 95,
  "lower_objective": 5.381185716088076,
  "lower_values": [
    5.105064646284851,
    5.105064646284851,
    5.5192462509896885,
    5.5192462509896885,
    5.5192462509896885,
    5.5192462509896885
  ],
  "method": "deterministic_joint_state_belief_propagation",
  "objective_estimate": 5.3814207468408215,
  "status": "ok",
  "tail_interval_width": 0.00047006150549222525,
  "total_belief_nodes": 25840,
  "upper_objective": 5.3816557775935685,
  "upper_values": [
    5.105534707790343,
    5.105534707790343,
    5.519716312495181,
    5.519716312495181,
    5.519716312495181,
    5.519716312495181
  ]
}