{
  "horizon": 95,
  "lower_objective": 3.114155712886051,
  "lower_values": [
    3.4592341535497932,
    2.9226387050149065,
    2.7770469308999566,
    3.14414162928695,
    3.4592341535497932,
    2.9226387050149065
  ],
  "method": "deterministic_joint_state_belief_propagation",
  "objective_estimate": 3.1143907436388285,
  "status": "ok",
  "tail_interval_width": 0.0004700615055552859,
  "total_belief_nodes": 49614,
  "upper_objective": 3.114625774391606,
  "upper_values": [
    3.4597042150552872,
    2.9231087665204,
    2.7775169924058227,
    3.1446116907924417,
    3.4597042150552872,
    2.9231087665204
  ]
}