{
  "horizon": 95,
  "lower_objective": 2.500204058895119,
  "lower_values": [
    2.5458015826273024,
    2.5458015826273024,
    2.5458015826273024,
    2.766568233757804,
    2.2846715177928765,
    2.3125798539381264
  ],
  "method": "deterministic_joint_state_belief_propagation",
  "objective_estimate": 2.500439089647865,
  "status": "ok",
  "tail_interval_width": 0.00047006150549222525,
  "total_belief_nodes": 66876,
  "upper_objective": 2.5006741204006113,
  "upper_values": [
    2.5462716441327946,
    2.5462716441327946,
    2.5462716441327946,
    2.7670382952632964,
    2.2851415792983687,
    2.3130499154436195
  ]
}