{
  "action_encoding": {
    "formula": "action = prescription_index * n_receiver_actions + receiver_action",
    "solver_jpo_action_offset": 1,
    "state_zero_bit": "most_significant"
  },
  "bounds": {
    "gap": 0.06920830363212094,
    "lower_objective": 1.9983180088667742,
    "lower_values": [
      1.7725760953897123,
      1.9481873335336672,
      2.306003487581136,
      1.9595903693103038,
      1.6975472798046911,
      2.306003487581136
    ],
    "root_gap": 0.06920830363212079,
    "root_lower_objective": 1.9983180088667742,
    "root_upper_objective": 2.067526312498895,
    "upper_objective": 2.067526312498895,
    "upper_values": [
      1.8453947675292448,
      2.016853206731473,
      2.3763900090494685,
      2.0244078656586213,
      1.7657220251656172,
      2.376390000858949
    ]
  },
  "initialization": {
    "initial_beliefs": [
      [
        1.0,
        0.0,
        0.0,
        0.0,
        0.0,
        0.0
      ],
      [
        0.0,
        1.0,
        0.0,
        0.0,
        0.0,
        0.0
      ],
      [
        0.0,
        0.0,
        1.0,
        0.0,
        0.0,
        0.0
      ],
      [
        0.0,
        0.0,
        0.0,
        1.0,
        0.0,
        0.0
      ],
      [
        0.0,
        0.0,
        0.0,
        0.0,
        1.0,
        0.0
      ],
      [
        0.0,
        0.0,
        0.0,
        0.0,
        0.0,
        1.0
      ]
    ],
    "initial_weights": [
      0.16666666666666666,
      0.16666666666666666,
      0.16666666666666666,
      0.16666666666666666,
      0.16666666666666666,
      0.16666666666666666
    ],
    "kind": "single synthetic root revealing a uniformly sampled physical state",
    "root_value_scale": "V_root / gamma, gamma=0.9"
  },
  "model": {
    "beta": 0.05,
    "epsilon": 0.04000000000000001,
    "gamma": 0.9,
    "mdp_density": 0.5,
    "mdp_seed": 1638621136,
    "mdp_sha256": "30be6ff6860d2cd50ee0b43be8bf5d71bffc5fbe9fe965939b696c5d4a491487",
    "n_jpo_actions": 128,
    "n_prescriptions": 64,
    "n_receiver_actions": 2,
    "n_states": 6
  },
  "runtime": {
    "julia": "1.12.6",
    "native_sarsop": "0.1.4",
    "pomdp_tools": "1.1.0",
    "pomdps": "1.0.0"
  },
  "solver": {
    "delta": 0.0001,
    "export_beliefs": false,
    "initial_bound_max_time": 30.0,
    "initial_bound_residual": 1e-08,
    "initial_upper_bound": "fully_observable",
    "kappa": 0.5,
    "max_steps": 1000000,
    "max_time": 600.0,
    "precision": 0.01,
    "prune_threshold": 0.1,
    "search_epsilon": 0.01,
    "use_binning": true
  },
  "training": {
    "alpha_count": 8,
    "belief_count": 264580,
    "elapsed_seconds": 834.0984070301056,
    "history": [
      {
        "elapsed_seconds": 3.0040740966796875e-05,
        "initial_gap": 112.06886560309829,
        "initial_lower_objective": -110.00000000000004,
        "initial_upper_objective": 2.068865603098241,
        "iteration": 0,
        "root_gap": 100.86197904278846,
        "root_lower": -99.00000000000004,
        "root_upper": 1.8619790427884166
      },
      {
        "elapsed_seconds": 0.03585696220397949,
        "initial_gap": 0.520505754773218,
        "initial_lower_objective": 1.5483598483250227,
        "initial_upper_objective": 2.068865603098241,
        "iteration": 1,
        "root_gap": 0.4684551792958962,
        "root_lower": 1.3935238634925204,
        "root_upper": 1.8619790427884166
      },
      {
        "elapsed_seconds": 0.06525993347167969,
        "initial_gap": 0.08804241028475583,
        "initial_lower_objective": 1.9808231928134847,
        "initial_upper_objective": 2.068865603098241,
        "iteration": 2,
        "root_gap": 0.07923816925628024,
        "root_lower": 1.7827408735321364,
        "root_upper": 1.8619790427884166
      },
      {
        "elapsed_seconds": 0.10911393165588379,
        "initial_gap": 0.07387929515094876,
        "initial_lower_objective": 1.9949863065822053,
        "initial_upper_objective": 2.068865601733154,
        "iteration": 3,
        "root_gap": 0.0664913656358539,
        "root_lower": 1.7954876759239848,
        "root_upper": 1.8619790415598387
      },
      {
        "elapsed_seconds": 0.11212611198425293,
        "initial_gap": 0.07383458709192596,
        "initial_lower_objective": 1.9950310132761415,
        "initial_upper_objective": 2.0688656003680674,
        "iteration": 4,
        "root_gap": 0.06645112838273337,
        "root_lower": 1.7955279119485275,
        "root_upper": 1.8619790403312608
      },
      {
        "elapsed_seconds": 0.12357807159423828,
        "initial_gap": 0.07301330302848531,
        "initial_lower_objective": 1.9958522951846955,
        "initial_upper_objective": 2.068865598213181,
        "iteration": 5,
        "root_gap": 0.06571197272563678,
        "root_lower": 1.796267065666226,
        "root_upper": 1.8619790383918629
      },
      {
        "elapsed_seconds": 0.12970614433288574,
        "initial_gap": 0.07238499017518496,
        "initial_lower_objective": 1.996480608037996,
        "initial_upper_objective": 2.068865598213181,
        "iteration": 6,
        "root_gap": 0.06514649115766646,
        "root_lower": 1.7968325472341964,
        "root_upper": 1.8619790383918629
      },
      {
        "elapsed_seconds": 0.13860511779785156,
        "initial_gap": 0.07201896440592831,
        "initial_lower_objective": 1.9968466338072526,
        "initial_upper_objective": 2.068865598213181,
        "iteration": 7,
        "root_gap": 0.06481706796533548,
        "root_lower": 1.7971619704265274,
        "root_upper": 1.8619790383918629
      },
      {
        "elapsed_seconds": 0.14500713348388672,
        "initial_gap": 0.07201793270438954,
        "initial_lower_objective": 1.9968476655087914,
        "initial_upper_objective": 2.068865598213181,
        "iteration": 8,
        "root_gap": 0.06481613943395059,
        "root_lower": 1.7971628989579123,
        "root_upper": 1.8619790383918629
      },
      {
        "elapsed_seconds": 0.23344016075134277,
        "initial_gap": 0.07150182778545622,
        "initial_lower_objective": 1.9973637704277247,
        "initial_upper_objective": 2.068865598213181,
        "iteration": 9,
        "root_gap": 0.0643516450069106,
        "root_lower": 1.7976273933849523,
        "root_upper": 1.8619790383918629
      },
      {
        "elapsed_seconds": 0.2516140937805176,
        "initial_gap": 0.0714987089198455,
        "initial_lower_objective": 1.9973668892933354,
        "initial_upper_objective": 2.068865598213181,
        "iteration": 10,
        "root_gap": 0.06434883802786096,
        "root_lower": 1.797630200364002,
        "root_upper": 1.8619790383918629
      },
      {
        "elapsed_seconds": 0.27224111557006836,
        "initial_gap": 0.0710381710024039,
        "initial_lower_objective": 1.997827427210777,
        "initial_upper_objective": 2.068865598213181,
        "iteration": 11,
        "root_gap": 0.06393435390216351,
        "root_lower": 1.7980446844896993,
        "root_upper": 1.8619790383918629
      },
      {
        "elapsed_seconds": 0.30541014671325684,
        "initial_gap": 0.0708958216414262,
        "initial_lower_objective": 1.9979697765717548,
        "initial_upper_objective": 2.068865598213181,
        "iteration": 12,
        "root_gap": 0.06380623947728359,
        "root_lower": 1.7981727989145793,
        "root_upper": 1.8619790383918629
      },
      {
        "elapsed_seconds": 0.3096940517425537,
        "initial_gap": 0.0708958216414262,
        "initial_lower_objective": 1.9979697765717548,
        "initial_upper_objective": 2.068865598213181,
        "iteration": 13,
        "root_gap": 0.06380623947728359,
        "root_lower": 1.7981727989145793,
        "root_upper": 1.8619790383918629
      },
      {
        "elapsed_seconds": 0.32277703285217285,
        "initial_gap": 0.0708958216414262,
        "initial_lower_objective": 1.9979697765717548,