{
  "horizon": 95,
  "lower_objective": 1.6523424609643873,
  "lower_values": [
    1.600056127724133,
    1.5974784316963313,
    1.4995258630604913,
    1.600056127724133,
    1.5974784316963313,
    2.019459783884904
  ],
  "method": "deterministic_joint_state_belief_propagation",
  "objective_estimate": 1.652577491717134,
  "status": "same_as_normal_no_violations",
  "tail_interval_width": 0.0004700615054933355,
  "total_belief_nodes": 26611,
  "unrestricted_upper_minus_restricted_lower": 0.011036119638352604,
  "upper_objective": 1.6528125224698806,
  "upper_values": [
    1.600526189229627,
    1.5979484932018242,
    1.499995924565986,
    1.600526189229627,
    1.5979484932018242,
    2.0199298453903967
  ]
}