{
  "action_encoding": {
    "formula": "action = prescription_index * n_receiver_actions + receiver_action",
    "solver_jpo_action_offset": 1,
    "state_zero_bit": "most_significant"
  },
  "bounds": {
    "gap": 0.9229885394141015,
    "lower_objective": 3.218184006390883,
    "lower_values": [
      3.392111662185089,
      2.9762234314545153,
      3.392111662185089,
      3.392111662185089,
      3.392111662185089,
      2.7644339581504287
    ],
    "root_gap": 0.9229885394141016,
    "root_lower_objective": 3.218184006390883,
    "root_upper_objective": 4.141172545804984,
    "upper_objective": 4.141172545804984,
    "upper_values": [
      4.3664528823043955,
      3.902180141119833,
      4.30896522554503,
      4.3664528823043955,
      4.2885402497811755,
      3.614443893775077
    ]
  },
  "initialization": {
    "initial_beliefs": [
      [
        1.0,
        0.0,
        0.0,
        0.0,
        0.0,
        0.0
      ],
      [
        0.0,
        1.0,
        0.0,
        0.0,
        0.0,
        0.0
      ],
      [
        0.0,
        0.0,
        1.0,
        0.0,
        0.0,
        0.0
      ],
      [
        0.0,
        0.0,
        0.0,
        1.0,
        0.0,
        0.0
      ],
      [
        0.0,
        0.0,
        0.0,
        0.0,
        1.0,
        0.0
      ],
      [
        0.0,
        0.0,
        0.0,
        0.0,
        0.0,
        1.0
      ]
    ],
    "initial_weights": [
      0.16666666666666666,
      0.16666666666666666,
      0.16666666666666666,
      0.16666666666666666,
      0.16666666666666666,
      0.16666666666666666
    ],
    "kind": "single synthetic root revealing a uniformly sampled physical state",
    "root_value_scale": "V_root / gamma, gamma=0.9"
  },
  "model": {
    "beta": 0.8888888888888888,
    "epsilon": 0.06,
    "gamma": 0.9,
    "mdp_density": 0.5,
    "mdp_seed": 1111,
    "mdp_sha256": "580f9fa806b22e34e0f0d1010a1012409199158e69e3f71c129e1c5119fb8d6a",
    "n_jpo_actions": 128,
    "n_prescriptions": 64,
    "n_receiver_actions": 2,
    "n_states": 6
  },
  "runtime": {
    "julia": "1.12.6",
    "native_sarsop": "0.1.4",
    "pomdp_tools": "1.1.0",
    "pomdps": "1.0.0"
  },
  "solver": {
    "delta": 0.0001,
    "export_beliefs": false,
    "initial_bound_max_time": 30.0,
    "initial_bound_residual": 1e-08,
    "initial_upper_bound": "fib",
    "kappa": 0.5,
    "max_steps": 1000000,
    "max_time": 700.0,
    "precision": 0.01,
    "prune_threshold": 0.1,
    "search_epsilon": 0.01,
    "use_binning": true
  },
  "training": {
    "alpha_count": 23,
    "belief_count": 989689,
    "elapsed_seconds": 1033.3059418201447,
    "history": [
      {
        "elapsed_seconds": 1.8835067749023438e-05,
        "initial_gap": 114.18754878839172,
        "initial_lower_objective": -110.00000000000004,
        "initial_upper_objective": 4.187548788391682,
        "iteration": 0,
        "root_gap": 102.76879390955256,
        "root_lower": -99.00000000000004,
        "root_upper": 3.7687939095525143
      },
      {
        "elapsed_seconds": 0.03708791732788086,
        "initial_gap": 1.1949860190620147,
        "initial_lower_objective": 2.9925627693296675,
        "initial_upper_objective": 4.187548788391682,
        "iteration": 1,
        "root_gap": 1.0754874171558133,
        "root_lower": 2.693306492396701,
        "root_upper": 3.7687939095525143
      },
      {
        "elapsed_seconds": 0.06613397598266602,
        "initial_gap": 1.0034042495965467,
        "initial_lower_objective": 3.1841445387951355,
        "initial_upper_objective": 4.187548788391682,
        "iteration": 2,
        "root_gap": 0.903063824636892,
        "root_lower": 2.865730084915622,
        "root_upper": 3.7687939095525143
      },
      {
        "elapsed_seconds": 0.14124298095703125,
        "initial_gap": 0.9790070244324643,
        "initial_lower_objective": 3.208541762743017,
        "initial_upper_objective": 4.187548787175482,
        "iteration": 3,
        "root_gap": 0.8811063219892179,
        "root_lower": 2.8876875864687155,
        "root_upper": 3.7687939084579334
      },
      {
        "elapsed_seconds": 0.333935022354126,
        "initial_gap": 0.9724883089523815,
        "initial_lower_objective": 3.2150604782231,
        "initial_upper_objective": 4.187548787175482,
        "iteration": 4,
        "root_gap": 0.8752394780571433,
        "root_lower": 2.89355443040079,
        "root_upper": 3.7687939084579334
      },
      {
        "elapsed_seconds": 0.5004129409790039,
        "initial_gap": 0.9708747727134935,
        "initial_lower_objective": 3.216674014461988,
        "initial_upper_objective": 4.187548787175482,
        "iteration": 5,
        "root_gap": 0.8737872954421442,
        "root_lower": 2.895006613015789,
        "root_upper": 3.7687939084579334
      },
      {
        "elapsed_seconds": 0.7229878902435303,
        "initial_gap": 0.9704885164544524,
        "initial_lower_objective": 3.2170602707210287,
        "initial_upper_objective": 4.187548787175482,
        "iteration": 6,
        "root_gap": 0.8734396648090073,
        "root_lower": 2.895354243648926,
        "root_upper": 3.7687939084579334
      },
      {
        "elapsed_seconds": 0.9195938110351562,
        "initial_gap": 0.9700405867736567,
        "initial_lower_objective": 3.2175082004018245,
        "initial_upper_objective": 4.187548787175482,
        "iteration": 7,
        "root_gap": 0.8730365280962911,
        "root_lower": 2.8957573803616423,
        "root_upper": 3.7687939084579334
      },
      {
        "elapsed_seconds": 1.1355109214782715,
        "initial_gap": 0.9695755384835112,
        "initial_lower_objective": 3.2179732486919703,
        "initial_upper_objective": 4.187548787175482,
        "iteration": 8,
        "root_gap": 0.87261798463516,
        "root_lower": 2.8961759238227733,
        "root_upper": 3.7687939084579334
      },
      {
        "elapsed_seconds": 1.8390347957611084,
        "initial_gap": 0.9695438110052157,
        "initial_lower_objective": 3.2180049761702656,
        "initial_upper_objective": 4.187548787175482,
        "iteration": 9,
        "root_gap": 0.8725894299046941,
        "root_lower": 2.8962044785532393,
        "root_upper": 3.7687939084579334
      },
      {
        "elapsed_seconds": 2.1154658794403076,
        "initial_gap": 0.969499377520041,
        "initial_lower_objective": 3.2180494096554404,
        "initial_upper_objective": 4.187548787175482,
        "iteration": 10,
        "root_gap": 0.8725494397680369,
        "root_lower": 2.8962444686898965,
        "root_upper": 3.7687939084579334
      },
      {
        "elapsed_seconds": 2.487290859222412,
        "initial_gap": 0.969470937374999,
        "initial_lower_objective": 3.2180778498004825,
        "initial_upper_objective": 4.187548787175482,
        "iteration": 11,
        "root_gap": 0.8725238436374991,
        "root_lower": 2.8962700648204343,
        "root_upper": 3.7687939084579334
      },
      {
        "elapsed_seconds": 2.896044969558716,
        "initial_gap": 0.9694216888223112,
        "initial_lower_objective": 3.21812709835317,
        "initial_upper_objective": 4.187548787175482,
        "iteration": 12,
        "root_gap": 0.8724795199400801,
        "root_lower": 2.8963143885178533,
        "root_upper": 3.7687939084579334
      },
      {
        "elapsed_seconds": 3.3166630268096924,
        "initial_gap": 0.9693975279043126,
        "initial_lower_objective": 3.2181512592711687,
        "initial_upper_objective": 4.187548787175482,
        "iteration": 13,
        "root_gap": 0.8724577751138813,
        "root_lower": 2.896336133344052,
        "root_upper": 3.7687939084579334
      },
      {
        "elapsed_seconds": 3.7829349040985107,
        "initial_gap": 0.969392553755366,
        "initial_lower_objective": 3.2181562334201153,
        "initial_upper_objective": 4.187548787175482,
        "iteration": 14,