{
  "horizon": 95,
  "lower_objective": 4.895208967093309,
  "lower_values": [
    5.071612339110846,
    4.711748886711276,
    5.071612339110846,
    5.071612339110846,
    5.071612339110846,
    4.373055559405195
  ],
  "method": "deterministic_joint_state_belief_propagation",
  "objective_estimate": 4.895443997846055,
  "status": "ok",
  "tail_interval_width": 0.0004700615054940016,
  "total_belief_nodes": 21284,
  "unrestricted_upper_minus_restricted_lower": 0.1492622394118639,
  "upper_objective": 4.895679028598803,
  "upper_values": [
    5.072082400616339,
    4.712218948216768,
    5.072082400616339,
    5.072082400616339,
    5.072082400616339,
    4.37352562091069
  ]
}