{
  "horizon": 95,
  "lower_objective": 2.80792835546759,
  "lower_values": [
    3.0436126578019578,
    2.7845225855789213,
    3.0436126578019578,
    2.5725281889664933,
    2.7845225855789213,
    2.618771457077291
  ],
  "method": "deterministic_joint_state_belief_propagation",
  "objective_estimate": 2.8081633862203375,
  "status": "ok",
  "tail_interval_width": 0.0004700615054944457,
  "total_belief_nodes": 64901,
  "upper_objective": 2.8083984169730845,
  "upper_values": [
    3.0440827193074527,
    2.7849926470844157,
    3.0440827193074527,
    2.572998250471987,
    2.7849926470844157,
    2.6192415185827844
  ]
}