{
  "horizon": 95,
  "lower_objective": 3.745677411626488,
  "lower_values": [
    3.4175342345388944,
    3.680327338829839,
    3.680327338829839,
    4.007774109365259,
    3.680327338829839,
    4.007774109365259
  ],
  "method": "deterministic_joint_state_belief_propagation",
  "objective_estimate": 3.7459124423792343,
  "status": "same_as_normal_no_violations",
  "tail_interval_width": 0.00047006150549266934,
  "total_belief_nodes": 570,
  "unrestricted_upper_minus_restricted_lower": 0.00019234691634650858,
  "upper_objective": 3.746147473131981,
  "upper_values": [
    3.418004296044386,
    3.6807974003353316,
    3.6807974003353316,
    4.008244170870752,
    3.6807974003353316,
    4.008244170870752
  ]
}