{
  "horizon": 95,
  "lower_objective": 2.0756634379617203,
  "lower_values": [
    1.991702539462952,
    2.0445812577375846,
    1.9605505731650026,
    1.991702539462952,
    2.0445812577375846,
    2.4208624602042472
  ],
  "method": "deterministic_joint_state_belief_propagation",
  "objective_estimate": 2.075898468714467,
  "status": "same_as_normal_no_violations",
  "tail_interval_width": 0.00047006150549266934,
  "total_belief_nodes": 49395,
  "unrestricted_upper_minus_restricted_lower": 0.028515418769422318,
  "upper_objective": 2.076133499467213,
  "upper_values": [
    1.9921726009684444,
    2.0450513192430773,
    1.961020634670494,
    1.9921726009684444,
    2.0450513192430773,
    2.4213325217097403
  ]
}