{
  "horizon": 95,
  "lower_objective": 6.2064062132240405,
  "lower_values": [
    6.428343084587512,
    5.690118607980936,
    5.834946333013261,
    6.428343084587512,
    6.428343084587512,
    6.428343084587512
  ],
  "method": "deterministic_joint_state_belief_propagation",
  "objective_estimate": 6.206641243976803,
  "status": "ok",
  "tail_interval_width": 0.00047006150552508785,
  "total_belief_nodes": 3630,
  "upper_objective": 6.206876274729566,
  "upper_values": [
    6.428813146093002,
    5.690588669486522,
    5.835416394518865,
    6.428813146093002,
    6.428813146093002,
    6.428813146093002
  ]
}