{
  "horizon": 95,
  "lower_objective": 4.744951089012982,
  "lower_values": [
    4.367492451454952,
    5.122409726571013,
    4.367492451454952,
    4.367492451454952,
    5.122409726571013,
    5.122409726571013
  ],
  "method": "deterministic_joint_state_belief_propagation",
  "objective_estimate": 4.745186119765728,
  "status": "ok",
  "tail_interval_width": 0.0004700615054940016,
  "total_belief_nodes": 12789,
  "upper_objective": 4.745421150518476,
  "upper_values": [
    4.367962512960445,
    5.122879788076508,
    4.367962512960445,
    4.367962512960445,
    5.122879788076508,
    5.122879788076508
  ]
}