{
  "horizon": 1215,
  "lower_objective": 50.32657106094727,
  "lower_values": [
    50.48956614393072,
    50.15255430542499,
    50.51193128858122,
    50.48956614393072,
    50.51193128858122,
    49.80387719523477
  ],
  "method": "deterministic_joint_state_belief_propagation",
  "objective_estimate": 50.32681979282101,
  "status": "ok",
  "tail_interval_width": 0.0004974637474859378,
  "total_belief_nodes": 997184,
  "upper_objective": 50.32706852469476,
  "upper_values": [
    50.49006360767819,
    50.1530517691725,
    50.51242875232875,
    50.49006360767819,
    50.51242875232875,
    49.804374658982205
  ]
}