{
  "horizon": 95,
  "lower_objective": 2.667037864298909,
  "lower_values": [
    2.676283288431553,
    2.676283288431553,
    2.676283288431553,
    2.9107102243891734,
    2.3863838076780697,
    2.676283288431553
  ],
  "method": "deterministic_joint_state_belief_propagation",
  "objective_estimate": 2.6672728950516555,
  "status": "same_as_normal_no_violations",
  "tail_interval_width": 0.0004700615054935575,
  "total_belief_nodes": 27534,
  "unrestricted_upper_minus_restricted_lower": 0.017397235148314483,
  "upper_objective": 2.6675079258044025,
  "upper_values": [
    2.6767533499370466,
    2.6767533499370466,
    2.6767533499370466,
    2.9111802858946643,
    2.3868538691835637,
    2.6767533499370466
  ]
}