{
  "horizon": 95,
  "lower_objective": 2.4884630790632047,
  "lower_values": [
    2.534228340590529,
    2.534228340590529,
    2.534228340590529,
    2.7549461267732136,
    2.2729657564603776,
    2.3001815693740513
  ],
  "method": "deterministic_joint_state_belief_propagation",
  "objective_estimate": 2.488698109815951,
  "status": "ok",
  "tail_interval_width": 0.00047006150549266934,
  "total_belief_nodes": 68201,
  "upper_objective": 2.4889331405686974,
  "upper_values": [
    2.5346984020960215,
    2.5346984020960215,
    2.5346984020960215,
    2.7554161882787067,
    2.2734358179658694,
    2.300651630879544
  ]
}