{
  "horizon": 95,
  "lower_objective": 2.477854877482418,
  "lower_values": [
    2.5228912110925705,
    2.5228912110925705,
    2.5228912110925705,
    2.7456658197881545,
    2.2632705997946805,
    2.2895192120339614
  ],
  "method": "deterministic_joint_state_belief_propagation",
  "objective_estimate": 2.478089908235164,
  "status": "ok",
  "tail_interval_width": 0.00047006150549311343,
  "total_belief_nodes": 68193,
  "unrestricted_upper_minus_restricted_lower": 0.07775108108004325,
  "upper_objective": 2.478324938987911,
  "upper_values": [
    2.5233612725980636,
    2.5233612725980636,
    2.5233612725980636,
    2.7461358812936494,
    2.263740661300173,
    2.289989273539453
  ]
}