{
  "alpha_vector_count": 9,
  "analysis_discounted_tail_bound": 9.67774912024056e-09,
  "analysis_horizon": 197,
  "analysis_total_belief_nodes": 29845,
  "beta": 0.05,
  "candidate_index": 34,
  "discounted_transmission_occupancy": 1.852756774828574,
  "epsilon": 0.08,
  "epsilon_index": 7,
  "gamma": 0.9,
  "index": 347,
  "margin": -0.6124000000000002,
  "margin_region": "m<0",
  "mdp_seed": 2051696463,
  "normal_minus_restricted_lower": 0.010138140075293567,
  "normal_minus_restricted_upper": 0.01107826308627935,
  "normal_minus_restricted_value": 0.01060820158078668,
  "normal_policy_horizon": 95,
  "normal_policy_interval_width": 0.00047006150549266934,
  "normal_policy_lower_bound": 2.4884630790632047,
  "normal_policy_total_belief_nodes": 68201,
  "normal_policy_upper_bound": 2.4889331405686974,
  "normal_policy_value": 2.488698109815951,
  "point_id": "seed_2051696463_e07",
  "restricted_policy_horizon": 95,
  "restricted_policy_interval_width": 0.00047006150549311343,
  "restricted_policy_lower_bound": 2.477854877482418,
  "restricted_policy_status": "ok",
  "restricted_policy_total_belief_nodes": 68193,
  "restricted_policy_upper_bound": 2.478324938987911,
  "restricted_policy_value": 2.478089908235164,
  "reused_solver_checkpoint": false,
  "root_gap": 0.06701030052853756,
  "sampled_belief_count": 6794173,
  "sarsop_gap": 0.06701030052853829,
  "sarsop_gap_within_acceptance_threshold": true,
  "sarsop_lower_bound": 2.488595658033923,
  "sarsop_upper_bound": 2.5556059585624613,
  "solver_elapsed_seconds": 602.7533848285675,
  "solver_iterations": 240,
  "solver_stop_reason": "max_time",
  "status": "ok",
  "violation_count": 74,
  "violation_discounted_event_occupancy": 0.17817374679293907,
  "violation_first_depth_max": 58,
  "violation_first_depth_min": 1
}