{
  "horizon": 95,
  "lower_objective": 3.2347078684189814,
  "lower_values": [
    2.8174545069779393,
    3.5834401788205015,
    3.212237692439143,
    3.212237692439143,
    2.999436961016663,
    3.5834401788205015
  ],
  "method": "deterministic_joint_state_belief_propagation",
  "objective_estimate": 3.234942899171728,
  "status": "same_as_normal_no_violations",
  "tail_interval_width": 0.00047006150549311343,
  "total_belief_nodes": 48705,
  "unrestricted_upper_minus_restricted_lower": 0.03131682402555391,
  "upper_objective": 3.2351779299244745,
  "upper_values": [
    2.8179245684834306,
    3.5839102403259933,
    3.212707753944637,
    3.212707753944637,
    2.999907022522158,
    3.5839102403259933
  ]
}