{
  "horizon": 95,
  "lower_objective": 4.451401957893003,
  "lower_values": [
    4.887112412313578,
    4.5175566148955015,
    4.5175566148955015,
    3.949536846469929,
    3.949536846469929,
    4.887112412313578
  ],
  "method": "deterministic_joint_state_belief_propagation",
  "objective_estimate": 4.451636988645762,
  "status": "ok",
  "tail_interval_width": 0.0004700615055188706,
  "total_belief_nodes": 18316,
  "upper_objective": 4.451872019398522,
  "upper_values": [
    4.887582473819072,
    4.518026676400994,
    4.518026676400994,
    3.950006907975501,
    3.950006907975501,
    4.887582473819072
  ]
}