{
  "horizon": 95,
  "lower_objective": 3.232452266374679,
  "lower_values": [
    2.815125149137733,
    3.581110820980295,
    3.210055846190744,
    3.210055846190744,
    2.997255114768264,
    3.581110820980295
  ],
  "method": "deterministic_joint_state_belief_propagation",
  "objective_estimate": 3.232687297127426,
  "status": "ok",
  "tail_interval_width": 0.0004700615054935575,
  "total_belief_nodes": 49530,
  "upper_objective": 3.2329223278801726,
  "upper_values": [
    2.8155952106432265,
    3.581580882485789,
    3.2105259076962374,
    3.2105259076962374,
    2.9977251762737573,
    3.581580882485789
  ]
}