{
  "horizon": 95,
  "lower_objective": 2.833212642425087,
  "lower_values": [
    2.779065191026268,
    2.779065191026268,
    2.412200398372134,
    2.620783629594341,
    3.2040807222657577,
    3.2040807222657577
  ],
  "method": "deterministic_joint_state_belief_propagation",
  "objective_estimate": 2.8334476731778344,
  "status": "ok",
  "tail_interval_width": 0.0004700615054948898,
  "total_belief_nodes": 54932,
  "upper_objective": 2.833682703930582,
  "upper_values": [
    2.7795352525317623,
    2.7795352525317623,
    2.4126704598776256,
    2.621253691099833,
    3.204550783771254,
    3.204550783771254
  ]
}