{
  "horizon": 95,
  "lower_objective": 2.2223622196496,
  "lower_values": [
    2.1724546293723312,
    2.126395132130065,
    2.126395132130065,
    2.1724546293723312,
    2.1724546293723312,
    2.5640191655204747
  ],
  "method": "deterministic_joint_state_belief_propagation",
  "objective_estimate": 2.2225972504023472,
  "status": "same_as_normal_no_violations",
  "tail_interval_width": 0.0004700615054944457,
  "total_belief_nodes": 27078,
  "unrestricted_upper_minus_restricted_lower": 0.010852646477786276,
  "upper_objective": 2.2228322811550942,
  "upper_values": [
    2.172924690877826,
    2.12686519363556,
    2.12686519363556,
    2.172924690877826,
    2.172924690877826,
    2.5644892270259696
  ]
}