{
  "horizon": 95,
  "lower_objective": 3.848514886500258,
  "lower_values": [
    4.376014257431411,
    3.155309504635713,
    4.376014257431411,
    4.376014257431411,
    3.5479237398598737,
    3.2598133022117293
  ],
  "method": "deterministic_joint_state_belief_propagation",
  "objective_estimate": 3.848749917253005,
  "status": "ok",
  "tail_interval_width": 0.0004700615054940016,
  "total_belief_nodes": 47006,
  "upper_objective": 3.848984948005752,
  "upper_values": [
    4.376484318936906,
    3.1557795661412067,
    4.376484318936906,
    4.376484318936906,
    3.548393801365368,
    3.2602833637172224
  ]
}