{
  "horizon": 95,
  "lower_objective": 2.042887655635705,
  "lower_values": [
    2.3774393384376267,
    3.174745451459709,
    2.074055373927107,
    1.27851519803134,
    1.27851519803134,
    2.074055373927107
  ],
  "method": "deterministic_joint_state_belief_propagation",
  "objective_estimate": 2.0431226863884513,
  "status": "ok",
  "tail_interval_width": 0.00047006150549222525,
  "total_belief_nodes": 77919,
  "upper_objective": 2.0433577171411974,
  "upper_values": [
    2.3779093999431202,
    3.1752155129652,
    2.0745254354325993,
    1.2789852595368338,
    1.2789852595368338,
    2.0745254354325993
  ]
}