{
  "analysis_discounted_tail_bound": 9.67774912024056e-09,
  "analysis_horizon": 197,
  "analysis_total_belief_nodes": 50518,
  "discounted_transmission_occupancy": 1.3953692405648923,
  "violation_count": 1,
  "violations": [
    {
      "action": 114,
      "belief": [
        0.003950366584115487,
        0.34802982546837447,
        0.004011963823820187,
        0.1390619931966006,
        0.4990832445151445,
        0.005862606411944796
      ],
      "common_next_receiver_action": 0,
      "discounted_event_occupancy": 1.5425707007674738e-05,
      "first_depth": 19,
      "no_reception_next_action": 32,
      "null_probability_given_belief": 0.5455930909075271,
      "prescription": [
        1,
        1,
        1,
        0,
        0,
        1
      ],
      "prescription_index": 57,
      "reached_state": 1,
      "receiver_action": 0,
      "success_next_action": 82,
      "success_probability_given_belief": 0.2154613265606166
    }
  ]
}