{
  "horizon": 95,
  "lower_objective": 5.4478324118096655,
  "lower_values": [
    5.1740829008960105,
    5.1740829008960105,
    5.584707167266493,
    5.584707167266493,
    5.584707167266493,
    5.584707167266493
  ],
  "method": "deterministic_joint_state_belief_propagation",
  "objective_estimate": 5.448067442562413,
  "status": "ok",
  "tail_interval_width": 0.00047006150549577796,
  "total_belief_nodes": 21498,
  "upper_objective": 5.448302473315161,
  "upper_values": [
    5.174552962401506,
    5.174552962401506,
    5.585177228771989,
    5.585177228771989,
    5.585177228771989,
    5.585177228771989
  ]
}