{
  "horizon": 95,
  "lower_objective": 2.2165662659479684,
  "lower_values": [
    2.166215260779488,
    2.1208992136542246,
    2.1208992136542246,
    2.166215260779488,
    2.166215260779488,
    2.5589533860408977
  ],
  "method": "deterministic_joint_state_belief_propagation",
  "objective_estimate": 2.216801296700716,
  "status": "same_as_normal_no_violations",
  "tail_interval_width": 0.0004700615054944457,
  "total_belief_nodes": 27078,
  "unrestricted_upper_minus_restricted_lower": 0.011158832044141587,
  "upper_objective": 2.217036327453463,
  "upper_values": [
    2.166685322284983,
    2.121369275159718,
    2.121369275159718,
    2.166685322284983,
    2.166685322284983,
    2.559423447546393
  ]
}