{
  "horizon": 95,
  "lower_objective": 3.1364065739904126,
  "lower_values": [
    3.4795779705937724,
    2.9457892574721343,
    2.803006860926093,
    3.164698126884571,
    3.4795779705937724,
    2.9457892574721343
  ],
  "method": "deterministic_joint_state_belief_propagation",
  "objective_estimate": 3.1366416047431738,
  "status": "ok",
  "tail_interval_width": 0.0004700615055224233,
  "total_belief_nodes": 49540,
  "upper_objective": 3.136876635495935,
  "upper_values": [
    3.480048032099265,
    2.946259318977628,
    2.803476922431759,
    3.165168188390065,
    3.480048032099265,
    2.946259318977628
  ]
}