{
  "horizon": 95,
  "lower_objective": 1.6554599053615873,
  "lower_values": [
    1.6029437962082045,
    1.6005913425655607,
    1.502892686083545,
    1.6029437962082045,
    1.6005913425655607,
    2.022796468538449
  ],
  "method": "deterministic_joint_state_belief_propagation",
  "objective_estimate": 1.6556949361143332,
  "status": "same_as_normal_no_violations",
  "tail_interval_width": 0.0004700615054920032,
  "total_belief_nodes": 26611,
  "unrestricted_upper_minus_restricted_lower": 0.010996405905175921,
  "upper_objective": 1.6559299668670793,
  "upper_values": [
    1.603413857713696,
    1.601061404071052,
    1.5033627475890383,
    1.603413857713696,
    1.601061404071052,
    2.0232665300439416
  ]
}