{
  "horizon": 95,
  "lower_objective": 4.555452888571049,
  "lower_values": [
    4.723201906988062,
    4.3751343021816025,
    4.723201906988062,
    4.723201906988062,
    4.723201906988062,
    4.0647754012924455
  ],
  "method": "deterministic_joint_state_belief_propagation",
  "objective_estimate": 4.555698040265323,
  "status": "ok",
  "tail_interval_width": 0.0004903033885490515,
  "total_belief_nodes": 13316,
  "unrestricted_upper_minus_restricted_lower": 0.24486237683488987,
  "upper_objective": 4.555943191959598,
  "upper_values": [
    4.723692210376566,
    4.375624605570108,
    4.723692210376566,
    4.723692210376566,
    4.723692210376566,
    4.065265704681214
  ]
}