{
  "alpha_vector_count": 7,
  "analysis_discounted_tail_bound": 9.67774912024056e-09,
  "analysis_horizon": 197,
  "analysis_total_belief_nodes": 8479,
  "beta": 0.1,
  "beta_index": 2,
  "discounted_transmission_occupancy": 3.127274336170059,
  "epsilon": 0.1,
  "epsilon_index": 9,
  "gamma": 0.9,
  "gamma_index": 0,
  "index": 29,
  "margin": -0.7100000000000004,
  "margin_region": "m<0",
  "mdp_seed": 1111,
  "normal_minus_restricted_lower": 0.1649029218915148,
  "normal_minus_restricted_upper": 0.16588352866856937,
  "normal_minus_restricted_value": 0.16539322528004252,
  "normal_policy_horizon": 95,
  "normal_policy_interval_width": 0.0004903033885055308,
  "normal_policy_lower_bound": 4.720846113851112,
  "normal_policy_total_belief_nodes": 23134,
  "normal_policy_upper_bound": 4.721336417239618,
  "normal_policy_value": 4.721091265545366,
  "point_id": "g0_b02_e09",
  "restricted_lower_bound_status": "ok",
  "restricted_policy_horizon": 95,
  "restricted_policy_interval_width": 0.0004903033885490515,
  "restricted_policy_lower_bound": 4.555452888571049,
  "restricted_policy_total_belief_nodes": 13316,
  "restricted_policy_upper_bound": 4.555943191959598,
  "reused_solver_checkpoint": false,
  "root_gap": 0.07957549432070325,
  "sampled_belief_count": 6576550,
  "sarsop_gap": 0.07921485307078768,
  "sarsop_lower_bound": 4.721100412335151,
  "sarsop_upper_bound": 4.8003152654059384,
  "solver_elapsed_seconds": 503.14138197898865,
  "solver_iterations": 393,
  "solver_stop_reason": "max_time",
  "status": "ok",
  "unrestricted_upper_minus_restricted_lower": 0.24486237683488987,
  "violation_count": 43,
  "violation_discounted_event_occupancy": 1.140965323012955,
  "violation_first_depth_max": 19,
  "violation_first_depth_min": 0
}