{
  "horizon": 95,
  "lower_objective": 3.2799275500761027,
  "lower_values": [
    3.0585013231092644,
    3.0585013231092644,
    3.4500117693143375,
    3.4500117693143375,
    3.2125273462950754,
    3.4500117693143375
  ],
  "method": "deterministic_joint_state_belief_propagation",
  "objective_estimate": 3.280162580828849,
  "status": "ok",
  "tail_interval_width": 0.00047006150549311343,
  "total_belief_nodes": 28532,
  "upper_objective": 3.280397611581596,
  "upper_values": [
    3.0589713846147593,
    3.0589713846147593,
    3.45048183081983,
    3.45048183081983,
    3.2129974078005676,
    3.45048183081983
  ]
}