{
  "action_encoding": {
    "formula": "action = prescription_index * n_receiver_actions + receiver_action",
    "solver_jpo_action_offset": 1,
    "state_zero_bit": "most_significant"
  },
  "bounds": {
    "gap": 0.010479897564812823,
    "lower_objective": 1.3908441388942987,
    "lower_values": [
      1.4846114856222032,
      1.2970770361934822,
      1.2970766698570593,
      1.4846114862137856,
      1.2970766698570593,
      1.4846114856222032
    ],
    "root_gap": 0.01047989756481238,
    "root_lower_objective": 1.3908441388942987,
    "root_upper_objective": 1.401324036459111,
    "upper_objective": 1.4013240364591115,
    "upper_values": [
      1.4965006086197519,
      1.3029368548683091,
      1.3099920871960726,
      1.4975719419267333,
      1.3053362727668216,
      1.49560645337698
    ]
  },
  "initialization": {
    "initial_beliefs": [
      [
        1.0,
        0.0,
        0.0,
        0.0,
        0.0,
        0.0
      ],
      [
        0.0,
        1.0,
        0.0,
        0.0,
        0.0,
        0.0
      ],
      [
        0.0,
        0.0,
        1.0,
        0.0,
        0.0,
        0.0
      ],
      [
        0.0,
        0.0,
        0.0,
        1.0,
        0.0,
        0.0
      ],
      [
        0.0,
        0.0,
        0.0,
        0.0,
        1.0,
        0.0
      ],
      [
        0.0,
        0.0,
        0.0,
        0.0,
        0.0,
        1.0
      ]
    ],
    "initial_weights": [
      0.16666666666666666,
      0.16666666666666666,
      0.16666666666666666,
      0.16666666666666666,
      0.16666666666666666,
      0.16666666666666666
    ],
    "kind": "single synthetic root revealing a uniformly sampled physical state",
    "root_value_scale": "V_root / gamma, gamma=0.9"
  },
  "model": {
    "beta": 0.05,
    "epsilon": 0.07,
    "gamma": 0.9,
    "mdp_density": 0.5,
    "mdp_seed": 1008468227,
    "mdp_sha256": "55e2e8deed69202388342519dd29911a6ff812609e12dd28ebbfc1d37a0f00d6",
    "n_jpo_actions": 128,
    "n_prescriptions": 64,
    "n_receiver_actions": 2,
    "n_states": 6
  },
  "runtime": {
    "julia": "1.12.6",
    "native_sarsop": "0.1.4",
    "pomdp_tools": "1.1.0",
    "pomdps": "1.0.0"
  },
  "solver": {
    "delta": 0.0001,
    "export_beliefs": false,
    "initial_bound_max_time": 30.0,
    "initial_bound_residual": 1e-08,
    "initial_upper_bound": "fully_observable",
    "kappa": 0.5,
    "max_steps": 1000000,
    "max_time": 600.0,
    "precision": 0.01,
    "prune_threshold": 0.1,
    "search_epsilon": 0.01,
    "use_binning": true
  },
  "training": {
    "alpha_count": 5,
    "belief_count": 345850,
    "elapsed_seconds": 1.173327922821045,
    "history": [
      {
        "elapsed_seconds": 1.5974044799804688e-05,
        "initial_gap": 111.40968629885703,
        "initial_lower_objective": -110.00000000000004,
        "initial_upper_objective": 1.4096862988569796,
        "iteration": 0,
        "root_gap": 100.26871766897132,
        "root_lower": -99.00000000000004,
        "root_upper": 1.2687176689712816
      },
      {
        "elapsed_seconds": 0.0004818439483642578,
        "initial_gap": 0.4232143597412975,
        "initial_lower_objective": 0.986471939115682,
        "initial_upper_objective": 1.4096862988569796,
        "iteration": 1,
        "root_gap": 0.38089292376716777,
        "root_lower": 0.8878247452041138,
        "root_upper": 1.2687176689712816
      },
      {
        "elapsed_seconds": 0.018445968627929688,
        "initial_gap": 0.05357886442668707,
        "initial_lower_objective": 1.3561074344302924,
        "initial_upper_objective": 1.4096862988569796,
        "iteration": 2,
        "root_gap": 0.048220977984018365,
        "root_lower": 1.2204966909872632,
        "root_upper": 1.2687176689712816
      },
      {
        "elapsed_seconds": 0.023012876510620117,
        "initial_gap": 0.045334952381318336,
        "initial_lower_objective": 1.363582530466917,
        "initial_upper_objective": 1.4089174828482354,
        "iteration": 3,
        "root_gap": 0.040801457143186504,
        "root_lower": 1.2272242774202253,
        "root_upper": 1.2680257345634118
      },
      {
        "elapsed_seconds": 0.06407403945922852,
        "initial_gap": 0.02656771785475446,
        "initial_lower_objective": 1.3808869181943721,
        "initial_upper_objective": 1.4074546360491265,
        "iteration": 4,
        "root_gap": 0.023910946069279015,
        "root_lower": 1.2427982263749349,
        "root_upper": 1.2667091724442139
      },
      {
        "elapsed_seconds": 0.06752586364746094,
        "initial_gap": 0.022992637831354596,
        "initial_lower_objective": 1.381922314174479,
        "initial_upper_objective": 1.4049149520058335,
        "iteration": 5,
        "root_gap": 0.020693374048219138,
        "root_lower": 1.243730082757031,
        "root_upper": 1.2644234568052501
      },
      {
        "elapsed_seconds": 0.10016083717346191,
        "initial_gap": 0.017093744253442702,
        "initial_lower_objective": 1.3878212077523908,
        "initial_upper_objective": 1.4049149520058335,
        "iteration": 6,
        "root_gap": 0.015384369828098432,
        "root_lower": 1.2490390869771517,
        "root_upper": 1.2644234568052501
      },
      {
        "elapsed_seconds": 0.10277986526489258,
        "initial_gap": 0.016780087721645198,
        "initial_lower_objective": 1.3881348642841882,
        "initial_upper_objective": 1.4049149520058335,
        "iteration": 7,
        "root_gap": 0.01510207894948068,
        "root_lower": 1.2493213778557695,
        "root_upper": 1.2644234568052501
      },
      {
        "elapsed_seconds": 0.13270902633666992,
        "initial_gap": 0.015061114812086667,
        "initial_lower_objective": 1.3898538371937468,
        "initial_upper_objective": 1.4049149520058335,
        "iteration": 8,
        "root_gap": 0.013555003330878002,
        "root_lower": 1.2508684534743721,
        "root_upper": 1.2644234568052501
      },
      {
        "elapsed_seconds": 0.13611483573913574,
        "initial_gap": 0.014958807542087251,
        "initial_lower_objective": 1.3899561444637463,
        "initial_upper_objective": 1.4049149520058335,
        "iteration": 9,
        "root_gap": 0.013462926787878526,
        "root_lower": 1.2509605300173716,
        "root_upper": 1.2644234568052501
      },
      {
        "elapsed_seconds": 0.1391618251800537,
        "initial_gap": 0.014928536481937864,
        "initial_lower_objective": 1.3899864155238957,
        "initial_upper_objective": 1.4049149520058335,
        "iteration": 10,
        "root_gap": 0.013435682833744078,
        "root_lower": 1.250987773971506,
        "root_upper": 1.2644234568052501
      },
      {
        "elapsed_seconds": 0.14581704139709473,
        "initial_gap": 0.01490255426834761,
        "initial_lower_objective": 1.3900123977374859,
        "initial_upper_objective": 1.4049149520058335,
        "iteration": 11,
        "root_gap": 0.013412298841512849,
        "root_lower": 1.2510111579637373,
        "root_upper": 1.2644234568052501
      },
      {
        "elapsed_seconds": 0.15082287788391113,
        "initial_gap": 0.014879751902548605,
        "initial_lower_objective": 1.390035200103285,
        "initial_upper_objective": 1.4049149520058335,
        "iteration": 12,
        "root_gap": 0.013391776712293746,
        "root_lower": 1.2510316800929564,
        "root_upper": 1.2644234568052501
      },
      {
        "elapsed_seconds": 0.1538689136505127,
        "initial_gap": 0.014859807120373898,
        "initial_lower_objective": 1.3900551448854597,
        "initial_upper_objective": 1.4049149520058335,
        "iteration": 13,
        "root_gap": 0.013373826408336509,
        "root_lower": 1.2510496303969136,
        "root_upper": 1.2644234568052501
      },
      {
        "elapsed_seconds": 0.16376590728759766,
        "initial_gap": 0.014730802896742013,