{
  "alpha_vector_count": 7,
  "analysis_discounted_tail_bound": 9.67774912024056e-09,
  "analysis_horizon": 197,
  "analysis_total_belief_nodes": 17148,
  "beta": 0.05,
  "candidate_index": 51,
  "discounted_transmission_occupancy": 2.280436491816911,
  "epsilon": 0.08,
  "epsilon_index": 7,
  "gamma": 0.9,
  "index": 517,
  "margin": -0.6124000000000002,
  "margin_region": "m<0",
  "mdp_seed": 1063508366,
  "normal_minus_restricted_lower": 0.016420418279389004,
  "normal_minus_restricted_upper": 0.017360541290377007,
  "normal_minus_restricted_value": 0.016890479784883006,
  "normal_policy_horizon": 95,
  "normal_policy_interval_width": 0.0004700615054948898,
  "normal_policy_lower_bound": 3.8551986566271372,
  "normal_policy_total_belief_nodes": 44734,
  "normal_policy_upper_bound": 3.855668718132632,
  "normal_policy_value": 3.8554336873798842,
  "point_id": "seed_1063508366_e07",
  "restricted_policy_horizon": 95,
  "restricted_policy_interval_width": 0.00047006150549311343,
  "restricted_policy_lower_bound": 3.838308176842255,
  "restricted_policy_status": "ok",
  "restricted_policy_total_belief_nodes": 44536,
  "restricted_policy_upper_bound": 3.8387782383477482,
  "restricted_policy_value": 3.8385432075950012,
  "reused_solver_checkpoint": false,
  "root_gap": 0.11242967437375245,
  "sampled_belief_count": 1563094,
  "sarsop_gap": 0.111164450789345,
  "sarsop_gap_within_acceptance_threshold": true,
  "sarsop_lower_bound": 3.8553941709507056,
  "sarsop_upper_bound": 3.9665586217400506,
  "solver_elapsed_seconds": 942.889240026474,
  "solver_iterations": 69,
  "solver_stop_reason": "max_time",
  "status": "ok",
  "violation_count": 48,
  "violation_discounted_event_occupancy": 0.26031895211675254,
  "violation_first_depth_max": 31,
  "violation_first_depth_min": 0
}