{
  "horizon": 95,
  "lower_objective": 2.2150822272457837,
  "lower_values": [
    2.1646176868427873,
    2.1194919981945564,
    2.1194919981945564,
    2.1646176868427873,
    2.1646176868427873,
    2.557656306557227
  ],
  "method": "deterministic_joint_state_belief_propagation",
  "objective_estimate": 2.2153172579985303,
  "status": "same_as_normal_no_violations",
  "tail_interval_width": 0.0004700615054935575,
  "total_belief_nodes": 27078,
  "unrestricted_upper_minus_restricted_lower": 0.011335101810430626,
  "upper_objective": 2.2155522887512773,
  "upper_values": [
    2.1650877483482804,
    2.1199620597000504,
    2.1199620597000504,
    2.1650877483482804,
    2.1650877483482804,
    2.558126368062722
  ]
}