{
  "horizon": 95,
  "lower_objective": 1.879912279193193,
  "lower_values": [
    1.6718330135054098,
    1.6718330135054098,
    1.8281050145362034,
    1.8281050145362034,
    2.0546063220275217,
    2.2249912970484105
  ],
  "method": "deterministic_joint_state_belief_propagation",
  "objective_estimate": 1.8801473099459396,
  "status": "ok",
  "tail_interval_width": 0.0004700615054935575,
  "total_belief_nodes": 69212,
  "upper_objective": 1.8803823406986866,
  "upper_values": [
    1.6723030750109038,
    1.6723030750109038,
    1.8285750760416966,
    1.8285750760416966,
    2.055076383533015,
    2.225461358553904
  ]
}