{
  "horizon": 95,
  "lower_objective": 3.229655955148696,
  "lower_values": [
    3.4428105267068294,
    3.0253114288535854,
    3.155667749541644,
    3.4428105267068294,
    3.155667749541644,
    3.155667749541644
  ],
  "method": "deterministic_joint_state_belief_propagation",
  "objective_estimate": 3.2298909859014424,
  "status": "same_as_normal_no_violations",
  "tail_interval_width": 0.00047006150549311343,
  "total_belief_nodes": 28467,
  "unrestricted_upper_minus_restricted_lower": 0.025975029878858802,
  "upper_objective": 3.230126016654189,
  "upper_values": [
    3.4432805882123243,
    3.02578149035908,
    3.156137811047135,
    3.4432805882123243,
    3.156137811047135,
    3.156137811047135
  ]
}