{
  "horizon": 95,
  "lower_objective": 1.8559714493761428,
  "lower_values": [
    1.6468359949973153,
    1.6468359949973153,
    1.8043864599620296,
    1.8043864599620296,
    2.031807201775487,
    2.201576584562681
  ],
  "method": "deterministic_joint_state_belief_propagation",
  "objective_estimate": 1.8562064801288893,
  "status": "same_as_normal_no_violations",
  "tail_interval_width": 0.00047006150549266934,
  "total_belief_nodes": 66302,
  "unrestricted_upper_minus_restricted_lower": 0.06950083166599086,
  "upper_objective": 1.8564415108816354,
  "upper_values": [
    1.6473060565028077,
    1.6473060565028077,
    1.804856521467522,
    1.804856521467522,
    2.03227726328098,
    2.202046646068174
  ]
}