{
  "horizon": 95,
  "lower_objective": 3.719782467628022,
  "lower_values": [
    4.196804573096606,
    3.4181679459996333,
    3.5309214469596957,
    4.196804573096606,
    3.5309214469596957,
    3.4450748196558956
  ],
  "method": "deterministic_joint_state_belief_propagation",
  "objective_estimate": 3.720017498380769,
  "status": "ok",
  "tail_interval_width": 0.00047006150549311343,
  "total_belief_nodes": 17380,
  "upper_objective": 3.720252529133515,
  "upper_values": [
    4.197274634602099,
    3.418638007505126,
    3.5313915084651897,
    4.197274634602099,
    3.5313915084651897,
    3.4455448811613896
  ]
}