{
  "horizon": 95,
  "lower_objective": 4.032862669986993,
  "lower_values": [
    4.522306500650491,
    3.436242277824195,
    4.522306500650491,
    4.522306500650491,
    3.436242277824195,
    3.7577719623220944
  ],
  "method": "deterministic_joint_state_belief_propagation",
  "objective_estimate": 4.033097700739739,
  "status": "ok",
  "tail_interval_width": 0.00047006150549311343,
  "total_belief_nodes": 49425,
  "upper_objective": 4.033332731492486,
  "upper_values": [
    4.5227765621559834,
    3.4367123393296866,
    4.5227765621559834,
    4.5227765621559834,
    3.4367123393296866,
    3.7582420238275898
  ]
}