{
  "action_encoding": {
    "formula": "action = prescription_index * n_receiver_actions + receiver_action",
    "solver_jpo_action_offset": 1,
    "state_zero_bit": "most_significant"
  },
  "bounds": {
    "gap": 0.17534920315959912,
    "lower_objective": 4.899151671242334,
    "lower_values": [
      5.074403600794083,
      4.712024466764807,
      5.07440360079408,
      5.074403600794083,
      5.07440360079408,
      4.385271157512873
    ],
    "root_gap": 0.1811228330094572,
    "root_lower_objective": 4.8991516712423335,
    "root_upper_objective": 5.080274504251791,
    "upper_objective": 5.0745008744019335,
    "upper_values": [
      5.238651553797393,
      4.944770975390278,
      5.274358375816529,
      5.214802820924822,
      5.21658558715451,
      4.557835933328069
    ]
  },
  "initialization": {
    "initial_beliefs": [
      [
        1.0,
        0.0,
        0.0,
        0.0,
        0.0,
        0.0
      ],
      [
        0.0,
        1.0,
        0.0,
        0.0,
        0.0,
        0.0
      ],
      [
        0.0,
        0.0,
        1.0,
        0.0,
        0.0,
        0.0
      ],
      [
        0.0,
        0.0,
        0.0,
        1.0,
        0.0,
        0.0
      ],
      [
        0.0,
        0.0,
        0.0,
        0.0,
        1.0,
        0.0
      ],
      [
        0.0,
        0.0,
        0.0,
        0.0,
        0.0,
        1.0
      ]
    ],
    "initial_weights": [
      0.16666666666666666,
      0.16666666666666666,
      0.16666666666666666,
      0.16666666666666666,
      0.16666666666666666,
      0.16666666666666666
    ],
    "kind": "single synthetic root revealing a uniformly sampled physical state",
    "root_value_scale": "V_root / gamma, gamma=0.9"
  },
  "model": {
    "beta": 0.05,
    "epsilon": 0.08,
    "gamma": 0.9,
    "mdp_density": 0.5,
    "mdp_seed": 1111,
    "mdp_sha256": "580f9fa806b22e34e0f0d1010a1012409199158e69e3f71c129e1c5119fb8d6a",
    "n_jpo_actions": 128,
    "n_prescriptions": 64,
    "n_receiver_actions": 2,
    "n_states": 6
  },
  "runtime": {
    "julia": "1.12.6",
    "native_sarsop": "0.1.4",
    "pomdp_tools": "1.1.0",
    "pomdps": "1.0.0"
  },
  "solver": {
    "delta": 0.0001,
    "export_beliefs": false,
    "initial_bound_max_time": 30.0,
    "initial_bound_residual": 1e-08,
    "initial_upper_bound": "fully_observable",
    "kappa": 0.5,
    "max_steps": 1000000,
    "max_time": 500.0,
    "precision": 0.01,
    "prune_threshold": 0.1,
    "search_epsilon": 0.01,
    "use_binning": true
  },
  "training": {
    "alpha_count": 6,
    "belief_count": 473173,
    "elapsed_seconds": 983.6958639621735,
    "history": [
      {
        "elapsed_seconds": 1.2159347534179688e-05,
        "initial_gap": 115.12945975387242,
        "initial_lower_objective": -110.00000000000004,
        "initial_upper_objective": 5.129459753872374,
        "iteration": 0,
        "root_gap": 103.61651377848519,
        "root_lower": -99.00000000000004,
        "root_upper": 4.616513778485137
      },
      {
        "elapsed_seconds": 0.007516145706176758,
        "initial_gap": 1.6476365308393583,
        "initial_lower_objective": 3.481823223033016,
        "initial_upper_objective": 5.129459753872374,
        "iteration": 1,
        "root_gap": 1.4828728777554225,
        "root_lower": 3.1336409007297146,
        "root_upper": 4.616513778485137
      },
      {
        "elapsed_seconds": 0.049738168716430664,
        "initial_gap": 0.5979281024986398,
        "initial_lower_objective": 4.531531650003162,
        "initial_upper_objective": 5.129459752501802,
        "iteration": 2,
        "root_gap": 0.5381352922487759,
        "root_lower": 4.078378485002846,
        "root_upper": 4.616513777251622
      },
      {
        "elapsed_seconds": 0.13992905616760254,
        "initial_gap": 0.3369823515546106,
        "initial_lower_objective": 4.79095189857351,
        "initial_upper_objective": 5.12793425012812,
        "iteration": 3,
        "root_gap": 0.30328411639914954,
        "root_lower": 4.311856708716158,
        "root_upper": 4.615140825115308
      },
      {
        "elapsed_seconds": 0.2504849433898926,
        "initial_gap": 0.2812801448090053,
        "initial_lower_objective": 4.840989451362347,
        "initial_upper_objective": 5.1222695961713525,
        "iteration": 4,
        "root_gap": 0.2531521303281048,
        "root_lower": 4.3568905062261125,
        "root_upper": 4.610042636554217
      },
      {
        "elapsed_seconds": 0.41909003257751465,
        "initial_gap": 0.22799605640596451,
        "initial_lower_objective": 4.876918671985172,
        "initial_upper_objective": 5.104914728391137,
        "iteration": 5,
        "root_gap": 0.20519645076536808,
        "root_lower": 4.389226804786655,
        "root_upper": 4.594423255552023
      },
      {
        "elapsed_seconds": 0.4282670021057129,
        "initial_gap": 0.22799605640596451,
        "initial_lower_objective": 4.876918671985172,
        "initial_upper_objective": 5.104914728391137,
        "iteration": 6,
        "root_gap": 0.20519645076536808,
        "root_lower": 4.389226804786655,
        "root_upper": 4.594423255552023
      },
      {
        "elapsed_seconds": 0.43462705612182617,
        "initial_gap": 0.22799605640596451,
        "initial_lower_objective": 4.876918671985172,
        "initial_upper_objective": 5.104914728391137,
        "iteration": 7,
        "root_gap": 0.20519645076536808,
        "root_lower": 4.389226804786655,
        "root_upper": 4.594423255552023
      },
      {
        "elapsed_seconds": 0.4370241165161133,
        "initial_gap": 0.22799605640596451,
        "initial_lower_objective": 4.876918671985172,
        "initial_upper_objective": 5.104914728391137,
        "iteration": 8,
        "root_gap": 0.20519645076536808,
        "root_lower": 4.389226804786655,
        "root_upper": 4.594423255552023
      },
      {
        "elapsed_seconds": 0.43969106674194336,
        "initial_gap": 0.22799605640596451,
        "initial_lower_objective": 4.876918671985172,
        "initial_upper_objective": 5.104914728391137,
        "iteration": 9,
        "root_gap": 0.20519645076536808,
        "root_lower": 4.389226804786655,
        "root_upper": 4.594423255552023
      },
      {
        "elapsed_seconds": 0.4421379566192627,
        "initial_gap": 0.22799605640596451,
        "initial_lower_objective": 4.876918671985172,
        "initial_upper_objective": 5.104914728391137,
        "iteration": 10,
        "root_gap": 0.20519645076536808,
        "root_lower": 4.389226804786655,
        "root_upper": 4.594423255552023
      },
      {
        "elapsed_seconds": 0.4443790912628174,
        "initial_gap": 0.22799605640596451,
        "initial_lower_objective": 4.876918671985172,
        "initial_upper_objective": 5.104914728391137,
        "iteration": 11,
        "root_gap": 0.20519645076536808,
        "root_lower": 4.389226804786655,
        "root_upper": 4.594423255552023
      },
      {
        "elapsed_seconds": 0.595452070236206,
        "initial_gap": 0.21072838695285076,
        "initial_lower_objective": 4.894186341438286,
        "initial_upper_objective": 5.104914728391137,
        "iteration": 12,
        "root_gap": 0.1896555482575657,
        "root_lower": 4.404767707294457,
        "root_upper": 4.594423255552023
      },
      {
        "elapsed_seconds": 0.7723309993743896,
        "initial_gap": 0.20844682128344436,
        "initial_lower_objective": 4.895128621393407,
        "initial_upper_objective": 5.103575442676851,
        "iteration": 13,
        "root_gap": 0.18760213915509993,
        "root_lower": 4.405615759254066,
        "root_upper": 4.593217898409166
      },
      {
        "elapsed_seconds": 0.9901480674743652,
        "initial_gap": 0.1941201625439653,
        "initial_lower_objective": 4.897101599891964,
        "initial_upper_objective": 5.091221762435929,
        "iteration": 14,