{
  "horizon": 95,
  "lower_objective": 1.9494213341699016,
  "lower_values": [
    2.256977549000137,
    3.0741447284984296,
    1.968966248818734,
    1.2137366149416875,
    1.2137366149416875,
    1.968966248818734
  ],
  "method": "deterministic_joint_state_belief_propagation",
  "objective_estimate": 1.9496563649226482,
  "status": "ok",
  "tail_interval_width": 0.0004700615054933355,
  "total_belief_nodes": 77710,
  "upper_objective": 1.949891395675395,
  "upper_values": [
    2.2574476105056305,
    3.074614790003924,
    1.9694363103242274,
    1.2142066764471804,
    1.2142066764471804,
    1.9694363103242274
  ]
}