{
  "horizon": 95,
  "lower_objective": 1.949407250320684,
  "lower_values": [
    2.256962736256617,
    3.074116810181736,
    1.968953326825827,
    1.21372865091705,
    1.21372865091705,
    1.968953326825827
  ],
  "method": "deterministic_joint_state_belief_propagation",
  "objective_estimate": 1.9496422810734313,
  "status": "ok",
  "tail_interval_width": 0.0004700615054940016,
  "total_belief_nodes": 77710,
  "unrestricted_upper_minus_restricted_lower": 0.04890702508005562,
  "upper_objective": 1.949877311826178,
  "upper_values": [
    2.2574327977621107,
    3.074586871687229,
    1.9694233883313206,
    1.214198712422544,
    1.214198712422544,
    1.9694233883313206
  ]
}