{
  "alpha_vector_count": 19,
  "analysis_discounted_tail_bound": 9.67774912024056e-09,
  "analysis_horizon": 197,
  "analysis_total_belief_nodes": 50257,
  "beta": 0.05,
  "candidate_index": 32,
  "discounted_transmission_occupancy": 1.3699734897237688,
  "epsilon": 0.1,
  "epsilon_index": 9,
  "gamma": 0.9,
  "index": 329,
  "margin": -0.7600000000000003,
  "margin_region": "m<0",
  "mdp_seed": 1755395082,
  "normal_minus_restricted_lower": -0.0004559776562764739,
  "normal_minus_restricted_upper": 0.0004841453547108632,
  "normal_minus_restricted_value": 1.4083849216861566e-05,
  "normal_policy_horizon": 95,
  "normal_policy_interval_width": 0.0004700615054933355,
  "normal_policy_lower_bound": 1.9494213341699016,
  "normal_policy_total_belief_nodes": 77710,
  "normal_policy_upper_bound": 1.949891395675395,
  "normal_policy_value": 1.9496563649226482,
  "point_id": "seed_1755395082_e09",
  "restricted_policy_horizon": 95,
  "restricted_policy_interval_width": 0.0004700615054940016,
  "restricted_policy_lower_bound": 1.949407250320684,
  "restricted_policy_status": "ok",
  "restricted_policy_total_belief_nodes": 77710,
  "restricted_policy_upper_bound": 1.949877311826178,
  "restricted_policy_value": 1.9496422810734313,
  "reused_solver_checkpoint": false,
  "root_gap": 0.04878694948568136,
  "sampled_belief_count": 6766180,
  "sarsop_gap": 0.04878694948568052,
  "sarsop_gap_within_acceptance_threshold": true,
  "sarsop_lower_bound": 1.9495273259150592,
  "sarsop_upper_bound": 1.9983142754007397,
  "solver_elapsed_seconds": 601.6739568710327,
  "solver_iterations": 368,
  "solver_stop_reason": "max_time",
  "status": "ok",
  "violation_count": 1,
  "violation_discounted_event_occupancy": 0.00012800492561001792,
  "violation_first_depth_max": 15,
  "violation_first_depth_min": 15
}