{
  "horizon": 95,
  "lower_objective": 4.872414955040293,
  "lower_values": [
    5.049185446800863,
    4.687069328511845,
    5.049185446800863,
    5.049185446800863,
    5.049185446800863,
    4.350678614526462
  ],
  "method": "deterministic_joint_state_belief_propagation",
  "objective_estimate": 4.87264998579304,
  "status": "ok",
  "tail_interval_width": 0.0004700615054940016,
  "total_belief_nodes": 22211,
  "unrestricted_upper_minus_restricted_lower": 0.035832010715274976,
  "upper_objective": 4.872885016545787,
  "upper_values": [
    5.0496555083063575,
    4.687539390017339,
    5.0496555083063575,
    5.0496555083063575,
    5.0496555083063575,
    4.351148676031954
  ]
}