{
  "alpha_vector_count": 6,
  "analysis_discounted_tail_bound": 9.67774912024056e-09,
  "analysis_horizon": 197,
  "analysis_total_belief_nodes": 8123,
  "beta": 0.05,
  "beta_index": 1,
  "discounted_transmission_occupancy": 3.115217763868097,
  "epsilon": 0.09000000000000001,
  "epsilon_index": 8,
  "gamma": 0.9,
  "gamma_index": 0,
  "index": 18,
  "margin": -0.6871000000000003,
  "margin_region": "m<0",
  "mdp_seed": 1111,
  "normal_minus_restricted_lower": 0.015295861162110569,
  "normal_minus_restricted_upper": 0.016235984173098572,
  "normal_minus_restricted_value": 0.01576592266760457,
  "normal_policy_horizon": 95,
  "normal_policy_interval_width": 0.0004700615054940016,
  "normal_policy_lower_bound": 4.888180877707898,
  "normal_policy_total_belief_nodes": 22230,
  "normal_policy_upper_bound": 4.888650939213392,
  "normal_policy_value": 4.888415908460645,
  "point_id": "g0_b01_e08",
  "restricted_lower_bound_status": "ok",
  "restricted_policy_horizon": 95,
  "restricted_policy_interval_width": 0.0004700615054940016,
  "restricted_policy_lower_bound": 4.872414955040293,
  "restricted_policy_total_belief_nodes": 22211,
  "restricted_policy_upper_bound": 4.872885016545787,
  "reused_solver_checkpoint": false,
  "root_gap": 0.01992132666498472,
  "sampled_belief_count": 6036556,
  "sarsop_gap": 0.019824409879601212,
  "sarsop_lower_bound": 4.888422555875967,
  "sarsop_upper_bound": 4.908246965755568,
  "solver_elapsed_seconds": 506.24228382110596,
  "solver_iterations": 387,
  "solver_stop_reason": "max_time",
  "status": "ok",
  "unrestricted_upper_minus_restricted_lower": 0.035832010715274976,
  "violation_count": 1,
  "violation_discounted_event_occupancy": 0.22605675526277658,
  "violation_first_depth_max": 0,
  "violation_first_depth_min": 0
}