{
  "action_encoding": {
    "formula": "action = prescription_index * n_receiver_actions + receiver_action",
    "solver_jpo_action_offset": 1,
    "state_zero_bit": "most_significant"
  },
  "bounds": {
    "gap": 0.17522469841032384,
    "lower_objective": 3.9970424799415816,
    "lower_values": [
      4.486061739981218,
      3.400553676084653,
      4.486061739981218,
      4.48604373653144,
      3.400553676084653,
      3.7229803109863093
    ],
    "root_gap": 0.1752246984103234,
    "root_lower_objective": 3.997042479941582,
    "root_upper_objective": 4.172267178351905,
    "upper_objective": 4.172267178351905,
    "upper_values": [
      4.66912532388648,
      3.584492640378216,
      4.656709179011763,
      4.639542191151875,
      3.583894012334418,
      3.8998397233486832
    ]
  },
  "initialization": {
    "initial_beliefs": [
      [
        1.0,
        0.0,
        0.0,
        0.0,
        0.0,
        0.0
      ],
      [
        0.0,
        1.0,
        0.0,
        0.0,
        0.0,
        0.0
      ],
      [
        0.0,
        0.0,
        1.0,
        0.0,
        0.0,
        0.0
      ],
      [
        0.0,
        0.0,
        0.0,
        1.0,
        0.0,
        0.0
      ],
      [
        0.0,
        0.0,
        0.0,
        0.0,
        1.0,
        0.0
      ],
      [
        0.0,
        0.0,
        0.0,
        0.0,
        0.0,
        1.0
      ]
    ],
    "initial_weights": [
      0.16666666666666666,
      0.16666666666666666,
      0.16666666666666666,
      0.16666666666666666,
      0.16666666666666666,
      0.16666666666666666
    ],
    "kind": "single synthetic root revealing a uniformly sampled physical state",
    "root_value_scale": "V_root / gamma, gamma=0.9"
  },
  "model": {
    "beta": 0.05,
    "epsilon": 0.05000000000000001,
    "gamma": 0.9,
    "mdp_density": 0.5,
    "mdp_seed": 20617211,
    "mdp_sha256": "558046936c00ba332dcc7f32b87d0047513301d1f40d9ce1f61f0e2e678f7e6d",
    "n_jpo_actions": 128,
    "n_prescriptions": 64,
    "n_receiver_actions": 2,
    "n_states": 6
  },
  "runtime": {
    "julia": "1.12.6",
    "native_sarsop": "0.1.4",
    "pomdp_tools": "1.1.0",
    "pomdps": "1.0.0"
  },
  "solver": {
    "delta": 0.0001,
    "export_beliefs": false,
    "initial_bound_max_time": 30.0,
    "initial_bound_residual": 1e-08,
    "initial_upper_bound": "fully_observable",
    "kappa": 0.5,
    "max_steps": 1000000,
    "max_time": 600.0,
    "precision": 0.01,
    "prune_threshold": 0.1,
    "search_epsilon": 0.01,
    "use_binning": true
  },
  "training": {
    "alpha_count": 10,
    "belief_count": 300700,
    "elapsed_seconds": 903.8251450061798,
    "history": [
      {
        "elapsed_seconds": 2.8133392333984375e-05,
        "initial_gap": 114.19364091731914,
        "initial_lower_objective": -110.00000000000004,
        "initial_upper_objective": 4.193640917319108,
        "iteration": 0,
        "root_gap": 102.77427682558724,
        "root_lower": -99.00000000000004,
        "root_upper": 3.7742768255871972
      },
      {
        "elapsed_seconds": 0.04288005828857422,
        "initial_gap": 1.739446579105229,
        "initial_lower_objective": 2.454194338213879,
        "initial_upper_objective": 4.193640917319108,
        "iteration": 1,
        "root_gap": 1.565501921194706,
        "root_lower": 2.208774904392491,
        "root_upper": 3.7742768255871972
      },
      {
        "elapsed_seconds": 0.08582401275634766,
        "initial_gap": 0.4266400166392673,
        "initial_lower_objective": 3.767000899186703,
        "initial_upper_objective": 4.19364091582597,
        "iteration": 2,
        "root_gap": 0.3839760149753406,
        "root_lower": 3.3903008092680325,
        "root_upper": 3.774276824243373
      },
      {
        "elapsed_seconds": 0.14551901817321777,
        "initial_gap": 0.2600043638728606,
        "initial_lower_objective": 3.9312714029145965,
        "initial_upper_objective": 4.191275766787457,
        "iteration": 3,
        "root_gap": 0.23400392748557453,
        "root_lower": 3.538144262623137,
        "root_upper": 3.7721481901087115
      },
      {
        "elapsed_seconds": 0.24341106414794922,
        "initial_gap": 0.21250312431666135,
        "initial_lower_objective": 3.9774042333196613,
        "initial_upper_objective": 4.189907357636322,
        "iteration": 4,
        "root_gap": 0.1912528118849952,
        "root_lower": 3.579663809987695,
        "root_upper": 3.7709166218726904
      },
      {
        "elapsed_seconds": 0.37156105041503906,
        "initial_gap": 0.1975590769012461,
        "initial_lower_objective": 3.986879508671837,
        "initial_upper_objective": 4.1844385855730835,
        "iteration": 5,
        "root_gap": 0.1778031692111215,
        "root_lower": 3.5881915578046537,
        "root_upper": 3.765994727015775
      },
      {
        "elapsed_seconds": 0.38655900955200195,
        "initial_gap": 0.18669387151551506,
        "initial_lower_objective": 3.988460805019287,
        "initial_upper_objective": 4.175154676534802,
        "iteration": 6,
        "root_gap": 0.16802448436396356,
        "root_lower": 3.5896147245173586,
        "root_upper": 3.757639208881322
      },
      {
        "elapsed_seconds": 0.39684295654296875,
        "initial_gap": 0.18669387151551506,
        "initial_lower_objective": 3.988460805019287,
        "initial_upper_objective": 4.175154676534802,
        "iteration": 7,
        "root_gap": 0.16802448436396356,
        "root_lower": 3.5896147245173586,
        "root_upper": 3.757639208881322
      },
      {
        "elapsed_seconds": 0.40476417541503906,
        "initial_gap": 0.18669387151551506,
        "initial_lower_objective": 3.988460805019287,
        "initial_upper_objective": 4.175154676534802,
        "iteration": 8,
        "root_gap": 0.16802448436396356,
        "root_lower": 3.5896147245173586,
        "root_upper": 3.757639208881322
      },
      {
        "elapsed_seconds": 0.4114999771118164,
        "initial_gap": 0.18669387151551506,
        "initial_lower_objective": 3.988460805019287,
        "initial_upper_objective": 4.175154676534802,
        "iteration": 9,
        "root_gap": 0.16802448436396356,
        "root_lower": 3.5896147245173586,
        "root_upper": 3.757639208881322
      },
      {
        "elapsed_seconds": 0.4230339527130127,
        "initial_gap": 0.18669387151551506,
        "initial_lower_objective": 3.988460805019287,
        "initial_upper_objective": 4.175154676534802,
        "iteration": 10,
        "root_gap": 0.16802448436396356,
        "root_lower": 3.5896147245173586,
        "root_upper": 3.757639208881322
      },
      {
        "elapsed_seconds": 0.43187499046325684,
        "initial_gap": 0.18669387151551506,
        "initial_lower_objective": 3.988460805019287,
        "initial_upper_objective": 4.175154676534802,
        "iteration": 11,
        "root_gap": 0.16802448436396356,
        "root_lower": 3.5896147245173586,
        "root_upper": 3.757639208881322
      },
      {
        "elapsed_seconds": 0.43642497062683105,
        "initial_gap": 0.18669387151551506,
        "initial_lower_objective": 3.988460805019287,
        "initial_upper_objective": 4.175154676534802,
        "iteration": 12,
        "root_gap": 0.16802448436396356,
        "root_lower": 3.5896147245173586,
        "root_upper": 3.757639208881322
      },
      {
        "elapsed_seconds": 0.44513607025146484,
        "initial_gap": 0.18669387151551506,
        "initial_lower_objective": 3.988460805019287,
        "initial_upper_objective": 4.175154676534802,
        "iteration": 13,
        "root_gap": 0.16802448436396356,
        "root_lower": 3.5896147245173586,
        "root_upper": 3.757639208881322
      },
      {
        "elapsed_seconds": 0.6080751419067383,
        "initial_gap": 0.17970338701726904,
        "initial_lower_objective": 3.9941120038032474,
        "initial_upper_objective": 4.173815390820517,