{
  "horizon": 95,
  "lower_objective": 3.8693304143945215,
  "lower_values": [
    4.392802114632293,
    3.1790847388983092,
    4.392802114632293,
    4.392802114632293,
    3.572214206129734,
    3.286277197442209
  ],
  "method": "deterministic_joint_state_belief_propagation",
  "objective_estimate": 3.869565445147268,
  "status": "ok",
  "tail_interval_width": 0.00047006150549266934,
  "total_belief_nodes": 47435,
  "upper_objective": 3.869800475900014,
  "upper_values": [
    4.393272176137787,
    3.179554800403801,
    4.393272176137787,
    4.393272176137787,
    3.5726842676352257,
    3.286747258947701
  ]
}