{
  "horizon": 95,
  "lower_objective": 3.4637065984190345,
  "lower_values": [
    3.668756127346834,
    3.668756127346834,
    3.213315339275974,
    3.349340529921758,
    3.668756127346834,
    3.213315339275974
  ],
  "method": "deterministic_joint_state_belief_propagation",
  "objective_estimate": 3.463941629171781,
  "status": "same_as_normal_no_violations",
  "tail_interval_width": 0.0004700615054940016,
  "total_belief_nodes": 41918,
  "unrestricted_upper_minus_restricted_lower": 0.04845624005565563,
  "upper_objective": 3.4641766599245285,
  "upper_values": [
    3.6692261888523294,
    3.6692261888523294,
    3.213785400781467,
    3.3498105914272505,
    3.6692261888523294,
    3.213785400781467
  ]
}