{
  "horizon": 95,
  "lower_objective": 3.1320604090916686,
  "lower_values": [
    3.4757667188939463,
    2.941011485165881,
    2.7979822750060905,
    3.160823771424267,
    3.4757667188939463,
    2.941011485165881
  ],
  "method": "deterministic_joint_state_belief_propagation",
  "objective_estimate": 3.132295439844433,
  "status": "ok",
  "tail_interval_width": 0.0004700615055281965,
  "total_belief_nodes": 49655,
  "upper_objective": 3.132530470597197,
  "upper_values": [
    3.47623678039944,
    2.941481546671374,
    2.7984523365117933,
    3.16129383292976,
    3.47623678039944,
    2.941481546671374
  ]
}