{
  "horizon": 95,
  "lower_objective": 3.13064276926818,
  "lower_values": [
    3.4757667188939463,
    2.941011485165881,
    2.7894764360651605,
    3.160823771424267,
    3.4757667188939463,
    2.941011485165881
  ],
  "method": "deterministic_joint_state_belief_propagation",
  "objective_estimate": 3.130877800020941,
  "status": "ok",
  "tail_interval_width": 0.00047006150552109105,
  "total_belief_nodes": 50118,
  "unrestricted_upper_minus_restricted_lower": 0.023299878769528437,
  "upper_objective": 3.1311128307737013,
  "upper_values": [
    3.47623678039944,
    2.941481546671374,
    2.7899464975708206,
    3.16129383292976,
    3.47623678039944,
    2.941481546671374
  ]
}