{
  "alpha_vector_count": 7,
  "analysis_discounted_tail_bound": 9.67774912024056e-09,
  "analysis_horizon": 197,
  "analysis_total_belief_nodes": 23137,
  "beta": 0.05,
  "candidate_index": 24,
  "discounted_transmission_occupancy": 1.4820610335926656,
  "epsilon": 0.05000000000000001,
  "epsilon_index": 4,
  "gamma": 0.9,
  "index": 244,
  "margin": -0.3775000000000002,
  "margin_region": "m<0",
  "mdp_seed": 1513036094,
  "normal_minus_restricted_lower": 0.0009475783179673236,
  "normal_minus_restricted_upper": 0.0018877013290166111,
  "normal_minus_restricted_value": 0.0014176398234919674,
  "normal_policy_horizon": 95,
  "normal_policy_interval_width": 0.0004700615055281965,
  "normal_policy_lower_bound": 3.1320604090916686,
  "normal_policy_total_belief_nodes": 49655,
  "normal_policy_upper_bound": 3.132530470597197,
  "normal_policy_value": 3.132295439844433,
  "point_id": "seed_1513036094_e04",
  "restricted_policy_horizon": 95,
  "restricted_policy_interval_width": 0.00047006150552109105,
  "restricted_policy_lower_bound": 3.13064276926818,
  "restricted_policy_status": "ok",
  "restricted_policy_total_belief_nodes": 50118,
  "restricted_policy_upper_bound": 3.1311128307737013,
  "restricted_policy_value": 3.130877800020941,
  "reused_solver_checkpoint": false,
  "root_gap": 0.02171702630725648,
  "sampled_belief_count": 5782813,
  "sarsop_gap": 0.021717026307256138,
  "sarsop_gap_within_acceptance_threshold": true,
  "sarsop_lower_bound": 3.1322256217304525,
  "sarsop_upper_bound": 3.1539426480377086,
  "solver_elapsed_seconds": 607.0090038776398,
  "solver_iterations": 322,
  "solver_stop_reason": "max_time",
  "status": "ok",
  "violation_count": 1,
  "violation_discounted_event_occupancy": 0.025477686670747915,
  "violation_first_depth_max": 0,
  "violation_first_depth_min": 0
}