{
  "horizon": 95,
  "lower_objective": 6.2059156727845375,
  "lower_values": [
    6.428343084587512,
    5.689711082077331,
    5.832410616279851,
    6.428343084587512,
    6.428343084587512,
    6.428343084587512
  ],
  "method": "deterministic_joint_state_belief_propagation",
  "objective_estimate": 6.206150703537306,
  "status": "ok",
  "tail_interval_width": 0.00047006150553752235,
  "total_belief_nodes": 3706,
  "upper_objective": 6.206385734290075,
  "upper_values": [
    6.428813146093002,
    5.690181143582958,
    5.83288067778549,
    6.428813146093002,
    6.428813146093002,
    6.428813146093002
  ]
}