{
  "horizon": 95,
  "lower_objective": 3.2750022079467005,
  "lower_values": [
    3.4667656810087917,
    3.048606796226928,
    3.4667656810087917,
    3.048606796226928,
    3.152502612199973,
    3.4667656810087917
  ],
  "method": "deterministic_joint_state_belief_propagation",
  "objective_estimate": 3.2752372386994466,
  "status": "same_as_normal_no_violations",
  "tail_interval_width": 0.00047006150549222525,
  "total_belief_nodes": 26890,
  "unrestricted_upper_minus_restricted_lower": 0.010914181563996816,
  "upper_objective": 3.2754722694521927,
  "upper_values": [
    3.467235742514284,
    3.04907685773242,
    3.467235742514284,
    3.04907685773242,
    3.1529726737054657,
    3.467235742514284
  ]
}