{
  "horizon": 95,
  "lower_objective": 2.481559132987978,
  "lower_values": [
    2.5274908789567685,
    2.5274908789567685,
    2.5274908789567685,
    2.7479849910712053,
    2.266026793934016,
    2.292870376052343
  ],
  "method": "deterministic_joint_state_belief_propagation",
  "objective_estimate": 2.481794163740725,
  "status": "ok",
  "tail_interval_width": 0.0004700615054940016,
  "total_belief_nodes": 89854,
  "upper_objective": 2.482029194493472,
  "upper_values": [
    2.527960940462264,
    2.527960940462264,
    2.527960940462264,
    2.748455052576699,
    2.2664968554395077,
    2.2933404375578355
  ]
}