{
  "horizon": 95,
  "lower_objective": 2.773444913929413,
  "lower_values": [
    2.719926449311125,
    2.719926449311125,
    2.352187465184239,
    2.5674185691950666,
    3.1406052752874625,
    3.1406052752874625
  ],
  "method": "deterministic_joint_state_belief_propagation",
  "objective_estimate": 2.7736799446821596,
  "status": "ok",
  "tail_interval_width": 0.00047006150549266934,
  "total_belief_nodes": 49108,
  "unrestricted_upper_minus_restricted_lower": 0.07773529778922939,
  "upper_objective": 2.7739149754349057,
  "upper_values": [
    2.7203965108166175,
    2.7203965108166175,
    2.352657526689731,
    2.567888630700559,
    3.1410753367929556,
    3.1410753367929556
  ]
}