{
  "alpha_vector_count": 6,
  "analysis_discounted_tail_bound": 9.67774912024056e-09,
  "analysis_horizon": 197,
  "analysis_total_belief_nodes": 26168,
  "beta": 0.05,
  "candidate_index": 10,
  "discounted_transmission_occupancy": 1.4606585363579092,
  "epsilon": 0.07,
  "epsilon_index": 6,
  "gamma": 0.9,
  "index": 106,
  "margin": -0.5359000000000002,
  "margin_region": "m<0",
  "mdp_seed": 1690525620,
  "normal_minus_restricted_lower": 0.040037872928464946,
  "normal_minus_restricted_upper": 0.04097799593944984,
  "normal_minus_restricted_value": 0.04050793443395717,
  "normal_policy_horizon": 95,
  "normal_policy_interval_width": 0.00047006150549222525,
  "normal_policy_lower_bound": 2.8139528483633707,
  "normal_policy_total_belief_nodes": 66067,
  "normal_policy_upper_bound": 2.814422909868863,
  "normal_policy_value": 2.814187879116117,
  "point_id": "seed_1690525620_e06",
  "restricted_policy_horizon": 95,
  "restricted_policy_interval_width": 0.00047006150549266934,
  "restricted_policy_lower_bound": 2.773444913929413,
  "restricted_policy_status": "ok",
  "restricted_policy_total_belief_nodes": 49108,
  "restricted_policy_upper_bound": 2.7739149754349057,
  "restricted_policy_value": 2.7736799446821596,
  "reused_solver_checkpoint": false,
  "root_gap": 0.03741143222606781,
  "sampled_belief_count": 4803961,
  "sarsop_gap": 0.037075679112409166,
  "sarsop_gap_within_acceptance_threshold": true,
  "sarsop_lower_bound": 2.8141045326062333,
  "sarsop_upper_bound": 2.8511802117186424,
  "solver_elapsed_seconds": 606.1510319709778,
  "solver_iterations": 252,
  "solver_stop_reason": "max_time",
  "status": "ok",
  "violation_count": 142,
  "violation_discounted_event_occupancy": 0.6789674547267809,
  "violation_first_depth_max": 36,
  "violation_first_depth_min": 0
}