{
  "horizon": 95,
  "lower_objective": 2.2855576951967405,
  "lower_values": [
    2.630739849310238,
    2.2274657194799197,
    2.172743443950527,
    2.2274657194799197,
    2.2274657194799197,
    2.2274657194799197
  ],
  "method": "deterministic_joint_state_belief_propagation",
  "objective_estimate": 2.285792725949486,
  "status": "same_as_normal_no_violations",
  "tail_interval_width": 0.00047006150549178116,
  "total_belief_nodes": 27263,
  "unrestricted_upper_minus_restricted_lower": 0.034095178977785245,
  "upper_objective": 2.2860277567022322,
  "upper_values": [
    2.6312099108157305,
    2.227935780985411,
    2.17321350545602,
    2.227935780985411,
    2.227935780985411,
    2.227935780985411
  ]
}