{
  "horizon": 95,
  "lower_objective": 3.236960833397317,
  "lower_values": [
    2.819781394820831,
    3.5857670666633936,
    3.214416734552922,
    3.214416734552922,
    3.0016160031304415,
    3.5857670666633936
  ],
  "method": "deterministic_joint_state_belief_propagation",
  "objective_estimate": 3.2371958641500638,
  "status": "ok",
  "tail_interval_width": 0.00047006150549222525,
  "total_belief_nodes": 49020,
  "upper_objective": 3.2374308949028094,
  "upper_values": [
    2.8202514563263237,
    3.586237128168886,
    3.2148867960584147,
    3.2148867960584147,
    3.002086064635936,
    3.586237128168886
  ]
}