{
  "action_encoding": {
    "formula": "action = prescription_index * n_receiver_actions + receiver_action",
    "solver_jpo_action_offset": 1,
    "state_zero_bit": "most_significant"
  },
  "bounds": {
    "gap": 10.318905058701183,
    "lower_objective": 41.325277104665396,
    "lower_values": [
      41.524459564892844,
      41.21529822270536,
      41.37445733138596,
      41.524459564892844,
      41.37445733138596,
      40.93853061272942
    ],
    "root_gap": 10.318989345865726,
    "root_lower_objective": 41.325277104665396,
    "root_upper_objective": 51.64426645053112,
    "upper_objective": 51.64418216336658,
    "upper_values": [
      51.79776932386674,
      51.49951964075896,
      51.85979731282147,
      51.79718214321694,
      51.7948408002284,
      51.115983759306985
    ]
  },
  "initialization": {
    "initial_beliefs": [
      [
        1.0,
        0.0,
        0.0,
        0.0,
        0.0,
        0.0
      ],
      [
        0.0,
        1.0,
        0.0,
        0.0,
        0.0,
        0.0
      ],
      [
        0.0,
        0.0,
        1.0,
        0.0,
        0.0,
        0.0
      ],
      [
        0.0,
        0.0,
        0.0,
        1.0,
        0.0,
        0.0
      ],
      [
        0.0,
        0.0,
        0.0,
        0.0,
        1.0,
        0.0
      ],
      [
        0.0,
        0.0,
        0.0,
        0.0,
        0.0,
        1.0
      ]
    ],
    "initial_weights": [
      0.16666666666666666,
      0.16666666666666666,
      0.16666666666666666,
      0.16666666666666666,
      0.16666666666666666,
      0.16666666666666666
    ],
    "kind": "single synthetic root revealing a uniformly sampled physical state",
    "root_value_scale": "V_root / gamma, gamma=0.99"
  },
  "model": {
    "beta": 0.0,
    "epsilon": 0.08,
    "gamma": 0.99,
    "mdp_density": 0.5,
    "mdp_seed": 1111,
    "mdp_sha256": "580f9fa806b22e34e0f0d1010a1012409199158e69e3f71c129e1c5119fb8d6a",
    "n_jpo_actions": 128,
    "n_prescriptions": 64,
    "n_receiver_actions": 2,
    "n_states": 6
  },
  "runtime": {
    "julia": "1.12.6",
    "native_sarsop": "0.1.4",
    "pomdp_tools": "1.1.0",
    "pomdps": "1.0.0"
  },
  "solver": {
    "delta": 0.0001,
    "export_beliefs": false,
    "initial_bound_max_time": 30.0,
    "initial_bound_residual": 1e-08,
    "initial_upper_bound": "fully_observable",
    "kappa": 0.5,
    "max_steps": 1000000,
    "max_time": 500.0,
    "precision": 0.01,
    "prune_threshold": 0.1,
    "search_epsilon": 0.01,
    "use_binning": true
  },
  "training": {
    "alpha_count": 4,
    "belief_count": 8284123,
    "elapsed_seconds": 504.63556718826294,
    "history": [
      {
        "elapsed_seconds": 1.2159347534179688e-05,
        "initial_gap": 10151.685969110493,
        "initial_lower_objective": -10099.999999999984,
        "initial_upper_objective": 51.68596911050958,
        "iteration": 0,
        "root_gap": 10050.169109419388,
        "root_lower": -9998.999999999984,
        "root_upper": 51.169109419404485
      },
      {
        "elapsed_seconds": 0.00037598609924316406,
        "initial_gap": 26.711134436216597,
        "initial_lower_objective": 24.974834674292985,
        "initial_upper_objective": 51.68596911050958,
        "iteration": 1,
        "root_gap": 26.44402309185443,
        "root_lower": 24.725086327550056,
        "root_upper": 51.169109419404485
      },
      {
        "elapsed_seconds": 1.3433020114898682,
        "initial_gap": 23.45177509559373,
        "initial_lower_objective": 28.23419401491585,
        "initial_upper_objective": 51.68596911050958,
        "iteration": 2,
        "root_gap": 23.217257344637794,
        "root_lower": 27.95185207476669,
        "root_upper": 51.169109419404485
      },
      {
        "elapsed_seconds": 3.5872931480407715,
        "initial_gap": 22.18817406116525,
        "initial_lower_objective": 29.491251786842057,
        "initial_upper_objective": 51.679425848007305,
        "iteration": 3,
        "root_gap": 21.966292320553595,
        "root_lower": 29.196339268973635,
        "root_upper": 51.16263158952723
      },
      {
        "elapsed_seconds": 7.724791049957275,
        "initial_gap": 21.02503413116657,
        "initial_lower_objective": 30.650478404257,
        "initial_upper_objective": 51.67551253542357,
        "iteration": 4,
        "root_gap": 20.814783789854904,
        "root_lower": 30.34397362021443,
        "root_upper": 51.158757410069335
      },
      {
        "elapsed_seconds": 13.595844984054565,
        "initial_gap": 20.253041899239957,
        "initial_lower_objective": 31.418664900619454,
        "initial_upper_objective": 51.67170679985941,
        "iteration": 5,
        "root_gap": 20.050511480247557,
        "root_lower": 31.10447825161326,
        "root_upper": 51.154989731860816
      },
      {
        "elapsed_seconds": 21.379717111587524,
        "initial_gap": 19.171541650586285,
        "initial_lower_objective": 32.495894288592,
        "initial_upper_objective": 51.66743593917828,
        "iteration": 6,
        "root_gap": 18.97982623408042,
        "root_lower": 32.17093534570608,
        "root_upper": 51.1507615797865
      },
      {
        "elapsed_seconds": 31.724889039993286,
        "initial_gap": 18.574191775688842,
        "initial_lower_objective": 33.09268654875255,
        "initial_upper_objective": 51.66687832444139,
        "iteration": 7,
        "root_gap": 18.388449857931953,
        "root_lower": 32.761759683265026,
        "root_upper": 51.15020954119698
      },
      {
        "elapsed_seconds": 43.534250020980835,
        "initial_gap": 17.68310785164105,
        "initial_lower_objective": 33.977929322711844,
        "initial_upper_objective": 51.6610371743529,
        "iteration": 8,
        "root_gap": 17.50627677312464,
        "root_lower": 33.63815002948473,
        "root_upper": 51.14442680260937
      },
      {
        "elapsed_seconds": 58.56595206260681,
        "initial_gap": 16.925250134929424,
        "initial_lower_objective": 34.73239491967324,
        "initial_upper_objective": 51.65764505460266,
        "iteration": 9,
        "root_gap": 16.75599763358013,
        "root_lower": 34.385070970476505,
        "root_upper": 51.141068604056635
      },
      {
        "elapsed_seconds": 74.44843101501465,
        "initial_gap": 16.652632511993104,
        "initial_lower_objective": 35.00385208200252,
        "initial_upper_objective": 51.656484593995614,
        "iteration": 10,
        "root_gap": 16.486106186873172,
        "root_lower": 34.65381356118249,
        "root_upper": 51.13991974805566
      },
      {
        "elapsed_seconds": 93.1008791923523,
        "initial_gap": 16.132692102149846,
        "initial_lower_objective": 35.523731888358505,
        "initial_upper_objective": 51.65642399050835,
        "iteration": 11,
        "root_gap": 15.971365181128348,
        "root_lower": 35.168494569474916,
        "root_upper": 51.139859750603264
      },
      {
        "elapsed_seconds": 115.64908814430237,
        "initial_gap": 15.409490045335211,
        "initial_lower_objective": 36.24470198081356,
        "initial_upper_objective": 51.65419202614877,
        "iteration": 12,
        "root_gap": 15.25539514488186,
        "root_lower": 35.88225496100542,
        "root_upper": 51.13765010588728
      },
      {
        "elapsed_seconds": 139.5412299633026,
        "initial_gap": 14.878898953247276,
        "initial_lower_objective": 36.77388207514572,
        "initial_upper_objective": 51.652781028393,
        "iteration": 13,
        "root_gap": 14.730109963714803,
        "root_lower": 36.406143254394266,
        "root_upper": 51.13625321810907
      },
      {
        "elapsed_seconds": 175.86596417427063,
        "initial_gap": 14.67130801403016,
        "initial_lower_objective": 36.981263010617035,
        "initial_upper_objective": 51.652571024647195,
        "iteration": 14,