{
  "horizon": 95,
  "lower_objective": 2.2886189739913982,
  "lower_values": [
    2.6334040858785914,
    2.2305569925016595,
    2.176081788063159,
    2.2305569925016595,
    2.2305569925016595,
    2.2305569925016595
  ],
  "method": "deterministic_joint_state_belief_propagation",
  "objective_estimate": 2.2888540047441444,
  "status": "same_as_normal_no_violations",
  "tail_interval_width": 0.00047006150549222525,
  "total_belief_nodes": 27266,
  "unrestricted_upper_minus_restricted_lower": 0.032572782643685905,
  "upper_objective": 2.2890890354968905,
  "upper_values": [
    2.633874147384083,
    2.2310270540071517,
    2.176551849568654,
    2.2310270540071517,
    2.2310270540071517,
    2.2310270540071517
  ]
}