{
  "horizon": 95,
  "lower_objective": 2.8187330096028225,
  "lower_values": [
    2.763623791539316,
    2.763623791539316,
    2.3981143349844136,
    2.6071042429286226,
    3.1899659483126332,
    3.1899659483126332
  ],
  "method": "deterministic_joint_state_belief_propagation",
  "objective_estimate": 2.8189680403555695,
  "status": "ok",
  "tail_interval_width": 0.0004700615054940016,
  "total_belief_nodes": 56908,
  "upper_objective": 2.8192030711083165,
  "upper_values": [
    2.7640938530448094,
    2.7640938530448094,
    2.398584396489907,
    2.6075743044341184,
    3.1904360098181286,
    3.1904360098181286
  ]
}