{
  "alpha_vector_count": 6,
  "analysis_discounted_tail_bound": 9.67774912024056e-09,
  "analysis_horizon": 197,
  "analysis_total_belief_nodes": 23204,
  "beta": 0.05,
  "candidate_index": 10,
  "discounted_transmission_occupancy": 1.4309543473395252,
  "epsilon": 0.06000000000000001,
  "epsilon_index": 5,
  "gamma": 0.9,
  "index": 105,
  "margin": -0.4576000000000002,
  "margin_region": "m<0",
  "mdp_seed": 1690525620,
  "normal_minus_restricted_lower": 0.03478803881487558,
  "normal_minus_restricted_upper": 0.03572816182586358,
  "normal_minus_restricted_value": 0.03525810032036958,
  "normal_policy_horizon": 95,
  "normal_policy_interval_width": 0.0004700615054940016,
  "normal_policy_lower_bound": 2.8187330096028225,
  "normal_policy_total_belief_nodes": 56908,
  "normal_policy_upper_bound": 2.8192030711083165,
  "normal_policy_value": 2.8189680403555695,
  "point_id": "seed_1690525620_e05",
  "restricted_policy_horizon": 95,
  "restricted_policy_interval_width": 0.0004700615054940016,
  "restricted_policy_lower_bound": 2.783474909282453,
  "restricted_policy_status": "ok",
  "restricted_policy_total_belief_nodes": 56410,
  "restricted_policy_upper_bound": 2.783944970787947,
  "restricted_policy_value": 2.7837099400352,
  "reused_solver_checkpoint": false,
  "root_gap": 0.03179647708101295,
  "sampled_belief_count": 4334401,
  "sarsop_gap": 0.03179647708101241,
  "sarsop_gap_within_acceptance_threshold": true,
  "sarsop_lower_bound": 2.8188849366344035,
  "sarsop_upper_bound": 2.850681413715416,
  "solver_elapsed_seconds": 617.8228368759155,
  "solver_iterations": 239,
  "solver_stop_reason": "max_time",
  "status": "ok",
  "violation_count": 87,
  "violation_discounted_event_occupancy": 0.6256159875437123,
  "violation_first_depth_max": 44,
  "violation_first_depth_min": 0
}