{
  "horizon": 95,
  "lower_objective": 3.6562001885442914,
  "lower_values": [
    3.4484751399143634,
    4.103233307895511,
    3.4484751399143634,
    4.103233307895511,
    3.368039936792504,
    3.4657442988534988
  ],
  "method": "deterministic_joint_state_belief_propagation",
  "objective_estimate": 3.6564352192970393,
  "status": "ok",
  "tail_interval_width": 0.00047006150549577796,
  "total_belief_nodes": 40242,
  "upper_objective": 3.656670250049787,
  "upper_values": [
    3.448945201419861,
    4.103703369401005,
    3.448945201419861,
    4.103703369401005,
    3.368509998297998,
    3.4662143603589923
  ]
}