{
  "horizon": 95,
  "lower_objective": 2.761951535865859,
  "lower_values": [
    2.286762472857187,
    3.2046698198142387,
    2.8598504477784084,
    2.500725579188503,
    2.8598504477784084,
    2.8598504477784084
  ],
  "method": "deterministic_joint_state_belief_propagation",
  "objective_estimate": 2.7621865666186047,
  "status": "ok",
  "tail_interval_width": 0.00047006150549133707,
  "total_belief_nodes": 51529,
  "unrestricted_upper_minus_restricted_lower": 0.016415863639985595,
  "upper_objective": 2.7624215973713504,
  "upper_values": [
    2.2872325343626794,
    3.2051398813197327,
    2.860320509283899,
    2.5011956406939952,
    2.860320509283899,
    2.860320509283899
  ]
}