{
  "horizon": 95,
  "lower_objective": 2.254601458660229,
  "lower_values": [
    2.1964439666996576,
    2.1964439666996576,
    2.610386091435671,
    2.1314467937270716,
    2.1964439666996576,
    2.1964439666996576
  ],
  "method": "deterministic_joint_state_belief_propagation",
  "objective_estimate": 2.254836489412975,
  "status": "same_as_normal_no_violations",
  "tail_interval_width": 0.00047006150549266934,
  "total_belief_nodes": 54049,
  "unrestricted_upper_minus_restricted_lower": 0.01119397919605536,
  "upper_objective": 2.2550715201657217,
  "upper_values": [
    2.1969140282051502,
    2.1969140282051502,
    2.6108561529411647,
    2.1319168552325647,
    2.1969140282051502,
    2.1969140282051502
  ]
}