{
  "horizon": 95,
  "lower_objective": 1.3907588842730654,
  "lower_values": [
    1.484526080475666,
    1.2969916880704646,
    1.2969916880704646,
    1.484526080475666,
    1.2969916880704646,
    1.484526080475666
  ],
  "method": "deterministic_joint_state_belief_propagation",
  "objective_estimate": 1.390993915025812,
  "status": "same_as_normal_no_violations",
  "tail_interval_width": 0.0004700615054928914,
  "total_belief_nodes": 22470,
  "unrestricted_upper_minus_restricted_lower": 0.010565152186046145,
  "upper_objective": 1.3912289457785583,
  "upper_values": [
    1.4849961419811595,
    1.297461749575957,
    1.297461749575957,
    1.4849961419811595,
    1.297461749575957,
    1.4849961419811595
  ]
}