{
  "horizon": 95,
  "lower_objective": 5.548364790747259,
  "lower_values": [
    5.316585491810208,
    5.708902566754102,
    5.708902566754102,
    5.708902566754102,
    5.708902566754102,
    5.137992985656942
  ],
  "method": "deterministic_joint_state_belief_propagation",
  "objective_estimate": 5.548599821500005,
  "status": "same_as_normal_no_violations",
  "tail_interval_width": 0.00047006150549222525,
  "total_belief_nodes": 8842,
  "unrestricted_upper_minus_restricted_lower": 0.01098449383075284,
  "upper_objective": 5.548834852252751,
  "upper_values": [
    5.317055553315702,
    5.709372628259593,
    5.709372628259593,
    5.709372628259593,
    5.709372628259593,
    5.1384630471624355
  ]
}