{
  "action_encoding": {
    "formula": "action = prescription_index * n_receiver_actions + receiver_action",
    "solver_jpo_action_offset": 1,
    "state_zero_bit": "most_significant"
  },
  "bounds": {
    "gap": 0.9085214535798904,
    "lower_objective": 3.2342463282974023,
    "lower_values": [
      3.407294265726227,
      2.995890238595,
      3.4072942657975185,
      3.407294265726227,
      3.4072942657975185,
      2.7804106681419265
    ],
    "root_gap": 0.9085214535561266,
    "root_lower_objective": 3.2342463283211664,
    "root_upper_objective": 4.142767781877293,
    "upper_objective": 4.142767781877293,
    "upper_values": [
      4.366452882473226,
      3.902180141292265,
      4.3089652257071105,
      4.366452882473226,
      4.298111665389655,
      3.6144438939282786
    ]
  },
  "initialization": {
    "initial_beliefs": [
      [
        1.0,
        0.0,
        0.0,
        0.0,
        0.0,
        0.0
      ],
      [
        0.0,
        1.0,
        0.0,
        0.0,
        0.0,
        0.0
      ],
      [
        0.0,
        0.0,
        1.0,
        0.0,
        0.0,
        0.0
      ],
      [
        0.0,
        0.0,
        0.0,
        1.0,
        0.0,
        0.0
      ],
      [
        0.0,
        0.0,
        0.0,
        0.0,
        1.0,
        0.0
      ],
      [
        0.0,
        0.0,
        0.0,
        0.0,
        0.0,
        1.0
      ]
    ],
    "initial_weights": [
      0.16666666666666666,
      0.16666666666666666,
      0.16666666666666666,
      0.16666666666666666,
      0.16666666666666666,
      0.16666666666666666
    ],
    "kind": "single synthetic root revealing a uniformly sampled physical state",
    "root_value_scale": "V_root / gamma, gamma=0.9"
  },
  "model": {
    "beta": 0.8888888888888888,
    "epsilon": 0.03,
    "gamma": 0.9,
    "mdp_density": 0.5,
    "mdp_seed": 1111,
    "mdp_sha256": "580f9fa806b22e34e0f0d1010a1012409199158e69e3f71c129e1c5119fb8d6a",
    "n_jpo_actions": 128,
    "n_prescriptions": 64,
    "n_receiver_actions": 2,
    "n_states": 6
  },
  "runtime": {
    "julia": "1.12.6",
    "native_sarsop": "0.1.4",
    "pomdp_tools": "1.1.0",
    "pomdps": "1.0.0"
  },
  "solver": {
    "delta": 0.0001,
    "export_beliefs": false,
    "initial_bound_max_time": 30.0,
    "initial_bound_residual": 1e-08,
    "initial_upper_bound": "fib",
    "kappa": 0.5,
    "max_steps": 1000000,
    "max_time": 700.0,
    "precision": 0.01,
    "prune_threshold": 0.1,
    "search_epsilon": 0.01,
    "use_binning": true
  },
  "training": {
    "alpha_count": 21,
    "belief_count": 998719,
    "elapsed_seconds": 1033.605150938034,
    "history": [
      {
        "elapsed_seconds": 1.3113021850585938e-05,
        "initial_gap": 114.18754878856915,
        "initial_lower_objective": -110.00000000000004,
        "initial_upper_objective": 4.1875487885691,
        "iteration": 0,
        "root_gap": 102.76879390971223,
        "root_lower": -99.00000000000004,
        "root_upper": 3.76879390971219
      },
      {
        "elapsed_seconds": 0.040489912033081055,
        "initial_gap": 1.1949860192394324,
        "initial_lower_objective": 2.9925627693296675,
        "initial_upper_objective": 4.1875487885691,
        "iteration": 1,
        "root_gap": 1.0754874173154891,
        "root_lower": 2.693306492396701,
        "root_upper": 3.76879390971219
      },
      {
        "elapsed_seconds": 0.3987889289855957,
        "initial_gap": 0.9815584543750856,
        "initial_lower_objective": 3.2059903341940146,
        "initial_upper_objective": 4.1875487885691,
        "iteration": 2,
        "root_gap": 0.883402608937577,
        "root_lower": 2.885391300774613,
        "root_upper": 3.76879390971219
      },
      {
        "elapsed_seconds": 0.4742929935455322,
        "initial_gap": 0.9580406511434125,
        "initial_lower_objective": 3.229508136206181,
        "initial_upper_objective": 4.187548787349593,
        "iteration": 3,
        "root_gap": 0.8622365860290713,
        "root_lower": 2.906557322585563,
        "root_upper": 3.7687939086146343
      },
      {
        "elapsed_seconds": 0.5976691246032715,
        "initial_gap": 0.9562637657486938,
        "initial_lower_objective": 3.2312850216009,
        "initial_upper_objective": 4.187548787349593,
        "iteration": 4,
        "root_gap": 0.8606373891738244,
        "root_lower": 2.90815651944081,
        "root_upper": 3.7687939086146343
      },
      {
        "elapsed_seconds": 0.7056739330291748,
        "initial_gap": 0.9548328715649588,
        "initial_lower_objective": 3.2327159157846346,
        "initial_upper_objective": 4.187548787349593,
        "iteration": 5,
        "root_gap": 0.8593495844084629,
        "root_lower": 2.9094443242061714,
        "root_upper": 3.7687939086146343
      },
      {
        "elapsed_seconds": 0.936924934387207,
        "initial_gap": 0.9540316794201662,
        "initial_lower_objective": 3.233517107929427,
        "initial_upper_objective": 4.187548787349593,
        "iteration": 6,
        "root_gap": 0.8586285114781496,
        "root_lower": 2.9101653971364847,
        "root_upper": 3.7687939086146343
      },
      {
        "elapsed_seconds": 1.1449711322784424,
        "initial_gap": 0.9535893263653101,
        "initial_lower_objective": 3.233959460984283,
        "initial_upper_objective": 4.187548787349593,
        "iteration": 7,
        "root_gap": 0.8582303937287792,
        "root_lower": 2.910563514885855,
        "root_upper": 3.7687939086146343
      },
      {
        "elapsed_seconds": 1.3838250637054443,
        "initial_gap": 0.9535702881419212,
        "initial_lower_objective": 3.233978499207672,
        "initial_upper_objective": 4.187548787349593,
        "iteration": 8,
        "root_gap": 0.8582132593277292,
        "root_lower": 2.910580649286905,
        "root_upper": 3.7687939086146343
      },
      {
        "elapsed_seconds": 2.0658719539642334,
        "initial_gap": 0.9534409622242851,
        "initial_lower_objective": 3.2341078251253084,
        "initial_upper_objective": 4.187548787349593,
        "iteration": 9,
        "root_gap": 0.8580968660018566,
        "root_lower": 2.9106970426127776,
        "root_upper": 3.7687939086146343
      },
      {
        "elapsed_seconds": 2.3940019607543945,
        "initial_gap": 0.9533772322034182,
        "initial_lower_objective": 3.234171555146175,
        "initial_upper_objective": 4.187548787349593,
        "iteration": 10,
        "root_gap": 0.8580395089830763,
        "root_lower": 2.910754399631558,
        "root_upper": 3.7687939086146343
      },
      {
        "elapsed_seconds": 2.7424869537353516,
        "initial_gap": 0.9533505672201893,
        "initial_lower_objective": 3.234198220129404,
        "initial_upper_objective": 4.187548787349593,
        "iteration": 11,
        "root_gap": 0.8580155104981704,
        "root_lower": 2.910778398116464,
        "root_upper": 3.7687939086146343
      },
      {
        "elapsed_seconds": 3.115309953689575,
        "initial_gap": 0.9533346670306332,
        "initial_lower_objective": 3.2342141203189603,
        "initial_upper_objective": 4.187548787349593,
        "iteration": 12,
        "root_gap": 0.8580012003275699,
        "root_lower": 2.9107927082870644,
        "root_upper": 3.7687939086146343
      },
      {
        "elapsed_seconds": 3.5452370643615723,
        "initial_gap": 0.9533175006123049,
        "initial_lower_objective": 3.2342312867372884,
        "initial_upper_objective": 4.187548787349593,
        "iteration": 13,
        "root_gap": 0.8579857505510744,
        "root_lower": 2.91080815806356,
        "root_upper": 3.7687939086146343
      },
      {
        "elapsed_seconds": 4.165935039520264,
        "initial_gap": 0.9533133188952656,
        "initial_lower_objective": 3.2342354684543277,
        "initial_upper_objective": 4.187548787349593,
        "iteration": 14,