{
  "horizon": 95,
  "lower_objective": 2.763375302253049,
  "lower_values": [
    2.7072912896915144,
    2.7072912896915144,
    2.351688068273724,
    2.5579973830658247,
    3.1279918913978584,
    3.1279918913978584
  ],
  "method": "deterministic_joint_state_belief_propagation",
  "objective_estimate": 2.7636103330057953,
  "status": "ok",
  "tail_interval_width": 0.00047006150549311343,
  "total_belief_nodes": 65673,
  "unrestricted_upper_minus_restricted_lower": 0.06671365421637798,
  "upper_objective": 2.7638453637585423,
  "upper_values": [
    2.707761351197007,
    2.707761351197007,
    2.3521581297792165,
    2.558467444571319,
    3.128461952903353,
    3.128461952903353
  ]
}