{
  "horizon": 95,
  "lower_objective": 4.906386094284704,
  "lower_values": [
    5.082603008401109,
    4.723862936462456,
    5.082603008401109,
    5.082603008401109,
    5.082603008401109,
    4.384041595641336
  ],
  "method": "deterministic_joint_state_belief_propagation",
  "objective_estimate": 4.906621125037451,
  "status": "ok",
  "tail_interval_width": 0.0004700615054940016,
  "total_belief_nodes": 21757,
  "unrestricted_upper_minus_restricted_lower": 0.08845322963002289,
  "upper_objective": 4.906856155790198,
  "upper_values": [
    5.083073069906602,
    4.724332997967947,
    5.083073069906602,
    5.083073069906602,
    5.083073069906602,
    4.38451165714683
  ]
}