{
  "horizon": 95,
  "lower_objective": 2.0113143933715727,
  "lower_values": [
    2.3367515357695083,
    3.1407444612547866,
    2.0385599254614544,
    1.256635256141117,
    1.256635256141117,
    2.0385599254614544
  ],
  "method": "deterministic_joint_state_belief_propagation",
  "objective_estimate": 2.0115494241243197,
  "status": "ok",
  "tail_interval_width": 0.0004700615054940016,
  "total_belief_nodes": 77762,
  "unrestricted_upper_minus_restricted_lower": 0.017929808624841392,
  "upper_objective": 2.0117844548770667,
  "upper_values": [
    2.337221597275,
    3.14121452276028,
    2.039029986966949,
    1.257105317646611,
    1.257105317646611,
    2.039029986966949
  ]
}