{
  "analysis_discounted_tail_bound": 9.67774912024056e-09,
  "analysis_horizon": 197,
  "analysis_total_belief_nodes": 50388,
  "discounted_transmission_occupancy": 1.3867240482669938,
  "violation_count": 1,
  "violations": [
    {
      "action": 114,
      "belief": [
        0.006257473428084869,
        0.3639353811707987,
        0.006409106117325919,
        0.13417048697430986,
        0.4804865416201645,
        0.008741010689316191
      ],
      "common_next_receiver_action": 0,
      "discounted_event_occupancy": 4.504078788171339e-05,
      "first_depth": 17,
      "no_reception_next_action": 32,
      "null_probability_given_belief": 0.5381964511541341,
      "prescription": [
        1,
        1,
        1,
        0,
        0,
        1
      ],
      "prescription_index": 57,
      "reached_state": 1,
      "receiver_action": 0,
      "success_next_action": 80,
      "success_probability_given_belief": 0.22097131337578257
    }
  ]
}