{
  "horizon": 95,
  "lower_objective": 4.616798791120276,
  "lower_values": [
    4.186055426587225,
    5.009334306574092,
    5.009334306574092,
    4.243367200206078,
    4.243367200206078,
    5.009334306574092
  ],
  "method": "deterministic_joint_state_belief_propagation",
  "objective_estimate": 4.617033821873023,
  "status": "same_as_normal_no_violations",
  "tail_interval_width": 0.0004700615054940016,
  "total_belief_nodes": 44053,
  "unrestricted_upper_minus_restricted_lower": 0.06656847330908988,
  "upper_objective": 4.61726885262577,
  "upper_values": [
    4.186525488092718,
    5.009804368079587,
    5.009804368079587,
    4.2438372617115725,
    4.2438372617115725,
    5.009804368079587
  ]
}