{
  "horizon": 95,
  "lower_objective": 2.262612123746985,
  "lower_values": [
    2.2044497623991814,
    2.2044497623991814,
    2.6183269659015664,
    2.1395467269836175,
    2.2044497623991814,
    2.2044497623991814
  ],
  "method": "deterministic_joint_state_belief_propagation",
  "objective_estimate": 2.2628471544997315,
  "status": "same_as_normal_no_violations",
  "tail_interval_width": 0.0004700615054935575,
  "total_belief_nodes": 54049,
  "unrestricted_upper_minus_restricted_lower": 0.011033326317813064,
  "upper_objective": 2.2630821852524785,
  "upper_values": [
    2.2049198239046754,
    2.2049198239046754,
    2.61879702740706,
    2.1400167884891106,
    2.2049198239046754,
    2.2049198239046754
  ]
}