{
  "horizon": 95,
  "lower_objective": 1.9858243231131447,
  "lower_values": [
    1.7601433374114208,
    1.9359749631507646,
    2.2934340119235612,
    1.9480863297503495,
    1.6838732845192117,
    2.2934340119235612
  ],
  "method": "deterministic_joint_state_belief_propagation",
  "objective_estimate": 1.9860593538658915,
  "status": "ok",
  "tail_interval_width": 0.0004700615054935575,
  "total_belief_nodes": 74416,
  "upper_objective": 1.9862943846186383,
  "upper_values": [
    1.760613398916914,
    1.9364450246562586,
    2.293904073429057,
    1.948556391255842,
    1.6843433460247028,
    2.293904073429057
  ]
}