{
  "horizon": 95,
  "lower_objective": 2.638034934290877,
  "lower_values": [
    2.8287469268976624,
    3.150095753983577,
    2.377390674605522,
    2.8287469268976624,
    2.304375041483652,
    2.338854281877187
  ],
  "method": "deterministic_joint_state_belief_propagation",
  "objective_estimate": 2.638269965043624,
  "status": "ok",
  "tail_interval_width": 0.0004700615054940016,
  "total_belief_nodes": 120221,
  "upper_objective": 2.638504995796371,
  "upper_values": [
    2.8292169884031573,
    3.1505658154890708,
    2.3778607361110145,
    2.8292169884031573,
    2.3048451029891446,
    2.339324343382682
  ]
}