{
  "horizon": 95,
  "lower_objective": 2.610315535047925,
  "lower_values": [
    2.8088441026863786,
    3.1291910781983114,
    2.3489459451197607,
    2.8088441026863786,
    2.2653316062780537,
    2.300736375318668
  ],
  "method": "deterministic_joint_state_belief_propagation",
  "objective_estimate": 2.610550565800671,
  "status": "ok",
  "tail_interval_width": 0.00047006150549266934,
  "total_belief_nodes": 121015,
  "unrestricted_upper_minus_restricted_lower": 0.07243176933044992,
  "upper_objective": 2.6107855965534177,
  "upper_values": [
    2.8093141641918704,
    3.129661139703803,
    2.3494160066252547,
    2.8093141641918704,
    2.2658016677835473,
    2.3012064368241614
  ]
}