{
  "action_encoding": {
    "formula": "action = prescription_index * n_receiver_actions + receiver_action",
    "solver_jpo_action_offset": 1,
    "state_zero_bit": "most_significant"
  },
  "bounds": {
    "gap": 0.29151722274016656,
    "lower_objective": 7.032920046862509,
    "lower_values": [
      7.094477903758592,
      7.062958357094177,
      6.932959176802142,
      6.777188877184591,
      7.179146370117961,
      7.150789596217596
    ],
    "root_gap": 0.29151722274016595,
    "root_lower_objective": 7.032920046862509,
    "root_upper_objective": 7.324437269602675,
    "upper_objective": 7.324437269602676,
    "upper_values": [
      7.395626938373798,
      7.3612024191282535,
      7.217884186294065,
      7.057516022763602,
      7.462455401307924,
      7.451938649748415
    ]
  },
  "initialization": {
    "initial_beliefs": [
      [
        1.0,
        0.0,
        0.0,
        0.0,
        0.0,
        0.0
      ],
      [
        0.0,
        1.0,
        0.0,
        0.0,
        0.0,
        0.0
      ],
      [
        0.0,
        0.0,
        1.0,
        0.0,
        0.0,
        0.0
      ],
      [
        0.0,
        0.0,
        0.0,
        1.0,
        0.0,
        0.0
      ],
      [
        0.0,
        0.0,
        0.0,
        0.0,
        1.0,
        0.0
      ],
      [
        0.0,
        0.0,
        0.0,
        0.0,
        0.0,
        1.0
      ]
    ],
    "initial_weights": [
      0.16666666666666666,
      0.16666666666666666,
      0.16666666666666666,
      0.16666666666666666,
      0.16666666666666666,
      0.16666666666666666
    ],
    "kind": "single synthetic root revealing a uniformly sampled physical state",
    "root_value_scale": "V_root / gamma, gamma=0.9"
  },
  "model": {
    "beta": 0.1,
    "epsilon": 0.08,
    "gamma": 0.9,
    "mdp_density": 0.5,
    "mdp_seed": 1111,
    "mdp_sha256": "d7da316d329b4889e7e777d11e05e73cfbc4247cc4fc4b11b7ce59a173551948",
    "n_jpo_actions": 128,
    "n_prescriptions": 64,
    "n_receiver_actions": 2,
    "n_states": 6
  },
  "runtime": {
    "julia": "1.12.6",
    "native_sarsop": "0.1.4",
    "pomdp_tools": "1.1.0",
    "pomdps": "1.0.0"
  },
  "solver": {
    "delta": 0.0001,
    "export_beliefs": false,
    "initial_bound_max_time": 30.0,
    "initial_bound_residual": 1e-08,
    "initial_upper_bound": "fully_observable",
    "kappa": 0.5,
    "max_steps": 1000000,
    "max_time": 500.0,
    "precision": 0.01,
    "prune_threshold": 0.1,
    "search_epsilon": 0.01,
    "use_binning": true
  },
  "training": {
    "alpha_count": 8,
    "belief_count": 1001428,
    "elapsed_seconds": 980.3868029117584,
    "history": [
      {
        "elapsed_seconds": 1.4066696166992188e-05,
        "initial_gap": 117.37377851153757,
        "initial_lower_objective": -110.00000000000004,
        "initial_upper_objective": 7.373778511537526,
        "iteration": 0,
        "root_gap": 105.63640066038381,
        "root_lower": -99.00000000000004,
        "root_upper": 6.6364006603837735
      },
      {
        "elapsed_seconds": 0.07493090629577637,
        "initial_gap": 1.075079598679927,
        "initial_lower_objective": 6.298698912857599,
        "initial_upper_objective": 7.373778511537526,
        "iteration": 1,
        "root_gap": 0.9675716388119344,
        "root_lower": 5.668829021571839,
        "root_upper": 6.6364006603837735
      },
      {
        "elapsed_seconds": 0.10432696342468262,
        "initial_gap": 0.5415732765867739,
        "initial_lower_objective": 6.832205233454863,
        "initial_upper_objective": 7.373778510041636,
        "iteration": 2,
        "root_gap": 0.4874159489280965,
        "root_lower": 6.148984710109376,
        "root_upper": 6.636400659037473
      },
      {
        "elapsed_seconds": 0.16276288032531738,
        "initial_gap": 0.39827821046028433,
        "initial_lower_objective": 6.975500298085462,
        "initial_upper_objective": 7.373778508545747,
        "iteration": 3,
        "root_gap": 0.3584503894142559,
        "root_lower": 6.277950268276916,
        "root_upper": 6.636400657691172
      },
      {
        "elapsed_seconds": 0.2557048797607422,
        "initial_gap": 0.3787081067396731,
        "initial_lower_objective": 6.995070399444705,
        "initial_upper_objective": 7.373778506184378,
        "iteration": 4,
        "root_gap": 0.3408372960657058,
        "root_lower": 6.2955633595002345,
        "root_upper": 6.63640065556594
      },
      {
        "elapsed_seconds": 0.3718130588531494,
        "initial_gap": 0.36987216986633775,
        "initial_lower_objective": 7.003906334581738,
        "initial_upper_objective": 7.373778504448076,
        "iteration": 5,
        "root_gap": 0.332884952879704,
        "root_lower": 6.3035157011235645,
        "root_upper": 6.6364006540032685
      },
      {
        "elapsed_seconds": 0.6176269054412842,
        "initial_gap": 0.3605415175636079,
        "initial_lower_objective": 7.013236986884468,
        "initial_upper_objective": 7.373778504448076,
        "iteration": 6,
        "root_gap": 0.32448736580724713,
        "root_lower": 6.311913288196021,
        "root_upper": 6.6364006540032685
      },
      {
        "elapsed_seconds": 0.7914230823516846,
        "initial_gap": 0.360519644062181,
        "initial_lower_objective": 7.0132588603858945,
        "initial_upper_objective": 7.373778504448076,
        "iteration": 7,
        "root_gap": 0.3244676796559629,
        "root_lower": 6.311932974347306,
        "root_upper": 6.6364006540032685
      },
      {
        "elapsed_seconds": 1.0269899368286133,
        "initial_gap": 0.3510965439224003,
        "initial_lower_objective": 7.022681960525675,
        "initial_upper_objective": 7.373778504448076,
        "iteration": 8,
        "root_gap": 0.3159868895301603,
        "root_lower": 6.320413764473108,
        "root_upper": 6.6364006540032685
      },
      {
        "elapsed_seconds": 1.6914639472961426,
        "initial_gap": 0.35108151992156383,
        "initial_lower_objective": 7.022696984526512,
        "initial_upper_objective": 7.373778504448076,
        "iteration": 9,
        "root_gap": 0.31597336792940744,
        "root_lower": 6.320427286073861,
        "root_upper": 6.6364006540032685
      },
      {
        "elapsed_seconds": 2.0251009464263916,
        "initial_gap": 0.3433406536605392,
        "initial_lower_objective": 7.025076053421991,
        "initial_upper_objective": 7.368416707082529,
        "iteration": 10,
        "root_gap": 0.30900658829448524,
        "root_lower": 6.3225684480797915,
        "root_upper": 6.631575036374277
      },
      {
        "elapsed_seconds": 2.4594008922576904,
        "initial_gap": 0.33257253733720815,
        "initial_lower_objective": 7.030063412557656,
        "initial_upper_objective": 7.362635949894864,
        "iteration": 11,
        "root_gap": 0.29931528360348736,
        "root_lower": 6.3270570713018905,
        "root_upper": 6.626372354905378
      },
      {
        "elapsed_seconds": 2.962867021560669,
        "initial_gap": 0.32147937108096947,
        "initial_lower_objective": 7.030738433869251,
        "initial_upper_objective": 7.352217804950221,
        "iteration": 12,
        "root_gap": 0.28933143397287253,
        "root_lower": 6.3276645904823265,
        "root_upper": 6.616996024455199
      },
      {
        "elapsed_seconds": 3.555248975753784,
        "initial_gap": 0.3208123584070904,
        "initial_lower_objective": 7.031405446543131,
        "initial_upper_objective": 7.352217804950221,
        "iteration": 13,
        "root_gap": 0.28873112256638134,
        "root_lower": 6.328264901888818,
        "root_upper": 6.616996024455199
      },
      {
        "elapsed_seconds": 4.487890958786011,
        "initial_gap": 0.31440898893159125,
        "initial_lower_objective": 7.031785661939826,
        "initial_upper_objective": 7.346194650871417,
        "iteration": 14,