{
  "horizon": 95,
  "lower_objective": 2.621639793622239,
  "lower_values": [
    2.6637706046581777,
    2.5327959135179925,
    2.398009009634072,
    2.398009009634072,
    2.8686271121445603,
    2.8686271121445603
  ],
  "method": "deterministic_joint_state_belief_propagation",
  "objective_estimate": 2.6218748243749856,
  "status": "ok",
  "tail_interval_width": 0.00047006150549311343,
  "total_belief_nodes": 69946,
  "unrestricted_upper_minus_restricted_lower": 0.06372478527503311,
  "upper_objective": 2.622109855127732,
  "upper_values": [
    2.6642406661636704,
    2.5332659750234847,
    2.3984790711395654,
    2.3984790711395654,
    2.869097173650054,
    2.869097173650054
  ]
}