{
  "horizon": 95,
  "lower_objective": 1.3919298103718962,
  "lower_values": [
    1.4854191470679914,
    1.2984404736758013,
    1.2984404736758013,
    1.4854191470679914,
    1.2984404736758013,
    1.4854191470679914
  ],
  "method": "deterministic_joint_state_belief_propagation",
  "objective_estimate": 1.3921648411246428,
  "status": "same_as_normal_no_violations",
  "tail_interval_width": 0.0004700615054928914,
  "total_belief_nodes": 24180,
  "unrestricted_upper_minus_restricted_lower": 0.011114361315123,
  "upper_objective": 1.3923998718773891,
  "upper_values": [
    1.4858892085734847,
    1.2989105351812937,
    1.2989105351812937,
    1.4858892085734847,
    1.2989105351812937,
    1.4858892085734847
  ]
}