{
  "horizon": 95,
  "lower_objective": 2.6404751314091346,
  "lower_values": [
    2.683546403096306,
    2.551657392397309,
    2.417197181974771,
    2.417197181974771,
    2.886626314505825,
    2.886626314505825
  ],
  "method": "deterministic_joint_state_belief_propagation",
  "objective_estimate": 2.6407101621618816,
  "status": "same_as_normal_no_violations",
  "tail_interval_width": 0.0004700615054935575,
  "total_belief_nodes": 70557,
  "unrestricted_upper_minus_restricted_lower": 0.024725876865614005,
  "upper_objective": 2.640945192914628,
  "upper_values": [
    2.6840164646018025,
    2.5521274539028016,
    2.417667243480264,
    2.417667243480264,
    2.8870963760113195,
    2.8870963760113195
  ]
}