{
  "horizon": 1215,
  "lower_objective": 50.91259437396218,
  "lower_values": [
    51.090983492327844,
    50.74392728738089,
    51.090983492327844,
    51.090983492327844,
    51.090983492327844,
    50.367704987080856
  ],
  "method": "deterministic_joint_state_belief_propagation",
  "objective_estimate": 50.91284310583603,
  "status": "ok",
  "tail_interval_width": 0.000497463747706206,
  "total_belief_nodes": 545435,
  "upper_objective": 50.913091837709885,
  "upper_values": [
    51.09148095607492,
    50.74442475112796,
    51.09148095607492,
    51.09148095607492,
    51.09148095607492,
    50.36820245083167
  ]
}