{
  "horizon": 95,
  "lower_objective": 4.58902564427119,
  "lower_values": [
    4.150102517687973,
    4.983197112135039,
    4.983197112135039,
    4.217230005767025,
    4.217230005767025,
    4.983197112135039
  ],
  "method": "deterministic_joint_state_belief_propagation",
  "objective_estimate": 4.589260675023937,
  "status": "ok",
  "tail_interval_width": 0.00047006150549222525,
  "total_belief_nodes": 36781,
  "upper_objective": 4.589495705776682,
  "upper_values": [
    4.150572579193467,
    4.983667173640532,
    4.983667173640532,
    4.217700067272516,
    4.217700067272516,
    4.983667173640532
  ]
}