{
  "horizon": 95,
  "lower_objective": 3.7172743081470534,
  "lower_values": [
    4.194555789585313,
    3.4138387805114276,
    3.5288286533766344,
    4.194555789585313,
    3.5288286533766344,
    3.443038182446999
  ],
  "method": "deterministic_joint_state_belief_propagation",
  "objective_estimate": 3.7175093388997995,
  "status": "ok",
  "tail_interval_width": 0.00047006150549266934,
  "total_belief_nodes": 17838,
  "upper_objective": 3.717744369652546,
  "upper_values": [
    4.195025851090806,
    3.41430884201692,
    3.529298714882127,
    4.195025851090806,
    3.529298714882127,
    3.4435082439524907
  ]
}