{
  "horizon": 95,
  "lower_objective": 3.123402015347268,
  "lower_values": [
    3.4681217810848866,
    2.9315254195699003,
    2.788060006093949,
    3.1530576846800846,
    3.4681217810848866,
    2.9315254195699003
  ],
  "method": "deterministic_joint_state_belief_propagation",
  "objective_estimate": 3.1236370461000504,
  "status": "ok",
  "tail_interval_width": 0.00047006150556549997,
  "total_belief_nodes": 48935,
  "upper_objective": 3.1238720768528334,
  "upper_values": [
    3.4685918425903814,
    2.931995481075394,
    2.788530067599872,
    3.1535277461855777,
    3.4685918425903814,
    2.931995481075394
  ]
}