iteration	elapsed_seconds	root_lower	root_upper	root_gap
0.0	1.0013580322265625e-5	-99.00000000000004	5.587913460823229	104.58791346082327
1.0	0.0004291534423828125	5.503497889717095	5.587913460823229	0.08441557110613385
2.0	0.007266044616699219	5.58626167638899	5.587913460823229	0.0016517844342391896
