{
  "horizon": 95,
  "lower_objective": 3.2749348298236316,
  "lower_values": [
    3.003062393373193,
    3.4929106367491727,
    3.003062393373193,
    3.4929106367491727,
    3.164752281947885,
    3.4929106367491727
  ],
  "method": "deterministic_joint_state_belief_propagation",
  "objective_estimate": 3.275169860576378,
  "status": "ok",
  "tail_interval_width": 0.0004700615054935575,
  "total_belief_nodes": 48606,
  "upper_objective": 3.275404891329125,
  "upper_values": [
    3.003532454878688,
    3.493380698254666,
    3.003532454878688,
    3.493380698254666,
    3.1652223434533795,
    3.493380698254666
  ]
}