{
  "horizon": 95,
  "lower_objective": 3.1917854329277215,
  "lower_values": [
    3.127864778926461,
    2.98963629589205,
    3.4444007925240303,
    3.0165451587732988,
    3.127864778926461,
    3.4444007925240303
  ],
  "method": "deterministic_joint_state_belief_propagation",
  "objective_estimate": 3.1920204636804685,
  "status": "ok",
  "tail_interval_width": 0.0004700615054940016,
  "total_belief_nodes": 74970,
  "upper_objective": 3.1922554944332155,
  "upper_values": [
    3.1283348404319544,
    2.990106357397544,
    3.4448708540295243,
    3.017015220278794,
    3.1283348404319544,
    3.4448708540295243
  ]
}