{
  "horizon": 95,
  "lower_objective": 2.772903795304046,
  "lower_values": [
    2.2970863590224515,
    3.215109772354565,
    2.8690242001052773,
    2.518154040131427,
    2.8690242001052773,
    2.8690242001052773
  ],
  "method": "deterministic_joint_state_belief_propagation",
  "objective_estimate": 2.773138826056792,
  "status": "ok",
  "tail_interval_width": 0.00047006150549311343,
  "total_belief_nodes": 52186,
  "upper_objective": 2.773373856809539,
  "upper_values": [
    2.2975564205279464,
    3.2155798338600587,
    2.86949426161077,
    2.5186241016369193,
    2.86949426161077,
    2.86949426161077
  ]
}