{
  "horizon": 95,
  "lower_objective": 1.1863441538362451,
  "lower_values": [
    1.0940722805484753,
    1.0940722805484753,
    1.0940722805484753,
    1.7155155348701114,
    1.163258422862189,
    0.957074123639744
  ],
  "method": "deterministic_joint_state_belief_propagation",
  "objective_estimate": 1.1865791845889908,
  "status": "same_as_normal_no_violations",
  "tail_interval_width": 0.00047006150549178116,
  "total_belief_nodes": 58109,
  "unrestricted_upper_minus_restricted_lower": 0.01084221299866206,
  "upper_objective": 1.186814215341737,
  "upper_values": [
    1.0945423420539664,
    1.0945423420539664,
    1.0945423420539664,
    1.7159855963756057,
    1.1637284843676798,
    0.9575441851452372
  ]
}