{
  "horizon": 95,
  "lower_objective": 4.888180877707898,
  "lower_values": [
    5.063531253364332,
    4.699955513545152,
    5.063531253364332,
    5.063531253364332,
    5.063531253364332,
    4.375004739244906
  ],
  "method": "deterministic_joint_state_belief_propagation",
  "objective_estimate": 4.888415908460645,
  "status": "ok",
  "tail_interval_width": 0.0004700615054940016,
  "total_belief_nodes": 22230,
  "upper_objective": 4.888650939213392,
  "upper_values": [
    5.064001314869826,
    4.700425575050645,
    5.064001314869826,
    5.064001314869826,
    5.064001314869826,
    4.375474800750398
  ]
}