{
  "alpha_vector_count": 8,
  "analysis_discounted_tail_bound": 9.67774912024056e-09,
  "analysis_horizon": 197,
  "analysis_total_belief_nodes": 12262,
  "beta": 0.2222222222222222,
  "beta_index": 1,
  "discounted_transmission_occupancy": 3.308269575214052,
  "epsilon": 0.24000000000000002,
  "epsilon_index": 7,
  "gamma": 0.9,
  "gamma_index": 0,
  "index": 17,
  "margin": -1.4193777777777785,
  "margin_region": "m<0",
  "mdp_seed": 1111,
  "point_id": "g0_b01_e07",
  "policy_evaluation_skipped": true,
  "reused_solver_checkpoint": false,
  "root_gap": 0.48460495541037535,
  "sampled_belief_count": 8996590,
  "sarsop_gap": 0.48460495541037485,
  "sarsop_lower_bound": 4.134754792573645,
  "sarsop_upper_bound": 4.61935974798402,
  "solver_elapsed_seconds": 702.0661959648132,
  "solver_iterations": 293,
  "solver_stop_reason": "max_time",
  "status": "ok",
  "violation_count": 65,
  "violation_discounted_event_occupancy": 0.9762765714590009,
  "violation_first_depth_max": 31,
  "violation_first_depth_min": 0
}