{
  "horizon": 95,
  "lower_objective": 2.2977459882879767,
  "lower_values": [
    2.6417492390570456,
    2.239743071850696,
    2.185754403268031,
    2.239743071850696,
    2.239743071850696,
    2.239743071850696
  ],
  "method": "deterministic_joint_state_belief_propagation",
  "objective_estimate": 2.297981019040723,
  "status": "ok",
  "tail_interval_width": 0.00047006150549266934,
  "total_belief_nodes": 53586,
  "upper_objective": 2.2982160497934694,
  "upper_values": [
    2.6422193005625396,
    2.2402131333561885,
    2.1862244647735234,
    2.2402131333561885,
    2.2402131333561885,
    2.2402131333561885
  ]
}