{
  "horizon": 94,
  "lower_objective": 5.120773404486956,
  "lower_values": [
    5.296071088134366,
    4.942962936720227,
    5.296071088134366,
    5.296071088134366,
    5.296071088134366,
    4.597393137664046
  ],
  "method": "deterministic_joint_state_belief_propagation",
  "objective_estimate": 5.121023304277691,
  "status": "ok",
  "tail_interval_width": 0.0004997995814708389,
  "total_belief_nodes": 22492,
  "upper_objective": 5.121273204068427,
  "upper_values": [
    5.2965708877158875,
    4.943462736301652,
    5.2965708877158875,
    5.2965708877158875,
    5.2965708877158875,
    4.597892937245359
  ]
}