{
  "horizon": 94,
  "lower_objective": 5.116318272234837,
  "lower_values": [
    5.291978155841603,
    4.938325429101878,
    5.291978155841603,
    5.291978155841603,
    5.291978155841603,
    4.59167158094073
  ],
  "method": "deterministic_joint_state_belief_propagation",
  "objective_estimate": 5.116568172025104,
  "status": "ok",
  "tail_interval_width": 0.0004997995805346989,
  "total_belief_nodes": 24770,
  "unrestricted_upper_minus_restricted_lower": 0.009748904829740113,
  "upper_objective": 5.116818071815372,
  "upper_values": [
    5.292477955422138,
    4.938825228682413,
    5.292477955422138,
    5.292477955422138,
    5.292477955422138,
    4.592171380521266
  ]
}