{
  "alpha_vector_count": 8,
  "analysis_discounted_tail_bound": 9.67774912024056e-09,
  "analysis_horizon": 197,
  "analysis_total_belief_nodes": 8223,
  "beta": 0.0,
  "beta_index": 0,
  "discounted_transmission_occupancy": 7.86485797749652,
  "epsilon": 0.01,
  "epsilon_index": 0,
  "gamma": 0.9,
  "gamma_index": 0,
  "index": 0,
  "margin": -0.08910000000000003,
  "margin_region": "m<0",
  "mdp_seed": 1111,
  "normal_minus_restricted_lower": 0.003955332671583989,
  "normal_minus_restricted_upper": 0.0049549318335895265,
  "normal_minus_restricted_value": 0.004455132252586758,
  "normal_policy_horizon": 94,
  "normal_policy_interval_width": 0.0004997995814708389,
  "normal_policy_lower_bound": 5.120773404486956,
  "normal_policy_total_belief_nodes": 22492,
  "normal_policy_upper_bound": 5.121273204068427,
  "normal_policy_value": 5.121023304277691,
  "point_id": "g0_b00_e00",
  "restricted_lower_bound_status": "ok",
  "restricted_policy_horizon": 94,
  "restricted_policy_interval_width": 0.0004997995805346989,
  "restricted_policy_lower_bound": 5.116318272234837,
  "restricted_policy_total_belief_nodes": 24770,
  "restricted_policy_upper_bound": 5.116818071815372,
  "reused_solver_checkpoint": false,
  "root_gap": 0.00852374706837781,
  "sampled_belief_count": 617653,
  "sarsop_gap": 0.008442147732375282,
  "sarsop_lower_bound": 5.117625029332202,
  "sarsop_upper_bound": 5.126067177064577,
  "solver_elapsed_seconds": 3.1877939701080322,
  "solver_iterations": 25,
  "solver_stop_reason": "precision",
  "status": "ok",
  "unrestricted_upper_minus_restricted_lower": 0.009748904829740113,
  "violation_count": 83,
  "violation_discounted_event_occupancy": 5.286399730208336,
  "violation_first_depth_max": 13,
  "violation_first_depth_min": 0
}