{
  "horizon": 95,
  "lower_objective": 4.468948341450641,
  "lower_values": [
    4.903595422447718,
    4.532075582737545,
    4.532075582737545,
    3.9711740191666616,
    3.9711740191666616,
    4.903595422447718
  ],
  "method": "deterministic_joint_state_belief_propagation",
  "objective_estimate": 4.469183372203406,
  "status": "ok",
  "tail_interval_width": 0.00047006150552952874,
  "total_belief_nodes": 16464,
  "upper_objective": 4.469418402956171,
  "upper_values": [
    4.904065483953213,
    4.532545644243037,
    4.532545644243037,
    3.9716440806722644,
    3.9716440806722644,
    4.904065483953213
  ]
}