iteration	elapsed_seconds	root_lower	root_upper	root_gap
0.0	1.3113021850585938e-5	-99.00000000000004	2.3553681814874956	101.35536818148753
1.0	0.026868104934692383	2.35535386991975	2.3553681814874956	1.431156774556186e-5
