{
  "horizon": 95,
  "lower_objective": 4.256323817686382,
  "lower_values": [
    4.450539929832968,
    3.920246990672094,
    4.133038062973648,
    4.450539929832968,
    4.133038062973648,
    4.450539929832968
  ],
  "method": "deterministic_joint_state_belief_propagation",
  "objective_estimate": 4.256558848439128,
  "status": "same_as_normal_no_violations",
  "tail_interval_width": 0.00047006150549222525,
  "total_belief_nodes": 25649,
  "unrestricted_upper_minus_restricted_lower": 0.011105703477441331,
  "upper_objective": 4.256793879191874,
  "upper_values": [
    4.45100999133846,
    3.920717052177586,
    4.13350812447914,
    4.45100999133846,
    4.13350812447914,
    4.45100999133846
  ]
}