{
  "horizon": 95,
  "lower_objective": 3.664520971340629,
  "lower_values": [
    3.456628095794776,
    4.1114956396364715,
    3.456628095794776,
    4.1114956396364715,
    3.3763260014053342,
    3.474552355775946
  ],
  "method": "deterministic_joint_state_belief_propagation",
  "objective_estimate": 3.6647560020933754,
  "status": "ok",
  "tail_interval_width": 0.00047006150549311343,
  "total_belief_nodes": 69840,
  "upper_objective": 3.664991032846122,
  "upper_values": [
    3.457098157300268,
    4.1119657011419655,
    3.457098157300268,
    4.1119657011419655,
    3.3767960629108256,
    3.4750224172814392
  ]
}