{
  "horizon": 95,
  "lower_objective": 3.6577780102906328,
  "lower_values": [
    3.4522896806993497,
    4.108548233932304,
    3.4522896806993497,
    4.108548233932304,
    3.3626809523898884,
    3.462311280090603
  ],
  "method": "deterministic_joint_state_belief_propagation",
  "objective_estimate": 3.658013041043379,
  "status": "ok",
  "tail_interval_width": 0.00047006150549311343,
  "total_belief_nodes": 69774,
  "unrestricted_upper_minus_restricted_lower": 0.0389849986118298,
  "upper_objective": 3.658248071796126,
  "upper_values": [
    3.4527597422048433,
    4.109018295437797,
    3.4527597422048433,
    4.109018295437797,
    3.3631510138953815,
    3.4627813415960946
  ]
}