{
  "alpha_vector_count": 10,
  "analysis_discounted_tail_bound": 9.67774912024056e-09,
  "analysis_horizon": 197,
  "analysis_total_belief_nodes": 29955,
  "beta": 0.05,
  "candidate_index": 18,
  "discounted_transmission_occupancy": 2.6034509535927444,
  "epsilon": 0.07,
  "epsilon_index": 6,
  "gamma": 0.9,
  "index": 186,
  "margin": -0.5359000000000002,
  "margin_region": "m<0",
  "mdp_seed": 1746243620,
  "normal_minus_restricted_lower": 0.006272899544502941,
  "normal_minus_restricted_upper": 0.007213022555489168,
  "normal_minus_restricted_value": 0.006742961049996499,
  "normal_policy_horizon": 95,
  "normal_policy_interval_width": 0.00047006150549311343,
  "normal_policy_lower_bound": 3.664520971340629,
  "normal_policy_total_belief_nodes": 69840,
  "normal_policy_upper_bound": 3.664991032846122,
  "normal_policy_value": 3.6647560020933754,
  "point_id": "seed_1746243620_e06",
  "restricted_policy_horizon": 95,
  "restricted_policy_interval_width": 0.00047006150549311343,
  "restricted_policy_lower_bound": 3.6577780102906328,
  "restricted_policy_status": "ok",
  "restricted_policy_total_belief_nodes": 69774,
  "restricted_policy_upper_bound": 3.658248071796126,
  "restricted_policy_value": 3.658013041043379,
  "reused_solver_checkpoint": false,
  "root_gap": 0.032138816108398714,
  "sampled_belief_count": 6050101,
  "sarsop_gap": 0.03204960894685627,
  "sarsop_gap_within_acceptance_threshold": true,
  "sarsop_lower_bound": 3.6647133999556063,
  "sarsop_upper_bound": 3.6967630089024626,
  "solver_elapsed_seconds": 601.3863110542297,
  "solver_iterations": 459,
  "solver_stop_reason": "max_time",
  "status": "ok",
  "violation_count": 2,
  "violation_discounted_event_occupancy": 0.114841000977496,
  "violation_first_depth_max": 0,
  "violation_first_depth_min": 0
}