{
  "horizon": 95,
  "lower_objective": 2.478596419455031,
  "lower_values": [
    2.8182351288594476,
    2.3932761519310186,
    2.4222636946695677,
    2.3932761519310186,
    2.4222636946695677,
    2.4222636946695677
  ],
  "method": "deterministic_joint_state_belief_propagation",
  "objective_estimate": 2.4788314502077786,
  "status": "same_as_normal_no_violations",
  "tail_interval_width": 0.0004700615054948898,
  "total_belief_nodes": 38259,
  "unrestricted_upper_minus_restricted_lower": 0.004221516486839327,
  "upper_objective": 2.479066480960526,
  "upper_values": [
    2.8187051903649425,
    2.3937462134365135,
    2.422733756175062,
    2.3937462134365135,
    2.422733756175062,
    2.422733756175062
  ]
}