{
  "horizon": 95,
  "lower_objective": 3.6897530508476857,
  "lower_values": [
    3.4816864356389106,
    4.136866545784351,
    3.4816864356389106,
    4.136866545784351,
    3.4010276937617867,
    3.500384648477805
  ],
  "method": "deterministic_joint_state_belief_propagation",
  "objective_estimate": 3.689988081600432,
  "status": "ok",
  "tail_interval_width": 0.00047006150549266934,
  "total_belief_nodes": 67255,
  "upper_objective": 3.6902231123531783,
  "upper_values": [
    3.4821564971444032,
    4.137336607289844,
    3.4821564971444032,
    4.137336607289844,
    3.4014977552672794,
    3.500854709983298
  ]
}