{
  "horizon": 95,
  "lower_objective": 1.8711670015878703,
  "lower_values": [
    1.6627420894519642,
    1.6627420894519642,
    1.8193107770005816,
    1.8193107770005816,
    2.046412916754382,
    2.2164833598677482
  ],
  "method": "deterministic_joint_state_belief_propagation",
  "objective_estimate": 1.871402032340617,
  "status": "ok",
  "tail_interval_width": 0.0004700615054933355,
  "total_belief_nodes": 71384,
  "upper_objective": 1.8716370630933636,
  "upper_values": [
    1.6632121509574578,
    1.6632121509574578,
    1.8197808385060739,
    1.8197808385060739,
    2.0468829782598745,
    2.2169534213732445
  ]
}