{
  "horizon": 95,
  "lower_objective": 1.965468424650805,
  "lower_values": [
    1.9450858104309434,
    1.8178575821032588,
    1.8178575821032588,
    1.9634902729074561,
    2.285029027452457,
    1.9634902729074561
  ],
  "method": "deterministic_joint_state_belief_propagation",
  "objective_estimate": 1.965703455403553,
  "status": "ok",
  "tail_interval_width": 0.000470061505496,
  "total_belief_nodes": 77309,
  "upper_objective": 1.965938486156301,
  "upper_values": [
    1.9455558719364379,
    1.8183276436087548,
    1.8183276436087548,
    1.9639603344129517,
    2.2854990889579545,
    1.9639603344129517
  ]
}