{
  "horizon": 95,
  "lower_objective": 4.282817835657109,
  "lower_values": [
    4.478712385597482,
    3.9450625708490334,
    4.157853643150588,
    4.478712385597482,
    4.157853643150588,
    4.478712385597482
  ],
  "method": "deterministic_joint_state_belief_propagation",
  "objective_estimate": 4.283052866409855,
  "status": "ok",
  "tail_interval_width": 0.00047006150549133707,
  "total_belief_nodes": 26227,
  "upper_objective": 4.283287897162601,
  "upper_values": [
    4.479182447102972,
    3.945532632354528,
    4.15832370465608,
    4.479182447102972,
    4.15832370465608,
    4.479182447102972
  ]
}