{
  "horizon": 95,
  "lower_objective": 2.432765619089121,
  "lower_values": [
    2.2958760907046947,
    2.3010548314142634,
    2.6987765647936217,
    2.3010548314142634,
    2.6987765647936217,
    2.3010548314142634
  ],
  "method": "deterministic_joint_state_belief_propagation",
  "objective_estimate": 2.4330006498418673,
  "status": "ok",
  "tail_interval_width": 0.00047006150549222525,
  "total_belief_nodes": 27078,
  "upper_objective": 2.4332356805946134,
  "upper_values": [
    2.2963461522101873,
    2.301524892919755,
    2.6992466262991135,
    2.301524892919755,
    2.6992466262991135,
    2.301524892919755
  ]
}