{
  "horizon": 96,
  "lower_objective": 4.696705761350198,
  "lower_values": [
    4.8707954544803655,
    4.507327301897545,
    4.8707954544803655,
    4.8707954544803655,
    4.8707954544803655,
    4.18972544828218
  ],
  "method": "deterministic_joint_state_belief_propagation",
  "objective_estimate": 4.6969355067223795,
  "status": "ok",
  "tail_interval_width": 0.0004594907443635776,
  "total_belief_nodes": 34726,
  "upper_objective": 4.697165252094561,
  "upper_values": [
    4.871254945224728,
    4.507786792641912,
    4.871254945224728,
    4.871254945224728,
    4.871254945224728,
    4.190184939026546
  ]
}