{
  "horizon": 95,
  "lower_objective": 3.2459471230209713,
  "lower_values": [
    2.8290649958821703,
    3.5950506677247316,
    3.223105712738892,
    3.223105712738892,
    3.010304981316413,
    3.5950506677247316
  ],
  "method": "deterministic_joint_state_belief_propagation",
  "objective_estimate": 3.246182153773718,
  "status": "same_as_normal_no_violations",
  "tail_interval_width": 0.0004700615054935575,
  "total_belief_nodes": 49374,
  "unrestricted_upper_minus_restricted_lower": 0.014807658051077421,
  "upper_objective": 3.246417184526465,
  "upper_values": [
    2.8295350573876625,
    3.5955207292302256,
    3.2235757742443854,
    3.2235757742443854,
    3.0107750428219053,
    3.5955207292302256
  ]
}