{
  "horizon": 95,
  "lower_objective": 1.8522921572453535,
  "lower_values": [
    1.8697925794830377,
    2.211010830288126,
    1.8594221027807594,
    1.724509143640066,
    1.724509143640066,
    1.724509143640066
  ],
  "method": "deterministic_joint_state_belief_propagation",
  "objective_estimate": 1.8525271879981178,
  "status": "same_as_normal_no_violations",
  "tail_interval_width": 0.00047006150552864057,
  "total_belief_nodes": 24036,
  "unrestricted_upper_minus_restricted_lower": 0.013890315439032186,
  "upper_objective": 1.852762218750882,
  "upper_values": [
    1.8702626409886338,
    2.2114808917936184,
    1.8598921642863608,
    1.72497920514556,
    1.72497920514556,
    1.72497920514556
  ]
}