{
  "action_encoding": {
    "formula": "action = prescription_index * n_receiver_actions + receiver_action",
    "solver_jpo_action_offset": 1,
    "state_zero_bit": "most_significant"
  },
  "bounds": {
    "gap": 7.257984747363508,
    "lower_objective": 44.27079609249452,
    "lower_values": [
      44.43443345918616,
      44.127580867441786,
      44.43443345918616,
      44.43443345918616,
      44.43443345918616,
      43.75946185078072
    ],
    "root_gap": 7.263392495565643,
    "root_lower_objective": 44.27079609249452,
    "root_upper_objective": 51.53418858806016,
    "upper_objective": 51.52878083985803,
    "upper_values": [
      51.67072432871171,
      51.42891968879616,
      51.712981563113516,
      51.70166098880293,
      51.640145944475506,
      51.01825252524841
    ]
  },
  "initialization": {
    "initial_beliefs": [
      [
        1.0,
        0.0,
        0.0,
        0.0,
        0.0,
        0.0
      ],
      [
        0.0,
        1.0,
        0.0,
        0.0,
        0.0,
        0.0
      ],
      [
        0.0,
        0.0,
        1.0,
        0.0,
        0.0,
        0.0
      ],
      [
        0.0,
        0.0,
        0.0,
        1.0,
        0.0,
        0.0
      ],
      [
        0.0,
        0.0,
        0.0,
        0.0,
        1.0,
        0.0
      ],
      [
        0.0,
        0.0,
        0.0,
        0.0,
        0.0,
        1.0
      ]
    ],
    "initial_weights": [
      0.16666666666666666,
      0.16666666666666666,
      0.16666666666666666,
      0.16666666666666666,
      0.16666666666666666,
      0.16666666666666666
    ],
    "kind": "single synthetic root revealing a uniformly sampled physical state",
    "root_value_scale": "V_root / gamma, gamma=0.99"
  },
  "model": {
    "beta": 0.05,
    "epsilon": 0.09000000000000001,
    "gamma": 0.99,
    "mdp_density": 0.5,
    "mdp_seed": 1111,
    "mdp_sha256": "580f9fa806b22e34e0f0d1010a1012409199158e69e3f71c129e1c5119fb8d6a",
    "n_jpo_actions": 128,
    "n_prescriptions": 64,
    "n_receiver_actions": 2,
    "n_states": 6
  },
  "runtime": {
    "julia": "1.12.6",
    "native_sarsop": "0.1.4",
    "pomdp_tools": "1.1.0",
    "pomdps": "1.0.0"
  },
  "solver": {
    "delta": 0.0001,
    "export_beliefs": false,
    "initial_bound_max_time": 30.0,
    "initial_bound_residual": 1e-08,
    "initial_upper_bound": "fully_observable",
    "kappa": 0.5,
    "max_steps": 1000000,
    "max_time": 500.0,
    "precision": 0.01,
    "prune_threshold": 0.1,
    "search_epsilon": 0.01,
    "use_binning": true
  },
  "training": {
    "alpha_count": 6,
    "belief_count": 7036177,
    "elapsed_seconds": 523.4157569408417,
    "history": [
      {
        "elapsed_seconds": 1.0967254638671875e-05,
        "initial_gap": 10151.685969110493,
        "initial_lower_objective": -10099.999999999984,
        "initial_upper_objective": 51.68596911050958,
        "iteration": 0,
        "root_gap": 10050.169109419388,
        "root_lower": -9998.999999999984,
        "root_upper": 51.169109419404485
      },
      {
        "elapsed_seconds": 0.00032591819763183594,
        "initial_gap": 26.711134436216597,
        "initial_lower_objective": 24.974834674292985,
        "initial_upper_objective": 51.68596911050958,
        "iteration": 1,
        "root_gap": 26.44402309185443,
        "root_lower": 24.725086327550056,
        "root_upper": 51.169109419404485
      },
      {
        "elapsed_seconds": 2.1596410274505615,
        "initial_gap": 22.161166436198407,
        "initial_lower_objective": 29.524802674311175,
        "initial_upper_objective": 51.68596911050958,
        "iteration": 2,
        "root_gap": 21.939554771836423,
        "root_lower": 29.22955464756806,
        "root_upper": 51.169109419404485
      },
      {
        "elapsed_seconds": 7.957237958908081,
        "initial_gap": 20.180237565411293,
        "initial_lower_objective": 31.492508258791993,
        "initial_upper_objective": 51.67274582420328,
        "iteration": 3,
        "root_gap": 19.978435189757178,
        "root_lower": 31.177583176204074,
        "root_upper": 51.15601836596125
      },
      {
        "elapsed_seconds": 18.04747986793518,
        "initial_gap": 14.059673586890964,
        "initial_lower_objective": 37.584540975285584,
        "initial_upper_objective": 51.64421456217655,
        "iteration": 4,
        "root_gap": 13.919076851022055,
        "root_lower": 37.20869556553273,
        "root_upper": 51.127772416554784
      },
      {
        "elapsed_seconds": 36.765023946762085,
        "initial_gap": 13.840979001008712,
        "initial_lower_objective": 37.77385385435131,
        "initial_upper_objective": 51.61483285536002,
        "iteration": 5,
        "root_gap": 13.702569210998625,
        "root_lower": 37.3961153158078,
        "root_upper": 51.09868452680642
      },
      {
        "elapsed_seconds": 59.970704078674316,
        "initial_gap": 13.108077614333753,
        "initial_lower_objective": 38.482285949408286,
        "initial_upper_objective": 51.59036356374204,
        "iteration": 6,
        "root_gap": 12.976996838190416,
        "root_lower": 38.0974630899142,
        "root_upper": 51.074459928104616
      },
      {
        "elapsed_seconds": 85.22936701774597,
        "initial_gap": 12.732051303999,
        "initial_lower_objective": 38.84705901319626,
        "initial_upper_objective": 51.57911031719526,
        "iteration": 7,
        "root_gap": 12.60473079095901,
        "root_lower": 38.45858842306429,
        "root_upper": 51.0633192140233
      },
      {
        "elapsed_seconds": 110.46083402633667,
        "initial_gap": 12.032788679801506,
        "initial_lower_objective": 39.54106522568124,
        "initial_upper_objective": 51.57385390548274,
        "iteration": 8,
        "root_gap": 11.91246079300349,
        "root_lower": 39.14565457342442,
        "root_upper": 51.05811536642791
      },
      {
        "elapsed_seconds": 140.18922185897827,
        "initial_gap": 11.597825878969415,
        "initial_lower_objective": 39.97285920521633,
        "initial_upper_objective": 51.57068508418575,
        "iteration": 9,
        "root_gap": 11.481847620179721,
        "root_lower": 39.57313061316417,
        "root_upper": 51.05497823334389
      },
      {
        "elapsed_seconds": 172.69552087783813,
        "initial_gap": 10.82874164838872,
        "initial_lower_objective": 40.740638886097976,
        "initial_upper_objective": 51.5693805344867,
        "iteration": 10,
        "root_gap": 10.720454231904831,
        "root_lower": 40.333232497237,
        "root_upper": 51.05368672914183
      },
      {
        "elapsed_seconds": 211.0284240245819,
        "initial_gap": 10.008560314180835,
        "initial_lower_objective": 41.530723028812815,
        "initial_upper_objective": 51.53928334299365,
        "iteration": 11,
        "root_gap": 9.908474711039027,
        "root_lower": 41.11541579852469,
        "root_upper": 51.023890509563714
      },
      {
        "elapsed_seconds": 250.54302406311035,
        "initial_gap": 9.707619985407392,
        "initial_lower_objective": 41.82959056383401,
        "initial_upper_objective": 51.53721054924141,
        "iteration": 12,
        "root_gap": 9.610543785553318,
        "root_lower": 41.41129465819567,
        "root_upper": 51.02183844374899
      },
      {
        "elapsed_seconds": 291.3031940460205,
        "initial_gap": 8.769930289130624,
        "initial_lower_objective": 42.766864961967386,
        "initial_upper_objective": 51.536795251098006,
        "iteration": 13,
        "root_gap": 8.682230986239318,
        "root_lower": 42.33919631234771,
        "root_upper": 51.02142729858703
      },
      {
        "elapsed_seconds": 324.16631293296814,
        "initial_gap": 8.37529829072835,
        "initial_lower_objective": 43.15953425868067,
        "initial_upper_objective": 51.53483254940902,
        "iteration": 14,