{
  "action_encoding": {
    "formula": "action = prescription_index * n_receiver_actions + receiver_action",
    "solver_jpo_action_offset": 1,
    "state_zero_bit": "most_significant"
  },
  "bounds": {
    "gap": 10.020318781474707,
    "lower_objective": 41.62664184511634,
    "lower_values": [
      41.80220980529934,
      41.51089983372414,
      41.76675529476232,
      41.80220980529934,
      41.76675529476232,
      41.11102103685059
    ],
    "root_gap": 10.020610025545558,
    "root_lower_objective": 41.62664184511634,
    "root_upper_objective": 51.6472518706619,
    "upper_objective": 51.646960626591046,
    "upper_values": [
      51.80204631606586,
      51.500943521663054,
      51.85979731282147,
      51.802049013204446,
      51.79924629414435,
      51.117681301647096
    ]
  },
  "initialization": {
    "initial_beliefs": [
      [
        1.0,
        0.0,
        0.0,
        0.0,
        0.0,
        0.0
      ],
      [
        0.0,
        1.0,
        0.0,
        0.0,
        0.0,
        0.0
      ],
      [
        0.0,
        0.0,
        1.0,
        0.0,
        0.0,
        0.0
      ],
      [
        0.0,
        0.0,
        0.0,
        1.0,
        0.0,
        0.0
      ],
      [
        0.0,
        0.0,
        0.0,
        0.0,
        1.0,
        0.0
      ],
      [
        0.0,
        0.0,
        0.0,
        0.0,
        0.0,
        1.0
      ]
    ],
    "initial_weights": [
      0.16666666666666666,
      0.16666666666666666,
      0.16666666666666666,
      0.16666666666666666,
      0.16666666666666666,
      0.16666666666666666
    ],
    "kind": "single synthetic root revealing a uniformly sampled physical state",
    "root_value_scale": "V_root / gamma, gamma=0.99"
  },
  "model": {
    "beta": 0.0,
    "epsilon": 0.07,
    "gamma": 0.99,
    "mdp_density": 0.5,
    "mdp_seed": 1111,
    "mdp_sha256": "580f9fa806b22e34e0f0d1010a1012409199158e69e3f71c129e1c5119fb8d6a",
    "n_jpo_actions": 128,
    "n_prescriptions": 64,
    "n_receiver_actions": 2,
    "n_states": 6
  },
  "runtime": {
    "julia": "1.12.6",
    "native_sarsop": "0.1.4",
    "pomdp_tools": "1.1.0",
    "pomdps": "1.0.0"
  },
  "solver": {
    "delta": 0.0001,
    "export_beliefs": false,
    "initial_bound_max_time": 30.0,
    "initial_bound_residual": 1e-08,
    "initial_upper_bound": "fully_observable",
    "kappa": 0.5,
    "max_steps": 1000000,
    "max_time": 500.0,
    "precision": 0.01,
    "prune_threshold": 0.1,
    "search_epsilon": 0.01,
    "use_binning": true
  },
  "training": {
    "alpha_count": 4,
    "belief_count": 8280511,
    "elapsed_seconds": 501.41282391548157,
    "history": [
      {
        "elapsed_seconds": 1.0013580322265625e-05,
        "initial_gap": 10151.685969110493,
        "initial_lower_objective": -10099.999999999984,
        "initial_upper_objective": 51.68596911050958,
        "iteration": 0,
        "root_gap": 10050.169109419388,
        "root_lower": -9998.999999999984,
        "root_upper": 51.169109419404485
      },
      {
        "elapsed_seconds": 0.00043702125549316406,
        "initial_gap": 26.711134436216597,
        "initial_lower_objective": 24.974834674292985,
        "initial_upper_objective": 51.68596911050958,
        "iteration": 1,
        "root_gap": 26.44402309185443,
        "root_lower": 24.725086327550056,
        "root_upper": 51.169109419404485
      },
      {
        "elapsed_seconds": 0.9188840389251709,
        "initial_gap": 23.372177654322464,
        "initial_lower_objective": 28.313791456187115,
        "initial_upper_objective": 51.68596911050958,
        "iteration": 2,
        "root_gap": 23.13845587777924,
        "root_lower": 28.030653541625245,
        "root_upper": 51.169109419404485
      },
      {
        "elapsed_seconds": 3.3548200130462646,
        "initial_gap": 22.683869544388983,
        "initial_lower_objective": 28.999042213563744,
        "initial_upper_objective": 51.68291175795272,
        "iteration": 3,
        "root_gap": 22.45703084894509,
        "root_lower": 28.709051791428106,
        "root_upper": 51.1660826403732
      },
      {
        "elapsed_seconds": 7.27140998840332,
        "initial_gap": 21.344533351670115,
        "initial_lower_objective": 30.33226370444948,
        "initial_upper_objective": 51.6767970561196,
        "iteration": 4,
        "root_gap": 21.131088018153413,
        "root_lower": 30.028941067404986,
        "root_upper": 51.1600290855584
      },
      {
        "elapsed_seconds": 13.04433798789978,
        "initial_gap": 19.715601870064013,
        "initial_lower_objective": 31.959249398939086,
        "initial_upper_objective": 51.6748512690031,
        "iteration": 5,
        "root_gap": 19.518445851363374,
        "root_lower": 31.639656904949696,
        "root_upper": 51.15810275631307
      },
      {
        "elapsed_seconds": 20.29836392402649,
        "initial_gap": 19.3695421077065,
        "initial_lower_objective": 32.30257951862322,
        "initial_upper_objective": 51.67212162632972,
        "iteration": 6,
        "root_gap": 19.175846686629434,
        "root_lower": 31.979553723436986,
        "root_upper": 51.15540041006642
      },
      {
        "elapsed_seconds": 29.9093918800354,
        "initial_gap": 18.76492124045226,
        "initial_lower_objective": 32.906411568791036,
        "initial_upper_objective": 51.671332809243296,
        "iteration": 7,
        "root_gap": 18.577272028047737,
        "root_lower": 32.57734745310312,
        "root_upper": 51.15461948115086
      },
      {
        "elapsed_seconds": 41.600708961486816,
        "initial_gap": 17.27464119401637,
        "initial_lower_objective": 34.39481087840129,
        "initial_upper_objective": 51.66945207241766,
        "iteration": 8,
        "root_gap": 17.101894782076208,
        "root_lower": 34.050862769617275,
        "root_upper": 51.15275755169348
      },
      {
        "elapsed_seconds": 55.76915502548218,
        "initial_gap": 16.649873164789366,
        "initial_lower_objective": 35.01693937149297,
        "initial_upper_objective": 51.666812536282336,
        "iteration": 9,
        "root_gap": 16.48337443314147,
        "root_lower": 34.66676997777804,
        "root_upper": 51.15014441091951
      },
      {
        "elapsed_seconds": 78.37381196022034,
        "initial_gap": 16.408006050205532,
        "initial_lower_objective": 35.25682567559906,
        "initial_upper_objective": 51.66483172580459,
        "iteration": 10,
        "root_gap": 16.243925989703477,
        "root_lower": 34.904257418843066,
        "root_upper": 51.148183408546544
      },
      {
        "elapsed_seconds": 104.11250400543213,
        "initial_gap": 15.558555024096163,
        "initial_lower_objective": 36.1059227324252,
        "initial_upper_objective": 51.66447775652136,
        "iteration": 11,
        "root_gap": 15.402969473855201,
        "root_lower": 35.744863505100945,
        "root_upper": 51.147832978956146
      },
      {
        "elapsed_seconds": 137.81344485282898,
        "initial_gap": 14.898389361668741,
        "initial_lower_objective": 36.76298807396742,
        "initial_upper_objective": 51.66137743563616,
        "iteration": 12,
        "root_gap": 14.749405468052053,
        "root_lower": 36.39535819322774,
        "root_upper": 51.1447636612798
      },
      {
        "elapsed_seconds": 163.22518301010132,
        "initial_gap": 14.26127767634659,
        "initial_lower_objective": 37.39459749840876,
        "initial_upper_objective": 51.655875174755344,
        "iteration": 13,
        "root_gap": 14.118664899583123,
        "root_lower": 37.02065152342467,
        "root_upper": 51.13931642300779
      },
      {
        "elapsed_seconds": 192.4876048564911,
        "initial_gap": 13.395141507776735,
        "initial_lower_objective": 38.260712847752735,
        "initial_upper_objective": 51.65585435552947,
        "iteration": 14,