{
  "horizon": 95,
  "lower_objective": 4.579761446054123,
  "lower_values": [
    4.137973676854742,
    4.9745058424412045,
    4.9745058424412045,
    4.208538736073192,
    4.208538736073192,
    4.9745058424412045
  ],
  "method": "deterministic_joint_state_belief_propagation",
  "objective_estimate": 4.579996476806871,
  "status": "ok",
  "tail_interval_width": 0.00047006150549577796,
  "total_belief_nodes": 38340,
  "upper_objective": 4.580231507559619,
  "upper_values": [
    4.1384437383602375,
    4.974975903946701,
    4.974975903946701,
    4.209008797578686,
    4.209008797578686,
    4.974975903946701
  ]
}