{
  "horizon": 95,
  "lower_objective": 4.579287020339984,
  "lower_values": [
    4.137256159134561,
    4.9740800351282735,
    4.9740800351282735,
    4.208112928760261,
    4.208112928760261,
    4.9740800351282735
  ],
  "method": "deterministic_joint_state_belief_propagation",
  "objective_estimate": 4.579522051092732,
  "status": "ok",
  "tail_interval_width": 0.00047006150549666614,
  "total_belief_nodes": 37787,
  "unrestricted_upper_minus_restricted_lower": 0.07765029272331514,
  "upper_objective": 4.5797570818454805,
  "upper_values": [
    4.137726220640056,
    4.974550096633772,
    4.974550096633772,
    4.2085829902657546,
    4.2085829902657546,
    4.974550096633772
  ]
}