{
  "alpha_vector_count": 5,
  "analysis_discounted_tail_bound": 9.67774912024056e-09,
  "analysis_horizon": 197,
  "analysis_total_belief_nodes": 14554,
  "beta": 0.05,
  "candidate_index": 46,
  "discounted_transmission_occupancy": 2.1035800481223594,
  "epsilon": 0.08,
  "epsilon_index": 7,
  "gamma": 0.9,
  "index": 467,
  "margin": -0.6124000000000002,
  "margin_region": "m<0",
  "mdp_seed": 905932898,
  "normal_minus_restricted_lower": 4.364208642471112e-06,
  "normal_minus_restricted_upper": 0.0009444872196349152,
  "normal_minus_restricted_value": 0.00047442571413913726,
  "normal_policy_horizon": 95,
  "normal_policy_interval_width": 0.00047006150549577796,
  "normal_policy_lower_bound": 4.579761446054123,
  "normal_policy_total_belief_nodes": 38340,
  "normal_policy_upper_bound": 4.580231507559619,
  "normal_policy_value": 4.579996476806871,
  "point_id": "seed_905932898_e07",
  "restricted_policy_horizon": 95,
  "restricted_policy_interval_width": 0.00047006150549666614,
  "restricted_policy_lower_bound": 4.579287020339984,
  "restricted_policy_status": "ok",
  "restricted_policy_total_belief_nodes": 37787,
  "restricted_policy_upper_bound": 4.5797570818454805,
  "restricted_policy_value": 4.579522051092732,
  "reused_solver_checkpoint": false,
  "root_gap": 0.0773245845991107,
  "sampled_belief_count": 1911652,
  "sarsop_gap": 0.07694858877000943,
  "sarsop_gap_within_acceptance_threshold": true,
  "sarsop_lower_bound": 4.5799887242932895,
  "sarsop_upper_bound": 4.656937313063299,
  "solver_elapsed_seconds": 1004.5491449832916,
  "solver_iterations": 80,
  "solver_stop_reason": "max_time",
  "status": "ok",
  "violation_count": 16,
  "violation_discounted_event_occupancy": 0.006121298410576926,
  "violation_first_depth_max": 16,
  "violation_first_depth_min": 1
}