{
  "analysis_discounted_tail_bound": 9.67774912024056e-09,
  "analysis_horizon": 197,
  "analysis_total_belief_nodes": 14554,
  "discounted_transmission_occupancy": 2.1035800481223594,
  "violation_count": 16,
  "violations": [
    {
      "action": 62,
      "belief": [
        0.9574468085106385,
        0.021276595744680857,
        0.0,
        0.0,
        0.0,
        0.021276595744680857
      ],
      "common_next_receiver_action": 0,
      "discounted_event_occupancy": 0.002277048666354648,
      "first_depth": 1,
      "no_reception_next_action": 62,
      "null_probability_given_belief": 0.6497568389057748,
      "prescription": [
        0,
        1,
        1,
        1,
        1,
        1
      ],
      "prescription_index": 31,
      "reached_state": 4,
      "receiver_action": 0,
      "success_next_action": 64,
      "success_probability_given_belief": 0.0034954407294832835
    },
    {
      "action": 62,
      "belief": [
        0.953127192777284,
        0.02151845441362212,
        0.0016840529541095573,
        0.0004677924872526549,
        0.0004677924872526549,
        0.022734714880479023
      ],
      "common_next_receiver_action": 0,
      "discounted_event_occupancy": 0.00158677762760832,
      "first_depth": 2,
      "no_reception_next_action": 62,
      "null_probability_given_belief": 0.6477951603525817,
      "prescription": [
        0,
        1,
        1,
        1,
        1,
        1
      ],
      "prescription_index": 31,
      "reached_state": 4,
      "receiver_action": 0,
      "success_next_action": 64,
      "success_probability_given_belief": 0.004165357961493996
    },
    {
      "action": 62,
      "belief": [
        0.9527219255871588,
        0.021493691366891485,
        0.0017186700176261684,
        0.0005116808695933851,
        0.0005591351437895458,
        0.022994897014940466
      ],
      "common_next_receiver_action": 0,
      "discounted_event_occupancy": 0.0009408068960889815,
      "first_depth": 3,
      "no_reception_next_action": 62,
      "null_probability_given_belief": 0.6476189113476638,
      "prescription": [
        0,
        1,
        1,
        1,
        1,
        1
      ],
      "prescription_index": 31,
      "reached_state": 4,
      "receiver_action": 0,
      "success_next_action": 64,
      "success_probability_given_belief": 0.004236005786120286
    },
    {
      "action": 62,
      "belief": [
        0.9526853937416819,
        0.02149005489590331,
        0.0017181394010234359,
        0.0005147591339936788,
        0.0005687732751060896,
        0.023022879552291556
      ],
      "common_next_receiver_action": 0,
      "discounted_event_occupancy": 0.0005492101626737081,
      "first_depth": 4,
      "no_reception_next_action": 62,
      "null_probability_given_belief": 0.6476033987361782,
      "prescription": [
        0,
        1,
        1,
        1,
        1,
        1
      ],
      "prescription_index": 31,
      "reached_state": 4,
      "receiver_action": 0,
      "success_next_action": 64,
      "success_probability_given_belief": 0.004242604866682426
    },
    {
      "action": 62,
      "belief": [
        0.9526821774277368,
        0.02148968357879716,
        0.0017179596760969371,
        0.0005149357025751884,
        0.0005696729866461111,
        0.023025570628147973
      ],
      "common_next_receiver_action": 0,
      "discounted_event_occupancy": 0.0003201478009235589,
      "first_depth": 5,
      "no_reception_next_action": 62,
      "null_probability_given_belief": 0.6476020569050505,
      "prescription": [
        0,
        1,
        1,
        1,
        1,
        1
      ],
      "prescription_index": 31,
      "reached_state": 4,
      "receiver_action": 0,
      "success_next_action": 64,
      "success_probability_given_belief": 0.004243194263212306
    },
    {
      "action": 62,
      "belief": [
        0.9526818992113644,
        0.02148964896441387,
        0.0017179376429855716,
        0.0005149426004788083,
        0.000569753308004814,
        0.02302581827275239
      ],
      "common_next_receiver_action": 0,
      "discounted_event_occupancy": 0.0001865977969688922,
      "first_depth": 6,
      "no_reception_next_action": 62,
      "null_probability_given_belief": 0.6476019426203361,
      "prescription": [
        0,
        1,
        1,
        1,
        1,
        1
      ],
      "prescription_index": 31,
      "reached_state": 4,
      "receiver_action": 0,
      "success_next_action": 64,
      "success_probability_given_belief": 0.0042432456568364035
    },
    {
      "action": 62,
      "belief": [
        0.9526818755154246,
        0.02148964585591116,
        0.001717935349458187,
        0.0005149424755690647,
        0.0005697603094119855,
        0.02302584049422525
      ],
      "common_next_receiver_action": 0,
      "discounted_event_occupancy": 0.00010875709907156588,
      "first_depth": 7,
      "no_reception_next_action": 62,
      "null_probability_given_belief": 0.647601933029988,
      "prescription": [
        0,
        1,
        1,
        1,
        1,
        1
      ],
      "prescription_index": 31,
      "reached_state": 4,
      "receiver_action": 0,
      "success_next_action": 64,
      "success_probability_given_belief": 0.004243250060423451
    },
    {
      "action": 62,
      "belief": [
        0.9526818735269488,
        0.02148964558286159,
        0.0017179351252854759,
        0.0005149424047035661,
        0.0005697609091396772,
        0.023025842451060857
      ],
      "common_next_receiver_action": 0,
      "discounted_event_occupancy": 6.338818236766242e-05,
      "first_depth": 8,
      "no_reception_next_action": 62,
      "null_probability_given_belief": 0.6476019322371254,
      "prescription": [
        0,
        1,
        1,
        1,
        1,
        1
      ],
      "prescription_index": 31,
      "reached_state": 4,
      "receiver_action": 0,
      "success_next_action": 64,
      "success_probability_given_belief": 0.004243250431959717
    },
    {
      "action": 62,
      "belief": [
        0.9526818733625554,
        0.021489645559283576,
        0.0017179351041415815,
        0.0005149423936829986,
        0.00056976095972514,
        0.02302584262061108
      ],
      "common_next_receiver_action": 0,
      "discounted_event_occupancy": 3.6945278704461236e-05,
      "first_depth": 9,
      "no_reception_next_action": 62,
      "null_probability_given_belief": 0.6476019321725899,
      "prescription": [
        0,
        1,
        1,
        1,
        1,
        1
      ],
      "prescription_index": 31,
      "reached_state": 4,
      "receiver_action": 0,
      "success_next_action": 64,
      "success_probability_given_belief": 0.004243250462840704
    },
    {
      "action": 62,
      "belief": [
        0.9526818733491748,
        0.021489645557278555,
        0.0017179351021972514,
        0.0005149423923390113,
        0.0005697609639284522,
        0.023025842635081974
      ],
      "common_next_receiver_action": 0,
      "discounted_event_occupancy": 2.153325049363169e-05,
      "first_depth": 10,
      "no_reception_next_action": 62,
      "null_probability_given_belief": 0.6476019321674247,
      "prescription": [
        0,
        1,
        1,
        1,
        1,
        1
      ],
      "prescription_index": 31,
      "reached_state": 4,
      "receiver_action": 0,
      "success_next_action": 64,
      "success_probability_given_belief": 0.004243250465368386
    },
    {
      "action": 62,
      "belief": [
        0.9526818733481037,
        0.021489645557110554,
        0.001717935102022079,
        0.0005149423921921578,
        0.0005697609642724002,
        0.023025842636299032
      ],
      "common_next_receiver_action": 0,
      "discounted_event_occupancy": 1.2550477160013638e-05,
      "first_depth": 11,
      "no_reception_next_action": 62,