{
  "horizon": 95,
  "lower_objective": 2.8402419076263254,
  "lower_values": [
    2.7864092245300944,
    2.7864092245300944,
    2.418690789650198,
    2.627256026649368,
    3.2113430901991,
    3.2113430901991
  ],
  "method": "deterministic_joint_state_belief_propagation",
  "objective_estimate": 2.8404769383790716,
  "status": "same_as_normal_no_violations",
  "tail_interval_width": 0.00047006150549222525,
  "total_belief_nodes": 54581,
  "unrestricted_upper_minus_restricted_lower": 0.011008817617032651,
  "upper_objective": 2.8407119691318177,
  "upper_values": [
    2.7868792860355858,
    2.7868792860355858,
    2.4191608511556906,
    2.62772608815486,
    3.211813151704593,
    3.211813151704593
  ]
}