{
  "horizon": 95,
  "lower_objective": 2.2464357328803484,
  "lower_values": [
    2.18828038021998,
    2.18828038021998,
    2.602311279191246,
    2.1231815972109245,
    2.18828038021998,
    2.18828038021998
  ],
  "method": "deterministic_joint_state_belief_propagation",
  "objective_estimate": 2.2466707636330954,
  "status": "same_as_normal_no_violations",
  "tail_interval_width": 0.00047006150549311343,
  "total_belief_nodes": 54049,
  "unrestricted_upper_minus_restricted_lower": 0.011038943708252535,
  "upper_objective": 2.2469057943858415,
  "upper_values": [
    2.1887504417254733,
    2.1887504417254733,
    2.602781340696738,
    2.1236516587164185,
    2.1887504417254733,
    2.1887504417254733
  ]
}