{
  "horizon": 95,
  "lower_objective": 1.8843565601963932,
  "lower_values": [
    1.6764451506392775,
    1.6764451506392775,
    1.8326224763428298,
    1.8326224763428298,
    2.0587305840180457,
    2.2292735231961
  ],
  "method": "deterministic_joint_state_belief_propagation",
  "objective_estimate": 1.8845915909491402,
  "status": "same_as_normal_no_violations",
  "tail_interval_width": 0.0004700615054935575,
  "total_belief_nodes": 68566,
  "unrestricted_upper_minus_restricted_lower": 0.03690616270388869,
  "upper_objective": 1.8848266217018868,
  "upper_values": [
    1.6769152121447717,
    1.6769152121447717,
    1.8330925378483223,
    1.8330925378483223,
    2.05920064552354,
    2.2297435847015943
  ]
}