{
  "horizon": 95,
  "lower_objective": 3.278647047972238,
  "lower_values": [
    3.0066926230685294,
    3.49677978073182,
    3.0066926230685294,
    3.49677978073182,
    3.168157699500912,
    3.49677978073182
  ],
  "method": "deterministic_joint_state_belief_propagation",
  "objective_estimate": 3.278882078724985,
  "status": "same_as_normal_no_violations",
  "tail_interval_width": 0.00047006150549311343,
  "total_belief_nodes": 48783,
  "unrestricted_upper_minus_restricted_lower": 0.030325652492422694,
  "upper_objective": 3.279117109477731,
  "upper_values": [
    3.007162684574022,
    3.4972498422373133,
    3.007162684574022,
    3.4972498422373133,
    3.168627761006404,
    3.4972498422373133
  ]
}