{
  "horizon": 95,
  "lower_objective": 2.433877524617621,
  "lower_values": [
    2.297480591902509,
    2.3020026834237015,
    2.6998882527660575,
    2.3020026834237015,
    2.6998882527660575,
    2.3020026834237015
  ],
  "method": "deterministic_joint_state_belief_propagation",
  "objective_estimate": 2.434112555370368,
  "status": "same_as_normal_no_violations",
  "tail_interval_width": 0.00047006150549311343,
  "total_belief_nodes": 27078,
  "unrestricted_upper_minus_restricted_lower": 0.06527729084498013,
  "upper_objective": 2.4343475861231143,
  "upper_values": [
    2.2979506534080034,
    2.302472744929195,
    2.7003583142715497,
    2.302472744929195,
    2.7003583142715497,
    2.302472744929195
  ]
}