{
  "horizon": 95,
  "lower_objective": 1.9605901220785837,
  "lower_values": [
    1.940352951068531,
    1.8126480795285855,
    1.8126480795285855,
    1.9590296204761035,
    2.2798323813935943,
    1.9590296204761035
  ],
  "method": "deterministic_joint_state_belief_propagation",
  "objective_estimate": 1.9608251528313314,
  "status": "same_as_normal_no_violations",
  "tail_interval_width": 0.00047006150549577796,
  "total_belief_nodes": 77634,
  "unrestricted_upper_minus_restricted_lower": 0.03162094623300438,
  "upper_objective": 1.9610601835840795,
  "upper_values": [
    1.9408230125740251,
    1.8131181410340824,
    1.8131181410340824,
    1.9594996819815993,
    2.280302442899089,
    1.9594996819815993
  ]
}