{
  "horizon": 95,
  "lower_objective": 2.622211540695158,
  "lower_values": [
    2.664315969138205,
    2.5334570603674376,
    2.398487472271533,
    2.398487472271533,
    2.8692606350611207,
    2.8692606350611207
  ],
  "method": "deterministic_joint_state_belief_propagation",
  "objective_estimate": 2.622446571447904,
  "status": "ok",
  "tail_interval_width": 0.00047006150549266934,
  "total_belief_nodes": 91378,
  "upper_objective": 2.6226816022006507,
  "upper_values": [
    2.664786030643696,
    2.5339271218729307,
    2.398957533777025,
    2.398957533777025,
    2.869730696566614,
    2.869730696566614
  ]
}