{
  "alpha_vector_count": 8,
  "analysis_discounted_tail_bound": 9.67774912024056e-09,
  "analysis_horizon": 197,
  "analysis_total_belief_nodes": 40338,
  "beta": 0.05,
  "candidate_index": 5,
  "discounted_transmission_occupancy": 1.6873347751677592,
  "epsilon": 0.07,
  "epsilon_index": 6,
  "gamma": 0.9,
  "index": 56,
  "margin": -0.5359000000000002,
  "margin_region": "m<0",
  "mdp_seed": 2030239790,
  "normal_minus_restricted_lower": 0.00010168556742584656,
  "normal_minus_restricted_upper": 0.0010418085784116293,
  "normal_minus_restricted_value": 0.0005717470729185159,
  "normal_policy_horizon": 95,
  "normal_policy_interval_width": 0.00047006150549266934,
  "normal_policy_lower_bound": 2.622211540695158,
  "normal_policy_total_belief_nodes": 91378,
  "normal_policy_upper_bound": 2.6226816022006507,
  "normal_policy_value": 2.622446571447904,
  "point_id": "seed_2030239790_e06",
  "restricted_policy_horizon": 95,
  "restricted_policy_interval_width": 0.00047006150549311343,
  "restricted_policy_lower_bound": 2.621639793622239,
  "restricted_policy_status": "ok",
  "restricted_policy_total_belief_nodes": 69946,
  "restricted_policy_upper_bound": 2.622109855127732,
  "restricted_policy_value": 2.6218748243749856,
  "reused_solver_checkpoint": false,
  "root_gap": 0.06301469551560314,
  "sampled_belief_count": 4003903,
  "sarsop_gap": 0.06301469551560324,
  "sarsop_gap_within_acceptance_threshold": true,
  "sarsop_lower_bound": 2.622349883381669,
  "sarsop_upper_bound": 2.685364578897272,
  "solver_elapsed_seconds": 601.9350409507751,
  "solver_iterations": 176,
  "solver_stop_reason": "max_time",
  "status": "ok",
  "violation_count": 77,
  "violation_discounted_event_occupancy": 0.010456898329761054,
  "violation_first_depth_max": 64,
  "violation_first_depth_min": 2
}