{
  "horizon": 95,
  "lower_objective": 2.2633936069532172,
  "lower_values": [
    2.1870155651728758,
    2.1870155651728758,
    2.502090714075008,
    2.502090714075008,
    2.1870155651728758,
    2.0151335180506607
  ],
  "method": "deterministic_joint_state_belief_propagation",
  "objective_estimate": 2.2636286377059642,
  "status": "ok",
  "tail_interval_width": 0.00047006150549311343,
  "total_belief_nodes": 44926,
  "upper_objective": 2.2638636684587103,
  "upper_values": [
    2.187485626678368,
    2.187485626678368,
    2.5025607755805015,
    2.5025607755805015,
    2.187485626678368,
    2.015603579556156
  ]
}