{
  "horizon": 94,
  "lower_objective": 5.015050229661296,
  "lower_values": [
    5.192194025677359,
    4.829144232480456,
    5.192194025677359,
    5.192194025677359,
    5.192194025677359,
    4.492381042777885
  ],
  "method": "deterministic_joint_state_belief_propagation",
  "objective_estimate": 5.015300129451588,
  "status": "ok",
  "tail_interval_width": 0.0004997995805835487,
  "total_belief_nodes": 47161,
  "unrestricted_upper_minus_restricted_lower": 0.032483889802992216,
  "upper_objective": 5.015550029241879,
  "upper_values": [
    5.192693825257943,
    4.829644032061043,
    5.192693825257943,
    5.192693825257943,
    5.192693825257943,
    4.492880842358464
  ]
}