{
  "alpha_vector_count": 7,
  "analysis_discounted_tail_bound": 9.67774912024056e-09,
  "analysis_horizon": 197,
  "analysis_total_belief_nodes": 22669,
  "beta": 0.05,
  "candidate_index": 12,
  "discounted_transmission_occupancy": 2.6008303217781856,
  "epsilon": 0.08,
  "epsilon_index": 7,
  "gamma": 0.9,
  "index": 127,
  "margin": -0.6124000000000002,
  "margin_region": "m<0",
  "mdp_seed": 978475358,
  "normal_minus_restricted_lower": 0.03727363036047615,
  "normal_minus_restricted_upper": 0.038213753371461046,
  "normal_minus_restricted_value": 0.03774369186596793,
  "normal_policy_horizon": 95,
  "normal_policy_interval_width": 0.00047006150549178116,
  "normal_policy_lower_bound": 3.1218973113416095,
  "normal_policy_total_belief_nodes": 56235,
  "normal_policy_upper_bound": 3.1223673728471013,
  "normal_policy_value": 3.122132342094355,
  "point_id": "seed_978475358_e07",
  "restricted_policy_horizon": 95,
  "restricted_policy_interval_width": 0.00047006150549311343,
  "restricted_policy_lower_bound": 3.0841536194756403,
  "restricted_policy_status": "ok",
  "restricted_policy_total_belief_nodes": 56229,
  "restricted_policy_upper_bound": 3.0846236809811334,
  "restricted_policy_value": 3.0843886502283873,
  "reused_solver_checkpoint": false,
  "root_gap": 0.06456262472039181,
  "sampled_belief_count": 6768889,
  "sarsop_gap": 0.06456262472039231,
  "sarsop_gap_within_acceptance_threshold": true,
  "sarsop_lower_bound": 3.122062860747908,
  "sarsop_upper_bound": 3.1866254854683005,
  "solver_elapsed_seconds": 601.8513679504395,
  "solver_iterations": 385,
  "solver_stop_reason": "max_time",
  "status": "ok",
  "violation_count": 85,
  "violation_discounted_event_occupancy": 0.7100776523090547,
  "violation_first_depth_max": 43,
  "violation_first_depth_min": 0
}