{
  "horizon": 95,
  "lower_objective": 1.3921889834403323,
  "lower_values": [
    1.4856168186740442,
    1.2987611482066204,
    1.2987611482066204,
    1.4856168186740442,
    1.2987611482066204,
    1.4856168186740442
  ],
  "method": "deterministic_joint_state_belief_propagation",
  "objective_estimate": 1.3924240141930788,
  "status": "ok",
  "tail_interval_width": 0.00047006150549311343,
  "total_belief_nodes": 23745,
  "upper_objective": 1.3926590449458254,
  "upper_values": [
    1.4860868801795368,
    1.2992312097121144,
    1.2992312097121144,
    1.4860868801795368,
    1.2992312097121144,
    1.4860868801795368
  ]
}