{
  "horizon": 95,
  "lower_objective": 4.4619603584970005,
  "lower_values": [
    4.897022965704284,
    4.526286270756523,
    4.526286270756523,
    3.9625718390301965,
    3.9625718390301965,
    4.897022965704284
  ],
  "method": "deterministic_joint_state_belief_propagation",
  "objective_estimate": 4.462195389249764,
  "status": "same_as_normal_no_violations",
  "tail_interval_width": 0.0004700615055268642,
  "total_belief_nodes": 16920,
  "unrestricted_upper_minus_restricted_lower": 0.011078071458116234,
  "upper_objective": 4.462430420002527,
  "upper_values": [
    4.897493027209781,
    4.526756332262017,
    4.526756332262017,
    3.9630419005357846,
    3.9630419005357846,
    4.897493027209781
  ]
}