{
  "horizon": 95,
  "lower_objective": 1.9456983502922096,
  "lower_values": [
    1.9259025308415891,
    1.7967471490176272,
    1.7967471490176272,
    1.945412956720072,
    2.263967359436271,
    1.945412956720072
  ],
  "method": "deterministic_joint_state_belief_propagation",
  "objective_estimate": 1.9459333810449566,
  "status": "same_as_normal_no_violations",
  "tail_interval_width": 0.00047006150549377956,
  "total_belief_nodes": 78157,
  "unrestricted_upper_minus_restricted_lower": 0.051909700271892234,
  "upper_objective": 1.9461684117977034,
  "upper_values": [
    1.9263725923470811,
    1.797217210523121,
    1.797217210523121,
    1.9458830182255653,
    2.264437420941767,
    1.9458830182255653
  ]
}