{
  "action_encoding": {
    "formula": "action = prescription_index * n_receiver_actions + receiver_action",
    "solver_jpo_action_offset": 1,
    "state_zero_bit": "most_significant"
  },
  "bounds": {
    "gap": 5.437514480244275,
    "lower_objective": 45.85948869119923,
    "lower_values": [
      46.03159714461898,
      45.67916477069312,
      46.03159651460877,
      46.03159714461898,
      46.03159651460877,
      45.35138005804678
    ],
    "root_gap": 5.445742495924067,
    "root_lower_objective": 45.85948869119923,
    "root_upper_objective": 51.3052311871233,
    "upper_objective": 51.29700317144351,
    "upper_values": [
      51.40884373738585,
      51.46874017117826,
      51.34315201109284,
      51.40884373738585,
      51.31752636477914,
      50.834913006839145
    ]
  },
  "initialization": {
    "initial_beliefs": [
      [
        1.0,
        0.0,
        0.0,
        0.0,
        0.0,
        0.0
      ],
      [
        0.0,
        1.0,
        0.0,
        0.0,
        0.0,
        0.0
      ],
      [
        0.0,
        0.0,
        1.0,
        0.0,
        0.0,
        0.0
      ],
      [
        0.0,
        0.0,
        0.0,
        1.0,
        0.0,
        0.0
      ],
      [
        0.0,
        0.0,
        0.0,
        0.0,
        1.0,
        0.0
      ],
      [
        0.0,
        0.0,
        0.0,
        0.0,
        0.0,
        1.0
      ]
    ],
    "initial_weights": [
      0.16666666666666666,
      0.16666666666666666,
      0.16666666666666666,
      0.16666666666666666,
      0.16666666666666666,
      0.16666666666666666
    ],
    "kind": "single synthetic root revealing a uniformly sampled physical state",
    "root_value_scale": "V_root / gamma, gamma=0.99"
  },
  "model": {
    "beta": 0.15,
    "epsilon": 0.07,
    "gamma": 0.99,
    "mdp_density": 0.5,
    "mdp_seed": 1111,
    "mdp_sha256": "580f9fa806b22e34e0f0d1010a1012409199158e69e3f71c129e1c5119fb8d6a",
    "n_jpo_actions": 128,
    "n_prescriptions": 64,
    "n_receiver_actions": 2,
    "n_states": 6
  },
  "runtime": {
    "julia": "1.12.6",
    "native_sarsop": "0.1.4",
    "pomdp_tools": "1.1.0",
    "pomdps": "1.0.0"
  },
  "solver": {
    "delta": 0.0001,
    "export_beliefs": false,
    "initial_bound_max_time": 30.0,
    "initial_bound_residual": 1e-08,
    "initial_upper_bound": "fully_observable",
    "kappa": 0.5,
    "max_steps": 1000000,
    "max_time": 500.0,
    "precision": 0.01,
    "prune_threshold": 0.1,
    "search_epsilon": 0.01,
    "use_binning": true
  },
  "training": {
    "alpha_count": 7,
    "belief_count": 7416340,
    "elapsed_seconds": 511.8346610069275,
    "history": [
      {
        "elapsed_seconds": 5.0067901611328125e-06,
        "initial_gap": 10151.685969110493,
        "initial_lower_objective": -10099.999999999984,
        "initial_upper_objective": 51.68596911050958,
        "iteration": 0,
        "root_gap": 10050.169109419388,
        "root_lower": -9998.999999999984,
        "root_upper": 51.169109419404485
      },
      {
        "elapsed_seconds": 0.00026798248291015625,
        "initial_gap": 26.711134436216597,
        "initial_lower_objective": 24.974834674292985,
        "initial_upper_objective": 51.68596911050958,
        "iteration": 1,
        "root_gap": 26.44402309185443,
        "root_lower": 24.725086327550056,
        "root_upper": 51.169109419404485
      },
      {
        "elapsed_seconds": 1.047240972518921,
        "initial_gap": 16.75887094635594,
        "initial_lower_objective": 34.92709816415364,
        "initial_upper_objective": 51.68596911050958,
        "iteration": 2,
        "root_gap": 16.591282236892383,
        "root_lower": 34.5778271825121,
        "root_upper": 51.169109419404485
      },
      {
        "elapsed_seconds": 4.432855844497681,
        "initial_gap": 15.703775381628118,
        "initial_lower_objective": 35.95905654878067,
        "initial_upper_objective": 51.66283193040879,
        "iteration": 3,
        "root_gap": 15.546737627811837,
        "root_lower": 35.599465983292866,
        "root_upper": 51.1462036111047
      },
      {
        "elapsed_seconds": 10.491541862487793,
        "initial_gap": 15.203249648647843,
        "initial_lower_objective": 36.425876667156196,
        "initial_upper_objective": 51.62912631580404,
        "iteration": 4,
        "root_gap": 15.051217152161364,
        "root_lower": 36.061617900484634,
        "root_upper": 51.112835052646
      },
      {
        "elapsed_seconds": 19.43145489692688,
        "initial_gap": 13.045863356419588,
        "initial_lower_objective": 38.56349572488782,
        "initial_upper_objective": 51.60935908130741,
        "iteration": 5,
        "root_gap": 12.915404722855392,
        "root_lower": 38.17786076763895,
        "root_upper": 51.09326549049434
      },
      {
        "elapsed_seconds": 26.14158797264099,
        "initial_gap": 11.432057448069452,
        "initial_lower_objective": 40.102315539824865,
        "initial_upper_objective": 51.534372987894315,
        "iteration": 6,
        "root_gap": 11.317736873588757,
        "root_lower": 39.701292384426615,
        "root_upper": 51.01902925801537
      },
      {
        "elapsed_seconds": 39.50646901130676,
        "initial_gap": 9.267039959656158,
        "initial_lower_objective": 42.258294940498224,
        "initial_upper_objective": 51.525334900154384,
        "iteration": 7,
        "root_gap": 9.174369560059596,
        "root_lower": 41.83571199109324,
        "root_upper": 51.01008155115284
      },
      {
        "elapsed_seconds": 56.03240489959717,
        "initial_gap": 7.190985007279303,
        "initial_lower_objective": 44.30151865256658,
        "initial_upper_objective": 51.49250365984589,
        "iteration": 8,
        "root_gap": 7.11907515720651,
        "root_lower": 43.858503466040915,
        "root_upper": 50.977578623247425
      },
      {
        "elapsed_seconds": 77.42405390739441,
        "initial_gap": 7.145675587886439,
        "initial_lower_objective": 44.334891238886975,
        "initial_upper_objective": 51.48056682677341,
        "iteration": 9,
        "root_gap": 7.074218832007574,
        "root_lower": 43.891542326498104,
        "root_upper": 50.96576115850568
      },
      {
        "elapsed_seconds": 104.20905685424805,
        "initial_gap": 6.970787200073166,
        "initial_lower_objective": 44.508050159152944,
        "initial_upper_objective": 51.47883735922611,
        "iteration": 10,
        "root_gap": 6.901079328072434,
        "root_lower": 44.06296965756142,
        "root_upper": 50.96404898563385
      },
      {
        "elapsed_seconds": 133.2827479839325,
        "initial_gap": 6.726822952529005,
        "initial_lower_objective": 44.743060593633494,
        "initial_upper_objective": 51.4698835461625,
        "iteration": 11,
        "root_gap": 6.6595547230037155,
        "root_lower": 44.29562998769716,
        "root_upper": 50.95518471070088
      },
      {
        "elapsed_seconds": 170.71682786941528,
        "initial_gap": 6.46927234540442,
        "initial_lower_objective": 44.997344019777785,
        "initial_upper_objective": 51.466616365182205,
        "iteration": 12,
        "root_gap": 6.404579621950376,
        "root_lower": 44.547370579580004,
        "root_upper": 50.95195020153038
      },
      {
        "elapsed_seconds": 216.81751894950867,
        "initial_gap": 5.748103310717011,
        "initial_lower_objective": 45.66743823491001,
        "initial_upper_objective": 51.41554154562702,
        "iteration": 13,
        "root_gap": 5.69062227760984,
        "root_lower": 45.21076385256091,
        "root_upper": 50.90138613017075
      },
      {
        "elapsed_seconds": 256.0312988758087,
        "initial_gap": 5.7148047191914255,
        "initial_lower_objective": 45.69198992765106,
        "initial_upper_objective": 51.40679464684248,
        "iteration": 14,
        "root_gap": 5.657656671999511,