{
  "horizon": 95,
  "lower_objective": 2.4806398494259483,
  "lower_values": [
    2.721497327869939,
    2.721497327869939,
    2.3804558002586265,
    2.3804558002586265,
    2.2995459184914746,
    2.3803869218070863
  ],
  "method": "deterministic_joint_state_belief_propagation",
  "objective_estimate": 2.480874880178696,
  "status": "ok",
  "tail_interval_width": 0.0004700615054953339,
  "total_belief_nodes": 96714,
  "upper_objective": 2.4811099109314436,
  "upper_values": [
    2.7219673893754353,
    2.7219673893754353,
    2.3809258617641214,
    2.3809258617641214,
    2.300015979996969,
    2.38085698331258
  ]
}