{
  "horizon": 95,
  "lower_objective": 1.9933735151202963,
  "lower_values": [
    1.7676620051113663,
    1.9433453883309422,
    2.3010307198186375,
    1.9550346533675849,
    1.6921376042746104,
    2.3010307198186375
  ],
  "method": "deterministic_joint_state_belief_propagation",
  "objective_estimate": 1.9936085458730428,
  "status": "same_as_normal_no_violations",
  "tail_interval_width": 0.00047006150549311343,
  "total_belief_nodes": 76596,
  "unrestricted_upper_minus_restricted_lower": 0.04862417537855679,
  "upper_objective": 1.9938435766257894,
  "upper_values": [
    1.7681320666168585,
    1.943815449836436,
    2.301500781324131,
    1.955504714873078,
    1.6926076657801024,
    2.301500781324131
  ]
}