{
  "horizon": 95,
  "lower_objective": 4.774500096726289,
  "lower_values": [
    4.948879004830949,
    4.587115231787563,
    4.948879004830949,
    4.948879004830949,
    4.948879004830949,
    4.2643693292463745
  ],
  "method": "deterministic_joint_state_belief_propagation",
  "objective_estimate": 4.77474524842054,
  "status": "ok",
  "tail_interval_width": 0.0004903033885028663,
  "total_belief_nodes": 38034,
  "upper_objective": 4.774990400114792,
  "upper_values": [
    4.949369308219452,
    4.587605535176067,
    4.949369308219452,
    4.949369308219452,
    4.949369308219452,
    4.264859632634877
  ]
}