{
  "horizon": 95,
  "lower_objective": 4.6075414539455934,
  "lower_values": [
    4.174137171152436,
    5.00060915305143,
    5.00060915305143,
    4.234642046683416,
    4.234642046683416,
    5.00060915305143
  ],
  "method": "deterministic_joint_state_belief_propagation",
  "objective_estimate": 4.60777648469834,
  "status": "ok",
  "tail_interval_width": 0.00047006150549311343,
  "total_belief_nodes": 44028,
  "upper_objective": 4.608011515451087,
  "upper_values": [
    4.174607232657929,
    5.001079214556924,
    5.001079214556924,
    4.235112108188909,
    4.235112108188909,
    5.001079214556924
  ]
}