{
  "horizon": 95,
  "lower_objective": 2.677802582950214,
  "lower_values": [
    2.6865522893236213,
    2.6865522893236213,
    2.6865522893236213,
    2.9222929328354588,
    2.398313407571343,
    2.6865522893236213
  ],
  "method": "deterministic_joint_state_belief_propagation",
  "objective_estimate": 2.678037613702961,
  "status": "same_as_normal_no_violations",
  "tail_interval_width": 0.0004700615054940016,
  "total_belief_nodes": 27542,
  "unrestricted_upper_minus_restricted_lower": 0.011072085998680148,
  "upper_objective": 2.678272644455708,
  "upper_values": [
    2.6870223508291153,
    2.6870223508291153,
    2.6870223508291153,
    2.922762994340951,
    2.398783469076836,
    2.6870223508291153
  ]
}