iteration	elapsed_seconds	root_lower	root_upper	root_gap
0.0	1.1920928955078125e-5	-99.00000000000004	2.23832164152778	101.23832164152782
1.0	0.0003719329833984375	1.9925757577732692	2.23832164152778	0.24574588375451056
2.0	0.014660835266113281	2.2261603791269255	2.23832164152778	0.012161262400854245
3.0	0.03452491760253906	2.227129377999771	2.236428891263588	0.009299513263816728
