{
  "action_encoding": {
    "formula": "action = prescription_index * n_receiver_actions + receiver_action",
    "solver_jpo_action_offset": 1,
    "state_zero_bit": "most_significant"
  },
  "bounds": {
    "gap": 11.751996062729674,
    "lower_objective": 39.91517433385678,
    "lower_values": [
      40.081523245308325,
      39.83507001542365,
      40.081523245308325,
      40.081523245308325,
      40.081523245308325,
      39.329883006483726
    ],
    "root_gap": 11.752012111545303,
    "root_lower_objective": 39.915174333856775,
    "root_upper_objective": 51.66718644540207,
    "upper_objective": 51.66717039658646,
    "upper_values": [
      51.84244960141133,
      51.51691975828007,
      51.85979731282147,
      51.81973657190266,
      51.819708331246765,
      51.14441080385643
    ]
  },
  "initialization": {
    "initial_beliefs": [
      [
        1.0,
        0.0,
        0.0,
        0.0,
        0.0,
        0.0
      ],
      [
        0.0,
        1.0,
        0.0,
        0.0,
        0.0,
        0.0
      ],
      [
        0.0,
        0.0,
        1.0,
        0.0,
        0.0,
        0.0
      ],
      [
        0.0,
        0.0,
        0.0,
        1.0,
        0.0,
        0.0
      ],
      [
        0.0,
        0.0,
        0.0,
        0.0,
        1.0,
        0.0
      ],
      [
        0.0,
        0.0,
        0.0,
        0.0,
        0.0,
        1.0
      ]
    ],
    "initial_weights": [
      0.16666666666666666,
      0.16666666666666666,
      0.16666666666666666,
      0.16666666666666666,
      0.16666666666666666,
      0.16666666666666666
    ],
    "kind": "single synthetic root revealing a uniformly sampled physical state",
    "root_value_scale": "V_root / gamma, gamma=0.99"
  },
  "model": {
    "beta": 0.0,
    "epsilon": 0.06000000000000001,
    "gamma": 0.99,
    "mdp_density": 0.5,
    "mdp_seed": 1111,
    "mdp_sha256": "580f9fa806b22e34e0f0d1010a1012409199158e69e3f71c129e1c5119fb8d6a",
    "n_jpo_actions": 128,
    "n_prescriptions": 64,
    "n_receiver_actions": 2,
    "n_states": 6
  },
  "runtime": {
    "julia": "1.12.6",
    "native_sarsop": "0.1.4",
    "pomdp_tools": "1.1.0",
    "pomdps": "1.0.0"
  },
  "solver": {
    "delta": 0.0001,
    "export_beliefs": false,
    "initial_bound_max_time": 30.0,
    "initial_bound_residual": 1e-08,
    "initial_upper_bound": "fully_observable",
    "kappa": 0.5,
    "max_steps": 1000000,
    "max_time": 500.0,
    "precision": 0.01,
    "prune_threshold": 0.1,
    "search_epsilon": 0.01,
    "use_binning": true
  },
  "training": {
    "alpha_count": 7,
    "belief_count": 9104047,
    "elapsed_seconds": 535.962630033493,
    "history": [
      {
        "elapsed_seconds": 1.0013580322265625e-05,
        "initial_gap": 10151.685969110493,
        "initial_lower_objective": -10099.999999999984,
        "initial_upper_objective": 51.68596911050958,
        "iteration": 0,
        "root_gap": 10050.169109419388,
        "root_lower": -9998.999999999984,
        "root_upper": 51.169109419404485
      },
      {
        "elapsed_seconds": 0.00032901763916015625,
        "initial_gap": 26.711134436216597,
        "initial_lower_objective": 24.974834674292985,
        "initial_upper_objective": 51.68596911050958,
        "iteration": 1,
        "root_gap": 26.44402309185443,
        "root_lower": 24.725086327550056,
        "root_upper": 51.169109419404485
      },
      {
        "elapsed_seconds": 1.2525320053100586,
        "initial_gap": 25.20030252364353,
        "initial_lower_objective": 26.485666586866053,
        "initial_upper_objective": 51.68596911050958,
        "iteration": 2,
        "root_gap": 24.948299498407092,
        "root_lower": 26.220809920997393,
        "root_upper": 51.169109419404485
      },
      {
        "elapsed_seconds": 3.442178964614868,
        "initial_gap": 23.261375451196074,
        "initial_lower_objective": 28.421878312170637,
        "initial_upper_objective": 51.683253763366714,
        "iteration": 3,
        "root_gap": 23.028761696684114,
        "root_lower": 28.137659529048932,
        "root_upper": 51.166421225733046
      },
      {
        "elapsed_seconds": 7.540393114089966,
        "initial_gap": 22.84352151177346,
        "initial_lower_objective": 28.836536870156166,
        "initial_upper_objective": 51.680058381929626,
        "iteration": 4,
        "root_gap": 22.615086296655726,
        "root_lower": 28.548171501454604,
        "root_upper": 51.16325779811033
      },
      {
        "elapsed_seconds": 12.938630104064941,
        "initial_gap": 21.57529060294313,
        "initial_lower_objective": 30.104591837613736,
        "initial_upper_objective": 51.67988244055687,
        "iteration": 5,
        "root_gap": 21.359537696913698,
        "root_lower": 29.8035459192376,
        "root_upper": 51.1630836161513
      },
      {
        "elapsed_seconds": 20.019281148910522,
        "initial_gap": 19.70596766434751,
        "initial_lower_objective": 31.97045644108376,
        "initial_upper_objective": 51.676424105431266,
        "iteration": 6,
        "root_gap": 19.508907987704035,
        "root_lower": 31.65075187667292,
        "root_upper": 51.159659864376955
      },
      {
        "elapsed_seconds": 29.67899799346924,
        "initial_gap": 19.00105668982451,
        "initial_lower_objective": 32.672169621787454,
        "initial_upper_objective": 51.67322631161196,
        "iteration": 7,
        "root_gap": 18.811046122926264,
        "root_lower": 32.34544792556958,
        "root_upper": 51.156494048495844
      },
      {
        "elapsed_seconds": 40.50235199928284,
        "initial_gap": 18.77242512697989,
        "initial_lower_objective": 32.89854570157332,
        "initial_upper_objective": 51.67097082855321,
        "iteration": 8,
        "root_gap": 18.58470087571009,
        "root_lower": 32.569560244557586,
        "root_upper": 51.15426112026768
      },
      {
        "elapsed_seconds": 54.035069942474365,
        "initial_gap": 18.216392412233603,
        "initial_lower_objective": 33.45451097733362,
        "initial_upper_objective": 51.67090338956722,
        "iteration": 9,
        "root_gap": 18.034228488111268,
        "root_lower": 33.11996586756028,
        "root_upper": 51.15419435567155
      },
      {
        "elapsed_seconds": 71.18697714805603,
        "initial_gap": 17.373155344546173,
        "initial_lower_objective": 34.296374459086934,
        "initial_upper_objective": 51.66952980363311,
        "iteration": 10,
        "root_gap": 17.199423791100713,
        "root_lower": 33.953410714496066,
        "root_upper": 51.15283450559678
      },
      {
        "elapsed_seconds": 88.60832500457764,
        "initial_gap": 16.78577750991673,
        "initial_lower_objective": 34.88310436648602,
        "initial_upper_objective": 51.66888187640276,
        "iteration": 11,
        "root_gap": 16.617919734817562,
        "root_lower": 34.534273322821164,
        "root_upper": 51.152193057638726
      },
      {
        "elapsed_seconds": 110.16123700141907,
        "initial_gap": 16.561771388961844,
        "initial_lower_objective": 35.106565871521646,
        "initial_upper_objective": 51.6683372604835,
        "iteration": 12,
        "root_gap": 16.396153675072227,
        "root_lower": 34.75550021280643,
        "root_upper": 51.15165388787866
      },
      {
        "elapsed_seconds": 133.7833800315857,
        "initial_gap": 16.04745433812457,
        "initial_lower_objective": 35.62074959657853,
        "initial_upper_objective": 51.6682039347031,
        "iteration": 13,
        "root_gap": 15.886979794743326,
        "root_lower": 35.26454210061274,
        "root_upper": 51.15152189535607
      },
      {
        "elapsed_seconds": 159.53831100463867,
        "initial_gap": 15.323282910909743,
        "initial_lower_objective": 36.34455704250037,
        "initial_upper_objective": 51.66783995341011,
        "iteration": 14,