{
  "horizon": 95,
  "lower_objective": 1.8405587402112389,
  "lower_values": [
    1.8558934425729856,
    2.1995342501358506,
    1.8469830739248694,
    1.7136472248779093,
    1.7136472248779093,
    1.7136472248779093
  ],
  "method": "deterministic_joint_state_belief_propagation",
  "objective_estimate": 1.8407937709640043,
  "status": "same_as_normal_no_violations",
  "tail_interval_width": 0.000470061505530861,
  "total_belief_nodes": 24017,
  "unrestricted_upper_minus_restricted_lower": 0.027445693933463522,
  "upper_objective": 1.8410288017167697,
  "upper_values": [
    1.8563635040785913,
    2.200004311641344,
    1.847453135430474,
    1.714117286383403,
    1.714117286383403,
    1.714117286383403
  ]
}