{
  "horizon": 95,
  "lower_objective": 3.209451307905937,
  "lower_values": [
    3.4215628707441836,
    3.0019687069356102,
    3.137204466337215,
    3.4215628707441836,
    3.137204466337215,
    3.137204466337215
  ],
  "method": "deterministic_joint_state_belief_propagation",
  "objective_estimate": 3.209686338658684,
  "status": "ok",
  "tail_interval_width": 0.0004700615054940016,
  "total_belief_nodes": 30697,
  "upper_objective": 3.209921369411431,
  "upper_values": [
    3.422032932249674,
    3.002438768441105,
    3.13767452784271,
    3.422032932249674,
    3.13767452784271,
    3.13767452784271
  ]
}