{
  "horizon": 95,
  "lower_objective": 1.8635650630398344,
  "lower_values": [
    1.6547896615022184,
    1.6547896615022184,
    1.8118436950518555,
    1.8118436950518555,
    2.039096648298461,
    2.2090270168323975
  ],
  "method": "deterministic_joint_state_belief_propagation",
  "objective_estimate": 1.8638000937925807,
  "status": "ok",
  "tail_interval_width": 0.00047006150549266934,
  "total_belief_nodes": 63227,
  "upper_objective": 1.864035124545327,
  "upper_values": [
    1.6552597230077128,
    1.6552597230077128,
    1.8123137565573464,
    1.8123137565573464,
    2.039566709803954,
    2.20949707833789
  ]
}