{
  "action_encoding": {
    "formula": "action = prescription_index * n_receiver_actions + receiver_action",
    "solver_jpo_action_offset": 1,
    "state_zero_bit": "most_significant"
  },
  "bounds": {
    "gap": 12.737602804945858,
    "lower_objective": 38.94345373123977,
    "lower_values": [
      39.134634432992584,
      38.63950772143536,
      39.134634377321476,
      39.134634432992584,
      39.134634377321476,
      38.48267704537518
    ],
    "root_gap": 12.737684987354681,
    "root_lower_objective": 38.94345373123978,
    "root_upper_objective": 51.68113871859446,
    "upper_objective": 51.68105653618563,
    "upper_values": [
      51.85195225490215,
      51.51802867888912,
      51.85979731282147,
      51.851809916872206,
      51.85145916044914,
      51.15329189317971
    ]
  },
  "initialization": {
    "initial_beliefs": [
      [
        1.0,
        0.0,
        0.0,
        0.0,
        0.0,
        0.0
      ],
      [
        0.0,
        1.0,
        0.0,
        0.0,
        0.0,
        0.0
      ],
      [
        0.0,
        0.0,
        1.0,
        0.0,
        0.0,
        0.0
      ],
      [
        0.0,
        0.0,
        0.0,
        1.0,
        0.0,
        0.0
      ],
      [
        0.0,
        0.0,
        0.0,
        0.0,
        1.0,
        0.0
      ],
      [
        0.0,
        0.0,
        0.0,
        0.0,
        0.0,
        1.0
      ]
    ],
    "initial_weights": [
      0.16666666666666666,
      0.16666666666666666,
      0.16666666666666666,
      0.16666666666666666,
      0.16666666666666666,
      0.16666666666666666
    ],
    "kind": "single synthetic root revealing a uniformly sampled physical state",
    "root_value_scale": "V_root / gamma, gamma=0.99"
  },
  "model": {
    "beta": 0.0,
    "epsilon": 0.01,
    "gamma": 0.99,
    "mdp_density": 0.5,
    "mdp_seed": 1111,
    "mdp_sha256": "580f9fa806b22e34e0f0d1010a1012409199158e69e3f71c129e1c5119fb8d6a",
    "n_jpo_actions": 128,
    "n_prescriptions": 64,
    "n_receiver_actions": 2,
    "n_states": 6
  },
  "runtime": {
    "julia": "1.12.6",
    "native_sarsop": "0.1.4",
    "pomdp_tools": "1.1.0",
    "pomdps": "1.0.0"
  },
  "solver": {
    "delta": 0.0001,
    "export_beliefs": false,
    "initial_bound_max_time": 30.0,
    "initial_bound_residual": 1e-08,
    "initial_upper_bound": "fully_observable",
    "kappa": 0.5,
    "max_steps": 1000000,
    "max_time": 500.0,
    "precision": 0.01,
    "prune_threshold": 0.1,
    "search_epsilon": 0.01,
    "use_binning": true
  },
  "training": {
    "alpha_count": 4,
    "belief_count": 7450654,
    "elapsed_seconds": 515.4295928478241,
    "history": [
      {
        "elapsed_seconds": 1.5020370483398438e-05,
        "initial_gap": 10151.685969110493,
        "initial_lower_objective": -10099.999999999984,
        "initial_upper_objective": 51.68596911050958,
        "iteration": 0,
        "root_gap": 10050.169109419388,
        "root_lower": -9998.999999999984,
        "root_upper": 51.169109419404485
      },
      {
        "elapsed_seconds": 0.0005550384521484375,
        "initial_gap": 26.711134436216597,
        "initial_lower_objective": 24.974834674292985,
        "initial_upper_objective": 51.68596911050958,
        "iteration": 1,
        "root_gap": 26.44402309185443,
        "root_lower": 24.725086327550056,
        "root_upper": 51.169109419404485
      },
      {
        "elapsed_seconds": 1.3394179344177246,
        "initial_gap": 25.047355403735157,
        "initial_lower_objective": 26.638613706774425,
        "initial_upper_objective": 51.68596911050958,
        "iteration": 2,
        "root_gap": 24.796881849697805,
        "root_lower": 26.37222756970668,
        "root_upper": 51.169109419404485
      },
      {
        "elapsed_seconds": 4.972679853439331,
        "initial_gap": 23.49073400237351,
        "initial_lower_objective": 28.194771245811403,
        "initial_upper_objective": 51.68550524818492,
        "iteration": 3,
        "root_gap": 23.255826662349776,
        "root_lower": 27.91282353335329,
        "root_upper": 51.168650195703066
      },
      {
        "elapsed_seconds": 11.101254940032959,
        "initial_gap": 22.333843625685574,
        "initial_lower_objective": 29.350733901130592,
        "initial_upper_objective": 51.68457752681616,
        "iteration": 4,
        "root_gap": 22.110505189428718,
        "root_lower": 29.057226562119286,
        "root_upper": 51.167731751548004
      },
      {
        "elapsed_seconds": 19.955092906951904,
        "initial_gap": 21.40275218231797,
        "initial_lower_objective": 30.281310674582073,
        "initial_upper_objective": 51.68406285690004,
        "iteration": 5,
        "root_gap": 21.18872466049479,
        "root_lower": 29.978497567836254,
        "root_upper": 51.16722222833104
      },
      {
        "elapsed_seconds": 31.87305188179016,
        "initial_gap": 21.175102913343213,
        "initial_lower_objective": 30.50852506009919,
        "initial_upper_objective": 51.683627973442405,
        "iteration": 6,
        "root_gap": 20.963351884209782,
        "root_lower": 30.203439809498196,
        "root_upper": 51.16679169370798
      },
      {
        "elapsed_seconds": 51.61445999145508,
        "initial_gap": 20.119001124634092,
        "initial_lower_objective": 31.56462684880831,
        "initial_upper_objective": 51.683627973442405,
        "iteration": 7,
        "root_gap": 19.917811113387753,
        "root_lower": 31.248980580320225,
        "root_upper": 51.16679169370798
      },
      {
        "elapsed_seconds": 70.09306287765503,
        "initial_gap": 19.029536385683738,
        "initial_lower_objective": 32.65328017136648,
        "initial_upper_objective": 51.68281655705022,
        "iteration": 8,
        "root_gap": 18.8392410218269,
        "root_lower": 32.326747369652814,
        "root_upper": 51.165988391479715
      },
      {
        "elapsed_seconds": 87.09587788581848,
        "initial_gap": 18.725780405663006,
        "initial_lower_objective": 32.956851813556014,
        "initial_upper_objective": 51.682632219219016,
        "iteration": 9,
        "root_gap": 18.538522601606374,
        "root_lower": 32.627283295420455,
        "root_upper": 51.16580589702683
      },
      {
        "elapsed_seconds": 108.34528183937073,
        "initial_gap": 18.109027416700386,
        "initial_lower_objective": 33.57359562177062,
        "initial_upper_objective": 51.68262303847101,
        "iteration": 10,
        "root_gap": 17.92793714253338,
        "root_lower": 33.23785966555292,
        "root_upper": 51.1657968080863
      },
      {
        "elapsed_seconds": 134.27203607559204,
        "initial_gap": 17.344067645236155,
        "initial_lower_objective": 34.33832255268972,
        "initial_upper_objective": 51.68239019792587,
        "iteration": 11,
        "root_gap": 17.170626968783793,
        "root_lower": 33.99493932716282,
        "root_upper": 51.16556629594661
      },
      {
        "elapsed_seconds": 162.55494785308838,
        "initial_gap": 16.697880975907317,
        "initial_lower_objective": 34.98439906435685,
        "initial_upper_objective": 51.68228004026417,
        "iteration": 12,
        "root_gap": 16.530902166148245,
        "root_lower": 34.63455507371328,
        "root_upper": 51.165457239861524
      },
      {
        "elapsed_seconds": 205.20372605323792,
        "initial_gap": 16.438273706559542,
        "initial_lower_objective": 35.24399901746057,
        "initial_upper_objective": 51.68227272402011,
        "iteration": 13,
        "root_gap": 16.273890969493948,
        "root_lower": 34.89155902728596,
        "root_upper": 51.165449996779905
      },
      {
        "elapsed_seconds": 252.5337929725647,
        "initial_gap": 15.53841252220236,
        "initial_lower_objective": 36.14385363669686,
        "initial_upper_objective": 51.68226615889922,
        "iteration": 14,