{
  "horizon": 95,
  "lower_objective": 1.1007744692144805,
  "lower_values": [
    0.9313977330273814,
    0.9313977330273814,
    1.3077584162373723,
    1.3077584162373723,
    1.0631672583786878,
    1.0631672583786878
  ],
  "method": "deterministic_joint_state_belief_propagation",
  "objective_estimate": 1.1010094999672266,
  "status": "same_as_normal_no_violations",
  "tail_interval_width": 0.00047006150549266934,
  "total_belief_nodes": 79610,
  "unrestricted_upper_minus_restricted_lower": 0.013473635567060605,
  "upper_objective": 1.1012445307199732,
  "upper_values": [
    0.9318677945328746,
    0.9318677945328746,
    1.308228477742865,
    1.308228477742865,
    1.0636373198841802,
    1.0636373198841802
  ]
}