{
  "horizon": 95,
  "lower_objective": 1.652968607550775,
  "lower_values": [
    1.6006361164548044,
    1.5981036604044003,
    1.5002021339846376,
    1.6006361164548044,
    1.5981036604044003,
    2.020129957601604
  ],
  "method": "deterministic_joint_state_belief_propagation",
  "objective_estimate": 1.6532036383035211,
  "status": "ok",
  "tail_interval_width": 0.0004700615054924473,
  "total_belief_nodes": 26611,
  "upper_objective": 1.6534386690562675,
  "upper_values": [
    1.6011061779602958,
    1.5985737219098932,
    1.5006721954901308,
    1.6011061779602958,
    1.5985737219098932,
    2.0206000191070967
  ]
}