{
  "horizon": 95,
  "lower_objective": 2.4806925661535533,
  "lower_values": [
    2.8195451012951276,
    2.3977023835986855,
    2.423068509476274,
    2.3977023835986855,
    2.423068509476274,
    2.423068509476274
  ],
  "method": "deterministic_joint_state_belief_propagation",
  "objective_estimate": 2.4809275969063,
  "status": "ok",
  "tail_interval_width": 0.00047006150549266934,
  "total_belief_nodes": 38798,
  "upper_objective": 2.481162627659046,
  "upper_values": [
    2.820015162800621,
    2.3981724451041777,
    2.4235385709817665,
    2.3981724451041777,
    2.4235385709817665,
    2.4235385709817665
  ]
}