{
  "horizon": 95,
  "lower_objective": 2.4848765455675594,
  "lower_values": [
    2.5307181647013186,
    2.5307181647013186,
    2.5307181647013186,
    2.7513507560271715,
    2.269368365421808,
    2.2963856578524218
  ],
  "method": "deterministic_joint_state_belief_propagation",
  "objective_estimate": 2.485111576320306,
  "status": "ok",
  "tail_interval_width": 0.0004700615054935575,
  "total_belief_nodes": 89155,
  "upper_objective": 2.485346607073053,
  "upper_values": [
    2.531188226206812,
    2.531188226206812,
    2.531188226206812,
    2.7518208175326655,
    2.2698384269273006,
    2.2968557193579144
  ]
}