{
  "horizon": 95,
  "lower_objective": 2.479349055531438,
  "lower_values": [
    2.524651455413452,
    2.524651455413452,
    2.524651455413452,
    2.7464370228167216,
    2.2646156248040525,
    2.291087319327498
  ],
  "method": "deterministic_joint_state_belief_propagation",
  "objective_estimate": 2.4795840862841843,
  "status": "ok",
  "tail_interval_width": 0.00047006150549311343,
  "total_belief_nodes": 89147,
  "unrestricted_upper_minus_restricted_lower": 0.07701782774770027,
  "upper_objective": 2.4798191170369313,
  "upper_values": [
    2.5251215169189454,
    2.5251215169189454,
    2.5251215169189454,
    2.7469070843222143,
    2.265085686309547,
    2.2915573808329897
  ]
}