{
  "alpha_vector_count": 9,
  "analysis_discounted_tail_bound": 9.67774912024056e-09,
  "analysis_horizon": 197,
  "analysis_total_belief_nodes": 38577,
  "beta": 0.05,
  "candidate_index": 34,
  "discounted_transmission_occupancy": 2.0692893085427038,
  "epsilon": 0.09000000000000001,
  "epsilon_index": 8,
  "gamma": 0.9,
  "index": 348,
  "margin": -0.6871000000000003,
  "margin_region": "m<0",
  "mdp_seed": 2051696463,
  "normal_minus_restricted_lower": 0.005057428530628183,
  "normal_minus_restricted_upper": 0.005997551541614854,
  "normal_minus_restricted_value": 0.0055274900361217405,
  "normal_policy_horizon": 95,
  "normal_policy_interval_width": 0.0004700615054935575,
  "normal_policy_lower_bound": 2.4848765455675594,
  "normal_policy_total_belief_nodes": 89155,
  "normal_policy_upper_bound": 2.485346607073053,
  "normal_policy_value": 2.485111576320306,
  "point_id": "seed_2051696463_e08",
  "restricted_policy_horizon": 95,
  "restricted_policy_interval_width": 0.00047006150549311343,
  "restricted_policy_lower_bound": 2.479349055531438,
  "restricted_policy_status": "ok",
  "restricted_policy_total_belief_nodes": 89147,
  "restricted_policy_upper_bound": 2.4798191170369313,
  "restricted_policy_value": 2.4795840862841843,
  "reused_solver_checkpoint": false,
  "root_gap": 0.07139535149612335,
  "sampled_belief_count": 6121438,
  "sarsop_gap": 0.07135837228160646,
  "sarsop_gap_within_acceptance_threshold": true,
  "sarsop_lower_bound": 2.485008510997532,
  "sarsop_upper_bound": 2.5563668832791384,
  "solver_elapsed_seconds": 601.0638980865479,
  "solver_iterations": 195,
  "solver_stop_reason": "max_time",
  "status": "ok",
  "violation_count": 74,
  "violation_discounted_event_occupancy": 0.08648236124226553,
  "violation_first_depth_max": 58,
  "violation_first_depth_min": 1
}