{
  "horizon": 1224,
  "lower_objective": 48.19294448122763,
  "lower_values": [
    48.365763730889,
    48.01808635435255,
    48.365763730889,
    48.365763730889,
    48.365763730889,
    47.676525609457215
  ],
  "method": "deterministic_joint_state_belief_propagation",
  "objective_estimate": 48.19319419694847,
  "status": "ok",
  "tail_interval_width": 0.0004994314416819634,
  "total_belief_nodes": 535558,
  "upper_objective": 48.19344391266931,
  "upper_values": [
    48.36626316233068,
    48.018585785794244,
    48.36626316233068,
    48.36626316233068,
    48.36626316233068,
    47.6770250408989
  ]
}