{
  "horizon": 95,
  "lower_objective": 1.995683917092419,
  "lower_values": [
    2.316607662151457,
    3.1239167439260527,
    2.020986701479177,
    1.2458028467593247,
    1.2458028467593247,
    2.020986701479177
  ],
  "method": "deterministic_joint_state_belief_propagation",
  "objective_estimate": 1.9959189478451653,
  "status": "ok",
  "tail_interval_width": 0.00047006150549266934,
  "total_belief_nodes": 77869,
  "unrestricted_upper_minus_restricted_lower": 0.026905745339354414,
  "upper_objective": 1.9961539785979117,
  "upper_values": [
    2.3170777236569515,
    3.1243868054315453,
    2.02145676298467,
    1.246272908264817,
    1.246272908264817,
    2.02145676298467
  ]
}