{
  "alpha_vector_count": 24,
  "analysis_discounted_tail_bound": 9.67774912024056e-09,
  "analysis_horizon": 197,
  "analysis_total_belief_nodes": 50388,
  "beta": 0.05,
  "candidate_index": 32,
  "discounted_transmission_occupancy": 1.3824736903372161,
  "epsilon": 0.07,
  "epsilon_index": 6,
  "gamma": 0.9,
  "index": 326,
  "margin": -0.5359000000000002,
  "margin_region": "m<0",
  "mdp_seed": 1755395082,
  "normal_minus_restricted_lower": -0.00046380482284003044,
  "normal_minus_restricted_upper": 0.0004763181881450862,
  "normal_minus_restricted_value": 6.256682652638901e-06,
  "normal_policy_horizon": 95,
  "normal_policy_interval_width": 0.0004700615054924473,
  "normal_policy_lower_bound": 1.9956901737750716,
  "normal_policy_total_belief_nodes": 77869,
  "normal_policy_upper_bound": 1.996160235280564,
  "normal_policy_value": 1.995925204527818,
  "point_id": "seed_1755395082_e06",
  "restricted_policy_horizon": 95,
  "restricted_policy_interval_width": 0.00047006150549266934,
  "restricted_policy_lower_bound": 1.995683917092419,
  "restricted_policy_status": "ok",
  "restricted_policy_total_belief_nodes": 77869,
  "restricted_policy_upper_bound": 1.9961539785979117,
  "restricted_policy_value": 1.9959189478451653,
  "reused_solver_checkpoint": false,
  "root_gap": 0.026794321917118502,
  "sampled_belief_count": 7058752,
  "sarsop_gap": 0.026792509900277484,
  "sarsop_gap_within_acceptance_threshold": true,
  "sarsop_lower_bound": 1.995797152531496,
  "sarsop_upper_bound": 2.0225896624317734,
  "solver_elapsed_seconds": 600.3809180259705,
  "solver_iterations": 415,
  "solver_stop_reason": "max_time",
  "status": "ok",
  "violation_count": 1,
  "violation_discounted_event_occupancy": 7.67715815613101e-05,
  "violation_first_depth_max": 16,
  "violation_first_depth_min": 16
}