{
  "analysis_discounted_tail_bound": 9.67774912024056e-09,
  "analysis_horizon": 197,
  "analysis_total_belief_nodes": 50388,
  "discounted_transmission_occupancy": 1.3824736903372161,
  "violation_count": 1,
  "violations": [
    {
      "action": 114,
      "belief": [
        0.007715831276346684,
        0.3831840822268863,
        0.007944433269313357,
        0.12922211758996882,
        0.4619338805672209,
        0.00999965507026383
      ],
      "common_next_receiver_action": 0,
      "discounted_event_occupancy": 7.67715815613101e-05,
      "first_depth": 16,
      "no_reception_next_action": 32,
      "null_probability_given_belief": 0.5258623366712977,
      "prescription": [
        1,
        1,
        1,
        0,
        0,
        1
      ],
      "prescription_index": 57,
      "reached_state": 1,
      "receiver_action": 0,
      "success_next_action": 80,
      "success_probability_given_belief": 0.23037071971118175
    }
  ]
}