{
  "horizon": 95,
  "lower_objective": 3.6383323467082267,
  "lower_values": [
    3.381915291468462,
    3.381915291468462,
    4.135363283805508,
    3.461943896290964,
    3.3334930334104573,
    4.135363283805508
  ],
  "method": "deterministic_joint_state_belief_propagation",
  "objective_estimate": 3.638567377460973,
  "status": "ok",
  "tail_interval_width": 0.00047006150549222525,
  "total_belief_nodes": 21759,
  "upper_objective": 3.638802408213719,
  "upper_values": [
    3.3823853529739565,
    3.3823853529739565,
    4.135833345311,
    3.4624139577964534,
    3.33396309491595,
    4.135833345311
  ]
}