{
  "horizon": 95,
  "lower_objective": 6.206284448871486,
  "lower_values": [
    6.428343084587512,
    5.690017449903409,
    5.834316904975462,
    6.428343084587512,
    6.428343084587512,
    6.428343084587512
  ],
  "method": "deterministic_joint_state_belief_propagation",
  "objective_estimate": 6.206519479624258,
  "status": "same_as_normal_no_violations",
  "tail_interval_width": 0.0004700615055437396,
  "total_belief_nodes": 3630,
  "unrestricted_upper_minus_restricted_lower": 0.002207785608902668,
  "upper_objective": 6.20675451037703,
  "upper_values": [
    6.428813146093002,
    5.690487511409045,
    5.834786966481127,
    6.428813146093002,
    6.428813146093002,
    6.428813146093002
  ]
}