{
  "horizon": 95,
  "lower_objective": 3.1734207805291073,
  "lower_values": [
    3.1097312940483857,
    2.972353308107013,
    3.426527216027781,
    2.995654354915299,
    3.1097312940483857,
    3.426527216027781
  ],
  "method": "deterministic_joint_state_belief_propagation",
  "objective_estimate": 3.1736558112818543,
  "status": "ok",
  "tail_interval_width": 0.0004700615054940016,
  "total_belief_nodes": 73388,
  "upper_objective": 3.1738908420346013,
  "upper_values": [
    3.1102013555538783,
    2.9728233696125077,
    3.426997277533275,
    2.996124416420792,
    3.1102013555538783,
    3.426997277533275
  ]
}