{
  "horizon": 1224,
  "lower_objective": 47.44307973928905,
  "lower_values": [
    47.616198525629805,
    47.26350130340505,
    47.616198525629805,
    47.616198525629805,
    47.616198525629805,
    46.930183029810046
  ],
  "method": "deterministic_joint_state_belief_propagation",
  "objective_estimate": 47.44332945500989,
  "status": "ok",
  "tail_interval_width": 0.0004994314416819634,
  "total_belief_nodes": 320735,
  "upper_objective": 47.44357917073073,
  "upper_values": [
    47.61669795707149,
    47.26400073484673,
    47.61669795707149,
    47.61669795707149,
    47.61669795707149,
    46.93068246125172
  ]
}