{
  "horizon": 95,
  "lower_objective": 2.609992036363512,
  "lower_values": [
    2.6514640752964374,
    2.5212296727210504,
    2.3859814184905987,
    2.3859814184905987,
    2.8576478165911934,
    2.8576478165911934
  ],
  "method": "deterministic_joint_state_belief_propagation",
  "objective_estimate": 2.6102270671162584,
  "status": "ok",
  "tail_interval_width": 0.0004700615054935575,
  "total_belief_nodes": 90059,
  "upper_objective": 2.6104620978690054,
  "upper_values": [
    2.6519341368019305,
    2.521699734226542,
    2.3864514799960914,
    2.3864514799960914,
    2.858117878096689,
    2.858117878096689
  ]
}