{
  "alpha_vector_count": 8,
  "analysis_discounted_tail_bound": 9.67774912024056e-09,
  "analysis_horizon": 197,
  "analysis_total_belief_nodes": 39392,
  "beta": 0.05,
  "candidate_index": 5,
  "discounted_transmission_occupancy": 1.6945477206838948,
  "epsilon": 0.09000000000000001,
  "epsilon_index": 8,
  "gamma": 0.9,
  "index": 58,
  "margin": -0.6871000000000003,
  "margin_region": "m<0",
  "mdp_seed": 2030239790,
  "normal_minus_restricted_lower": 0.0003311245922139605,
  "normal_minus_restricted_upper": 0.0012712476032010755,
  "normal_minus_restricted_value": 0.000801186097707518,
  "normal_policy_horizon": 95,
  "normal_policy_interval_width": 0.0004700615054935575,
  "normal_policy_lower_bound": 2.609992036363512,
  "normal_policy_total_belief_nodes": 90059,
  "normal_policy_upper_bound": 2.6104620978690054,
  "normal_policy_value": 2.6102270671162584,
  "point_id": "seed_2030239790_e08",
  "restricted_policy_horizon": 95,
  "restricted_policy_interval_width": 0.0004700615054935575,
  "restricted_policy_lower_bound": 2.6091908502658043,
  "restricted_policy_status": "ok",
  "restricted_policy_total_belief_nodes": 68835,
  "restricted_policy_upper_bound": 2.609660911771298,
  "restricted_policy_value": 2.609425881018551,
  "reused_solver_checkpoint": false,
  "root_gap": 0.05472389970281001,
  "sampled_belief_count": 6429361,
  "sarsop_gap": 0.054677707574239065,
  "sarsop_gap_within_acceptance_threshold": true,
  "sarsop_lower_bound": 2.6101297197169986,
  "sarsop_upper_bound": 2.6648074272912377,
  "solver_elapsed_seconds": 608.62149310112,
  "solver_iterations": 277,
  "solver_stop_reason": "max_time",
  "status": "ok",
  "violation_count": 75,
  "violation_discounted_event_occupancy": 0.013117554296385172,
  "violation_first_depth_max": 58,
  "violation_first_depth_min": 2
}