{
  "horizon": 1220,
  "lower_objective": 49.79506305084108,
  "lower_values": [
    49.97107035528325,
    49.610694660302734,
    49.97107035528325,
    49.97107035528325,
    49.97107035528325,
    49.275402223610776
  ],
  "method": "deterministic_joint_state_belief_propagation",
  "objective_estimate": 49.79531130118367,
  "status": "ok",
  "tail_interval_width": 0.0004965006851804787,
  "total_belief_nodes": 490783,
  "upper_objective": 49.79555955152626,
  "upper_values": [
    49.97156685596844,
    49.611191160987914,
    49.97156685596844,
    49.97156685596844,
    49.97156685596844,
    49.27589872429593
  ]
}