iteration	elapsed_seconds	root_lower	root_upper	root_gap
0.0	1.2159347534179688e-5	-99.00000000000004	2.012065618567293	101.01206561856733
1.0	0.0003180503845214844	2.0120654645698925	2.012065618567293	1.539974006092848e-7
