{
  "horizon": 95,
  "lower_objective": 2.6472986156316107,
  "lower_values": [
    2.8387248095671453,
    3.160394926738812,
    2.3886011956977558,
    2.8387248095671453,
    2.31334778734286,
    2.3439981648759467
  ],
  "method": "deterministic_joint_state_belief_propagation",
  "objective_estimate": 2.6475336463843577,
  "status": "ok",
  "tail_interval_width": 0.0004700615054940016,
  "total_belief_nodes": 120331,
  "unrestricted_upper_minus_restricted_lower": 0.04024578332099882,
  "upper_objective": 2.6477686771371047,
  "upper_values": [
    2.839194871072639,
    3.1608649882443056,
    2.3890712572032484,
    2.839194871072639,
    2.3138178488483545,
    2.3444682263814434
  ]
}