{
  "horizon": 96,
  "lower_objective": 4.679765116823951,
  "lower_values": [
    4.853839147558753,
    4.489786576969566,
    4.853839147558753,
    4.853839147558753,
    4.853839147558753,
    4.173447533739129
  ],
  "method": "deterministic_joint_state_belief_propagation",
  "objective_estimate": 4.679994862196134,
  "status": "ok",
  "tail_interval_width": 0.000459490744365354,
  "total_belief_nodes": 35836,
  "upper_objective": 4.6802246075683165,
  "upper_values": [
    4.854298638303118,
    4.490246067713931,
    4.854298638303118,
    4.854298638303118,
    4.854298638303118,
    4.173907024483494
  ]
}