{
  "horizon": 95,
  "lower_objective": 2.2410062151054597,
  "lower_values": [
    2.1645822537497135,
    2.1645822537497135,
    2.478966876502066,
    2.478966876502066,
    2.1645822537497135,
    1.9943567763794865
  ],
  "method": "deterministic_joint_state_belief_propagation",
  "objective_estimate": 2.241241245858207,
  "status": "same_as_normal_no_violations",
  "tail_interval_width": 0.0004700615054944457,
  "total_belief_nodes": 36538,
  "unrestricted_upper_minus_restricted_lower": 0.07530471119998561,
  "upper_objective": 2.241476276610954,
  "upper_values": [
    2.165052315255207,
    2.165052315255207,
    2.479436938007562,
    2.479436938007562,
    2.165052315255207,
    1.994826837884981
  ]
}