{
  "horizon": 95,
  "lower_objective": 3.4104825703913644,
  "lower_values": [
    3.6150031034169987,
    3.6150031034169987,
    3.1578136777347585,
    3.302258756627675,
    3.6150031034169987,
    3.1578136777347585
  ],
  "method": "deterministic_joint_state_belief_propagation",
  "objective_estimate": 3.4107176011441105,
  "status": "same_as_normal_no_violations",
  "tail_interval_width": 0.00047006150549222525,
  "total_belief_nodes": 30919,
  "unrestricted_upper_minus_restricted_lower": 0.13114344334140782,
  "upper_objective": 3.4109526318968566,
  "upper_values": [
    3.61547316492249,
    3.61547316492249,
    3.158283739240251,
    3.302728818133167,
    3.61547316492249,
    3.158283739240251
  ]
}