iteration	elapsed_seconds	root_lower	root_upper	root_gap
0.0	1.4066696166992188e-5	-99.00000000000004	2.012065618567293	101.01206561856733
1.0	0.00040912628173828125	2.0120654645698925	2.012065618567293	1.539974006092848e-7
