{
  "horizon": 95,
  "lower_objective": 4.286466740543746,
  "lower_values": [
    4.4825924543091205,
    3.9484803119106697,
    4.161271384212224,
    4.4825924543091205,
    4.161271384212224,
    4.4825924543091205
  ],
  "method": "deterministic_joint_state_belief_propagation",
  "objective_estimate": 4.286701771296493,
  "status": "ok",
  "tail_interval_width": 0.0004700615054940016,
  "total_belief_nodes": 26157,
  "upper_objective": 4.28693680204924,
  "upper_values": [
    4.483062515814616,
    3.948950373416164,
    4.161741445717716,
    4.483062515814616,
    4.161741445717716,
    4.483062515814616
  ]
}