{
  "horizon": 1224,
  "lower_objective": 47.80689586947342,
  "lower_values": [
    47.9796638645888,
    47.63091452203801,
    47.9796638645888,
    47.9796638645888,
    47.9796638645888,
    47.291805236447324
  ],
  "method": "deterministic_joint_state_belief_propagation",
  "objective_estimate": 47.80714558519432,
  "status": "ok",
  "tail_interval_width": 0.0004994314417885448,
  "total_belief_nodes": 277308,
  "upper_objective": 47.80739530091521,
  "upper_values": [
    47.98016329603057,
    47.63141395347991,
    47.98016329603057,
    47.98016329603057,
    47.98016329603057,
    47.2923046678891
  ]
}