{
  "horizon": 95,
  "lower_objective": 3.917606312590438,
  "lower_values": [
    3.797300302629241,
    4.16003892377419,
    3.7936591201065273,
    4.16003892377419,
    3.797300302629241,
    3.797300302629241
  ],
  "method": "deterministic_joint_state_belief_propagation",
  "objective_estimate": 3.917841343343185,
  "status": "same_as_normal_no_violations",
  "tail_interval_width": 0.0004700615054940016,
  "total_belief_nodes": 42620,
  "unrestricted_upper_minus_restricted_lower": 0.038812017386923525,
  "upper_objective": 3.918076374095932,
  "upper_values": [
    3.7977703641347365,
    4.160508985279683,
    3.7941291816120204,
    4.160508985279683,
    3.7977703641347365,
    3.7977703641347365
  ]
}