iteration	elapsed_seconds	root_lower	root_upper	root_gap
0.0	8.821487426757812e-6	-99.00000000000004	5.587913460823229	104.58791346082327
1.0	0.0003368854522705078	5.503497889717095	5.587913460823229	0.08441557110613385
2.0	0.006815910339355469	5.586044045818371	5.587913460823229	0.0018694150048581548
