{
  "horizon": 95,
  "lower_objective": 3.197801667864267,
  "lower_values": [
    3.1337982097899095,
    2.9952933292611212,
    3.4502610877767377,
    3.023398082791187,
    3.1337982097899095,
    3.4502610877767377
  ],
  "method": "deterministic_joint_state_belief_propagation",
  "objective_estimate": 3.1980366986170137,
  "status": "same_as_normal_no_violations",
  "tail_interval_width": 0.00047006150549311343,
  "total_belief_nodes": 74139,
  "unrestricted_upper_minus_restricted_lower": 0.01113883887705125,
  "upper_objective": 3.1982717293697602,
  "upper_values": [
    3.1342682712954013,
    2.995763390766614,
    3.450731149282232,
    3.0238681442966806,
    3.1342682712954013,
    3.450731149282232
  ]
}