{
  "horizon": 95,
  "lower_objective": 3.865317768192695,
  "lower_values": [
    3.745889613915342,
    4.105915222279027,
    3.74240732285209,
    4.105915222279027,
    3.745889613915342,
    3.745889613915342
  ],
  "method": "deterministic_joint_state_belief_propagation",
  "objective_estimate": 3.8655527989454406,
  "status": "ok",
  "tail_interval_width": 0.00047006150549178116,
  "total_belief_nodes": 43968,
  "upper_objective": 3.8657878296981867,
  "upper_values": [
    3.746359675420833,
    4.106385283784521,
    3.74287738435758,
    4.106385283784521,
    3.746359675420833,
    3.746359675420833
  ]
}