{
  "horizon": 95,
  "lower_objective": 3.8499397670312296,
  "lower_values": [
    3.7262682600904182,
    4.095226766260093,
    3.7303802893959364,
    4.095226766260093,
    3.7262682600904182,
    3.7262682600904182
  ],
  "method": "deterministic_joint_state_belief_propagation",
  "objective_estimate": 3.8501747977839758,
  "status": "ok",
  "tail_interval_width": 0.00047006150549222525,
  "total_belief_nodes": 43776,
  "unrestricted_upper_minus_restricted_lower": 0.062233473507935066,
  "upper_objective": 3.850409828536722,
  "upper_values": [
    3.7267383215959122,
    4.095696827765585,
    3.730850350901427,
    4.095696827765585,
    3.7267383215959122,
    3.7267383215959122
  ]
}