{
  "alpha_vector_count": 8,
  "analysis_discounted_tail_bound": 9.67774912024056e-09,
  "analysis_horizon": 197,
  "analysis_total_belief_nodes": 16817,
  "beta": 0.05,
  "candidate_index": 51,
  "discounted_transmission_occupancy": 2.270211362073446,
  "epsilon": 0.07,
  "epsilon_index": 6,
  "gamma": 0.9,
  "index": 516,
  "margin": -0.5359000000000002,
  "margin_region": "m<0",
  "mdp_seed": 1063508366,
  "normal_minus_restricted_lower": 0.014907939655973035,
  "normal_minus_restricted_upper": 0.01584806266695704,
  "normal_minus_restricted_value": 0.015378001161464816,
  "normal_policy_horizon": 95,
  "normal_policy_interval_width": 0.00047006150549178116,
  "normal_policy_lower_bound": 3.865317768192695,
  "normal_policy_total_belief_nodes": 43968,
  "normal_policy_upper_bound": 3.8657878296981867,
  "normal_policy_value": 3.8655527989454406,
  "point_id": "seed_1063508366_e06",
  "restricted_policy_horizon": 95,
  "restricted_policy_interval_width": 0.00047006150549222525,
  "restricted_policy_lower_bound": 3.8499397670312296,
  "restricted_policy_status": "ok",
  "restricted_policy_total_belief_nodes": 43776,
  "restricted_policy_upper_bound": 3.850409828536722,
  "restricted_policy_value": 3.8501747977839758,
  "reused_solver_checkpoint": false,
  "root_gap": 0.04669059057775617,
  "sampled_belief_count": 4656772,
  "sarsop_gap": 0.04665941054082268,
  "sarsop_gap_within_acceptance_threshold": true,
  "sarsop_lower_bound": 3.865513829998342,
  "sarsop_upper_bound": 3.9121732405391647,
  "solver_elapsed_seconds": 601.0668251514435,
  "solver_iterations": 261,
  "solver_stop_reason": "max_time",
  "status": "ok",
  "violation_count": 47,
  "violation_discounted_event_occupancy": 0.25518120305300535,
  "violation_first_depth_max": 29,
  "violation_first_depth_min": 0
}