{
  "horizon": 95,
  "lower_objective": 2.567888026471012,
  "lower_values": [
    2.291613736069878,
    2.2591462180048563,
    2.570066575589719,
    2.7621672097205394,
    2.7621672097205394,
    2.7621672097205394
  ],
  "method": "deterministic_joint_state_belief_propagation",
  "objective_estimate": 2.568123057223758,
  "status": "ok",
  "tail_interval_width": 0.00047006150549266934,
  "total_belief_nodes": 51740,
  "upper_objective": 2.5683580879765047,
  "upper_values": [
    2.292083797575372,
    2.25961627951035,
    2.5705366370952087,
    2.762637271226033,
    2.762637271226033,
    2.762637271226033
  ]
}