{
  "alpha_vector_count": 8,
  "analysis_discounted_tail_bound": 9.67774912024056e-09,
  "analysis_horizon": 197,
  "analysis_total_belief_nodes": 11909,
  "beta": 0.05,
  "candidate_index": 53,
  "discounted_transmission_occupancy": 2.784302366715678,
  "epsilon": 0.1,
  "epsilon_index": 9,
  "gamma": 0.9,
  "index": 539,
  "margin": -0.7600000000000003,
  "margin_region": "m<0",
  "mdp_seed": 1674909610,
  "normal_minus_restricted_lower": 0.03360640664253456,
  "normal_minus_restricted_upper": 0.034546529653521674,
  "normal_minus_restricted_value": 0.03407646814802856,
  "normal_policy_horizon": 95,
  "normal_policy_interval_width": 0.0004700615054935575,
  "normal_policy_lower_bound": 3.394837951735096,
  "normal_policy_total_belief_nodes": 31041,
  "normal_policy_upper_bound": 3.3953080132405895,
  "normal_policy_value": 3.395072982487843,
  "point_id": "seed_1674909610_e09",
  "restricted_policy_horizon": 95,
  "restricted_policy_interval_width": 0.0004700615054935575,
  "restricted_policy_lower_bound": 3.360761483587068,
  "restricted_policy_status": "ok",
  "restricted_policy_total_belief_nodes": 30940,
  "restricted_policy_upper_bound": 3.3612315450925614,
  "restricted_policy_value": 3.3609965143398144,
  "reused_solver_checkpoint": false,
  "root_gap": 0.07918633838621582,
  "sampled_belief_count": 6344479,
  "sarsop_gap": 0.07908419575368164,
  "sarsop_gap_within_acceptance_threshold": true,
  "sarsop_lower_bound": 3.3950102150560957,
  "sarsop_upper_bound": 3.4740944108097773,
  "solver_elapsed_seconds": 603.2277297973633,
  "solver_iterations": 251,
  "solver_stop_reason": "max_time",
  "status": "ok",
  "violation_count": 6,
  "violation_discounted_event_occupancy": 0.767521726038145,
  "violation_first_depth_max": 0,
  "violation_first_depth_min": 0
}