{
  "horizon": 95,
  "lower_objective": 1.836650243867615,
  "lower_values": [
    1.8512534168625925,
    2.19571516508051,
    1.8428348354120092,
    1.7100326819501928,
    1.7100326819501928,
    1.7100326819501928
  ],
  "method": "deterministic_joint_state_belief_propagation",
  "objective_estimate": 1.8368852746203799,
  "status": "ok",
  "tail_interval_width": 0.00047006150552997283,
  "total_belief_nodes": 24691,
  "upper_objective": 1.837120305373145,
  "upper_values": [
    1.851723478368194,
    2.1961852265860036,
    1.8433048969176178,
    1.7105027434556852,
    1.7105027434556852,
    1.7105027434556852
  ]
}