{
  "horizon": 95,
  "lower_objective": 3.2675234966308278,
  "lower_values": [
    2.9958122077303373,
    3.485187653472842,
    2.9958122077303373,
    3.485187653472842,
    3.1579536039057654,
    3.485187653472842
  ],
  "method": "deterministic_joint_state_belief_propagation",
  "objective_estimate": 3.2677585273835734,
  "status": "same_as_normal_no_violations",
  "tail_interval_width": 0.00047006150549178116,
  "total_belief_nodes": 48212,
  "unrestricted_upper_minus_restricted_lower": 0.010565796440503927,
  "upper_objective": 3.2679935581363195,
  "upper_values": [
    2.996282269235829,
    3.4856577149783345,
    2.996282269235829,
    3.4856577149783345,
    3.1584236654112567,
    3.4856577149783345
  ]
}