{
  "horizon": 95,
  "lower_objective": 3.0252316538682815,
  "lower_values": [
    2.894720979843298,
    2.894720979843298,
    2.894720979843298,
    2.8813099946486367,
    3.691196009187861,
    2.894720979843298
  ],
  "method": "deterministic_joint_state_belief_propagation",
  "objective_estimate": 3.025466684621029,
  "status": "same_as_normal_no_violations",
  "tail_interval_width": 0.0004700615054944457,
  "total_belief_nodes": 24499,
  "unrestricted_upper_minus_restricted_lower": 0.04876244596622881,
  "upper_objective": 3.025701715373776,
  "upper_values": [
    2.895191041348794,
    2.895191041348794,
    2.895191041348794,
    2.8817800561541285,
    3.6916660706933553,
    2.895191041348794
  ]
}