{
  "horizon": 95,
  "lower_objective": 5.398183441332151,
  "lower_values": [
    5.122649913476062,
    5.122649913476062,
    5.535950205260195,
    5.535950205260195,
    5.535950205260195,
    5.535950205260195
  ],
  "method": "deterministic_joint_state_belief_propagation",
  "objective_estimate": 5.398418472084897,
  "status": "ok",
  "tail_interval_width": 0.00047006150549222525,
  "total_belief_nodes": 23710,
  "upper_objective": 5.398653502837643,
  "upper_values": [
    5.123119974981556,
    5.123119974981556,
    5.536420266765687,
    5.536420266765687,
    5.536420266765687,
    5.536420266765687
  ]
}