{
  "horizon": 95,
  "lower_objective": 1.0968381905404154,
  "lower_values": [
    0.9277289006605391,
    0.9277289006605391,
    1.3038944612027192,
    1.3038944612027192,
    1.058891209757988,
    1.058891209757988
  ],
  "method": "deterministic_joint_state_belief_propagation",
  "objective_estimate": 1.0970732212931618,
  "status": "ok",
  "tail_interval_width": 0.00047006150549266934,
  "total_belief_nodes": 79610,
  "upper_objective": 1.097308252045908,
  "upper_values": [
    0.9281989621660331,
    0.9281989621660331,
    1.3043645227082121,
    1.3043645227082121,
    1.059361271263479,
    1.059361271263479
  ]
}