{
  "horizon": 95,
  "lower_objective": 2.6423896026723974,
  "lower_values": [
    2.8324840984430306,
    3.1542278412117652,
    2.3810733142165756,
    2.8324840984430306,
    2.309635011451381,
    2.344433252268602
  ],
  "method": "deterministic_joint_state_belief_propagation",
  "objective_estimate": 2.6426246334251453,
  "status": "ok",
  "tail_interval_width": 0.00047006150549622205,
  "total_belief_nodes": 120338,
  "upper_objective": 2.6428596641778936,
  "upper_values": [
    2.8329541599485273,
    3.154697902717262,
    2.3815433757220696,
    2.8329541599485273,
    2.310105072956876,
    2.344903313774101
  ]
}