{
  "alpha_vector_count": 8,
  "analysis_discounted_tail_bound": 9.67774912024056e-09,
  "analysis_horizon": 197,
  "analysis_total_belief_nodes": 54499,
  "beta": 0.05,
  "candidate_index": 8,
  "discounted_transmission_occupancy": 1.949342203207637,
  "epsilon": 0.08,
  "epsilon_index": 7,
  "gamma": 0.9,
  "index": 87,
  "margin": -0.6124000000000002,
  "margin_region": "m<0",
  "mdp_seed": 826965060,
  "normal_minus_restricted_lower": 0.025576676947259624,
  "normal_minus_restricted_upper": 0.026516799958249404,
  "normal_minus_restricted_value": 0.026046738452754514,
  "normal_policy_horizon": 95,
  "normal_policy_interval_width": 0.00047006150549622205,
  "normal_policy_lower_bound": 2.6423896026723974,
  "normal_policy_total_belief_nodes": 120338,
  "normal_policy_upper_bound": 2.6428596641778936,
  "normal_policy_value": 2.6426246334251453,
  "point_id": "seed_826965060_e07",
  "restricted_policy_horizon": 95,
  "restricted_policy_interval_width": 0.0004700615054935575,
  "restricted_policy_lower_bound": 2.6163428642196442,
  "restricted_policy_status": "ok",
  "restricted_policy_total_belief_nodes": 121156,
  "restricted_policy_upper_bound": 2.616812925725138,
  "restricted_policy_value": 2.616577894972391,
  "reused_solver_checkpoint": false,
  "root_gap": 0.0390825551140988,
  "sampled_belief_count": 6646984,
  "sarsop_gap": 0.03904639336796789,
  "sarsop_gap_within_acceptance_threshold": true,
  "sarsop_lower_bound": 2.642534186791396,
  "sarsop_upper_bound": 2.681580580159364,
  "solver_elapsed_seconds": 600.2305290699005,
  "solver_iterations": 367,
  "solver_stop_reason": "max_time",
  "status": "ok",
  "violation_count": 78,
  "violation_discounted_event_occupancy": 0.33292731910396794,
  "violation_first_depth_max": 75,
  "violation_first_depth_min": 0
}