{
  "horizon": 95,
  "lower_objective": 3.8642136533499007,
  "lower_values": [
    4.3887104010783355,
    3.173216957995298,
    4.3887104010783355,
    4.3887104010783355,
    3.566187909700198,
    3.2797458491689016
  ],
  "method": "deterministic_joint_state_belief_propagation",
  "objective_estimate": 3.864448684102647,
  "status": "ok",
  "tail_interval_width": 0.00047006150549222525,
  "total_belief_nodes": 46336,
  "upper_objective": 3.864683714855393,
  "upper_values": [
    4.389180462583828,
    3.1736870195007922,
    4.389180462583828,
    4.389180462583828,
    3.5666579712056903,
    3.280215910674395
  ]
}