{
  "alpha_vector_count": 5,
  "analysis_discounted_tail_bound": 9.67774912024056e-09,
  "analysis_horizon": 197,
  "analysis_total_belief_nodes": 17568,
  "beta": 0.05,
  "candidate_index": 13,
  "discounted_transmission_occupancy": 1.234998502232282,
  "epsilon": 0.06000000000000001,
  "epsilon_index": 5,
  "gamma": 0.9,
  "index": 135,
  "margin": -0.4576000000000002,
  "margin_region": "m<0",
  "mdp_seed": 1823514311,
  "normal_minus_restricted_lower": 0.03899999723447278,
  "normal_minus_restricted_upper": 0.0399401202454599,
  "normal_minus_restricted_value": 0.03947005873996634,
  "normal_policy_horizon": 95,
  "normal_policy_interval_width": 0.00047006150549222525,
  "normal_policy_lower_bound": 3.8642136533499007,
  "normal_policy_total_belief_nodes": 46336,
  "normal_policy_upper_bound": 3.864683714855393,
  "normal_policy_value": 3.864448684102647,
  "point_id": "seed_1823514311_e05",
  "restricted_policy_horizon": 95,
  "restricted_policy_interval_width": 0.0004700615054948898,
  "restricted_policy_lower_bound": 3.824743594609933,
  "restricted_policy_status": "ok",
  "restricted_policy_total_belief_nodes": 34161,
  "restricted_policy_upper_bound": 3.825213656115428,
  "restricted_policy_value": 3.8249786253626805,
  "reused_solver_checkpoint": false,
  "root_gap": 0.03537937192357621,
  "sampled_belief_count": 3676114,
  "sarsop_gap": 0.03537937192357621,
  "sarsop_gap_within_acceptance_threshold": true,
  "sarsop_lower_bound": 3.864413457137215,
  "sarsop_upper_bound": 3.8997928290607913,
  "solver_elapsed_seconds": 600.5753719806671,
  "solver_iterations": 171,
  "solver_stop_reason": "max_time",
  "status": "ok",
  "violation_count": 18,
  "violation_discounted_event_occupancy": 0.5990755930894982,
  "violation_first_depth_max": 15,
  "violation_first_depth_min": 0
}