{
  "action_encoding": {
    "formula": "action = prescription_index * n_receiver_actions + receiver_action",
    "solver_jpo_action_offset": 1,
    "state_zero_bit": "most_significant"
  },
  "bounds": {
    "gap": 4.366657516844427,
    "lower_objective": 46.90964809140981,
    "lower_values": [
      47.08174266529362,
      46.733864372235814,
      47.08130609373903,
      47.08174266529362,
      47.08130609373903,
      46.397926658157736
    ],
    "root_gap": 4.392424569698864,
    "root_lower_objective": 46.90964809140981,
    "root_upper_objective": 51.302072661108674,
    "upper_objective": 51.27630560825423,
    "upper_values": [
      51.38214708659285,
      51.38880605940887,
      51.3713485585678,
      51.34858040354101,
      51.36356054147795,
      50.80339099993695
    ]
  },
  "initialization": {
    "initial_beliefs": [
      [
        1.0,
        0.0,
        0.0,
        0.0,
        0.0,
        0.0
      ],
      [
        0.0,
        1.0,
        0.0,
        0.0,
        0.0,
        0.0
      ],
      [
        0.0,
        0.0,
        1.0,
        0.0,
        0.0,
        0.0
      ],
      [
        0.0,
        0.0,
        0.0,
        1.0,
        0.0,
        0.0
      ],
      [
        0.0,
        0.0,
        0.0,
        0.0,
        1.0,
        0.0
      ],
      [
        0.0,
        0.0,
        0.0,
        0.0,
        0.0,
        1.0
      ]
    ],
    "initial_weights": [
      0.16666666666666666,
      0.16666666666666666,
      0.16666666666666666,
      0.16666666666666666,
      0.16666666666666666,
      0.16666666666666666
    ],
    "kind": "single synthetic root revealing a uniformly sampled physical state",
    "root_value_scale": "V_root / gamma, gamma=0.99"
  },
  "model": {
    "beta": 0.15,
    "epsilon": 0.01,
    "gamma": 0.99,
    "mdp_density": 0.5,
    "mdp_seed": 1111,
    "mdp_sha256": "580f9fa806b22e34e0f0d1010a1012409199158e69e3f71c129e1c5119fb8d6a",
    "n_jpo_actions": 128,
    "n_prescriptions": 64,
    "n_receiver_actions": 2,
    "n_states": 6
  },
  "runtime": {
    "julia": "1.12.6",
    "native_sarsop": "0.1.4",
    "pomdp_tools": "1.1.0",
    "pomdps": "1.0.0"
  },
  "solver": {
    "delta": 0.0001,
    "export_beliefs": false,
    "initial_bound_max_time": 30.0,
    "initial_bound_residual": 1e-08,
    "initial_upper_bound": "fully_observable",
    "kappa": 0.5,
    "max_steps": 1000000,
    "max_time": 500.0,
    "precision": 0.01,
    "prune_threshold": 0.1,
    "search_epsilon": 0.01,
    "use_binning": true
  },
  "training": {
    "alpha_count": 6,
    "belief_count": 7417243,
    "elapsed_seconds": 535.0017108917236,
    "history": [
      {
        "elapsed_seconds": 9.775161743164062e-06,
        "initial_gap": 10151.685969110493,
        "initial_lower_objective": -10099.999999999984,
        "initial_upper_objective": 51.68596911050958,
        "iteration": 0,
        "root_gap": 10050.169109419388,
        "root_lower": -9998.999999999984,
        "root_upper": 51.169109419404485
      },
      {
        "elapsed_seconds": 0.00034689903259277344,
        "initial_gap": 26.711134436216597,
        "initial_lower_objective": 24.974834674292985,
        "initial_upper_objective": 51.68596911050958,
        "iteration": 1,
        "root_gap": 26.44402309185443,
        "root_lower": 24.725086327550056,
        "root_upper": 51.169109419404485
      },
      {
        "elapsed_seconds": 1.4932379722595215,
        "initial_gap": 19.99102478168475,
        "initial_lower_objective": 31.694944328824832,
        "initial_upper_objective": 51.68596911050958,
        "iteration": 2,
        "root_gap": 19.7911145338679,
        "root_lower": 31.377994885536584,
        "root_upper": 51.169109419404485
      },
      {
        "elapsed_seconds": 5.680835962295532,
        "initial_gap": 17.573602542473402,
        "initial_lower_objective": 34.088545149517394,
        "initial_upper_objective": 51.662147691990796,
        "iteration": 3,
        "root_gap": 17.39786651704867,
        "root_lower": 33.74765969802222,
        "root_upper": 51.14552621507089
      },
      {
        "elapsed_seconds": 14.125563859939575,
        "initial_gap": 13.901791450823708,
        "initial_lower_objective": 37.70899634144159,
        "initial_upper_objective": 51.6107877922653,
        "iteration": 4,
        "root_gap": 13.762773536315471,
        "root_lower": 37.33190637802718,
        "root_upper": 51.09467991434265
      },
      {
        "elapsed_seconds": 22.823721885681152,
        "initial_gap": 12.901990945251317,
        "initial_lower_objective": 38.66750145921227,
        "initial_upper_objective": 51.56949240446359,
        "iteration": 5,
        "root_gap": 12.772971035798804,
        "root_lower": 38.280826444620146,
        "root_upper": 51.05379748041895
      },
      {
        "elapsed_seconds": 37.04277276992798,
        "initial_gap": 11.956040332418768,
        "initial_lower_objective": 39.59012233216859,
        "initial_upper_objective": 51.54616266458736,
        "iteration": 6,
        "root_gap": 11.83647992909458,
        "root_lower": 39.194221108846904,
        "root_upper": 51.03070103794148
      },
      {
        "elapsed_seconds": 54.36141586303711,
        "initial_gap": 8.59271030262846,
        "initial_lower_objective": 42.92854582911581,
        "initial_upper_objective": 51.521256131744266,
        "iteration": 7,
        "root_gap": 8.506783199602175,
        "root_lower": 42.49926037082465,
        "root_upper": 51.006043570426826
      },
      {
        "elapsed_seconds": 71.95861196517944,
        "initial_gap": 8.313763611955777,
        "initial_lower_objective": 43.19286612123523,
        "initial_upper_objective": 51.506629733191005,
        "iteration": 8,
        "root_gap": 8.230625975836219,
        "root_lower": 42.76093746002287,
        "root_upper": 50.99156343585909
      },
      {
        "elapsed_seconds": 91.73880887031555,
        "initial_gap": 7.892966208692195,
        "initial_lower_objective": 43.611907089501386,
        "initial_upper_objective": 51.50487329819358,
        "iteration": 9,
        "root_gap": 7.814036546605273,
        "root_lower": 43.17578801860637,
        "root_upper": 50.98982456521164
      },
      {
        "elapsed_seconds": 117.86002588272095,
        "initial_gap": 7.042517977645457,
        "initial_lower_objective": 44.41619225419579,
        "initial_upper_objective": 51.45871023184125,
        "iteration": 10,
        "root_gap": 6.972092797869003,
        "root_lower": 43.97203033165383,
        "root_upper": 50.944123129522836
      },
      {
        "elapsed_seconds": 138.8943989276886,
        "initial_gap": 5.592089728451182,
        "initial_lower_objective": 45.844057919371906,
        "initial_upper_objective": 51.436147647823084,
        "iteration": 11,
        "root_gap": 5.53616883116667,
        "root_lower": 45.385617340178186,
        "root_upper": 50.921786171344856
      },
      {
        "elapsed_seconds": 165.57972478866577,
        "initial_gap": 5.378836031500356,
        "initial_lower_objective": 46.05088800470649,
        "initial_upper_objective": 51.42972403620685,
        "iteration": 12,
        "root_gap": 5.325047671185352,
        "root_lower": 45.59037912465943,
        "root_upper": 50.91542679584478
      },
      {
        "elapsed_seconds": 204.10822892189026,
        "initial_gap": 5.253850209058556,
        "initial_lower_objective": 46.17440789994872,
        "initial_upper_objective": 51.428258109007274,
        "iteration": 13,
        "root_gap": 5.201311706967971,
        "root_lower": 45.71266382094923,
        "root_upper": 50.9139755279172
      },
      {
        "elapsed_seconds": 238.17739987373352,
        "initial_gap": 5.083279370179807,
        "initial_lower_objective": 46.33831748431422,
        "initial_upper_objective": 51.42159685449402,
        "iteration": 14,
        "root_gap": 5.032446576478009,