{
  "horizon": 94,
  "lower_objective": 5.094384121333804,
  "lower_values": [
    5.269928939547667,
    4.913108200436484,
    5.269928939547667,
    5.269928939547667,
    5.269928939547667,
    4.573480769375672
  ],
  "method": "deterministic_joint_state_belief_propagation",
  "objective_estimate": 5.094634021124071,
  "status": "ok",
  "tail_interval_width": 0.0004997995805329225,
  "total_belief_nodes": 26269,
  "upper_objective": 5.094883920914337,
  "upper_values": [
    5.270428739128199,
    4.9136080000170175,
    5.270428739128199,
    5.270428739128199,
    5.270428739128199,
    4.573980568956206
  ]
}