{
  "alpha_vector_count": 10,
  "analysis_discounted_tail_bound": 9.67774912024056e-09,
  "analysis_horizon": 197,
  "analysis_total_belief_nodes": 9685,
  "beta": 0.0,
  "beta_index": 0,
  "discounted_transmission_occupancy": 7.4989033591319005,
  "epsilon": 0.04000000000000001,
  "epsilon_index": 3,
  "gamma": 0.9,
  "gamma_index": 0,
  "index": 3,
  "margin": -0.34560000000000013,
  "margin_region": "m<0",
  "mdp_seed": 1111,
  "normal_minus_restricted_lower": 0.028602204499851958,
  "normal_minus_restricted_upper": 0.029601803660955106,
  "normal_minus_restricted_value": 0.029102004080403532,
  "normal_policy_horizon": 94,
  "normal_policy_interval_width": 0.0004997995805329225,
  "normal_policy_lower_bound": 5.094384121333804,
  "normal_policy_total_belief_nodes": 26269,
  "normal_policy_upper_bound": 5.094883920914337,
  "normal_policy_value": 5.094634021124071,
  "point_id": "g0_b00_e03",
  "restricted_lower_bound_status": "ok",
  "restricted_policy_horizon": 94,
  "restricted_policy_interval_width": 0.000499799580570226,
  "restricted_policy_lower_bound": 5.065282117253382,
  "restricted_policy_total_belief_nodes": 18755,
  "restricted_policy_upper_bound": 5.065781916833952,
  "reused_solver_checkpoint": false,
  "root_gap": 0.010369278219146436,
  "sampled_belief_count": 2658433,
  "sarsop_gap": 0.010344958000119142,
  "sarsop_lower_bound": 5.094640773277241,
  "sarsop_upper_bound": 5.1049857312773605,
  "solver_elapsed_seconds": 61.65520405769348,
  "solver_iterations": 85,
  "solver_stop_reason": "precision",
  "status": "ok",
  "unrestricted_upper_minus_restricted_lower": 0.039703614023978595,
  "violation_count": 58,
  "violation_discounted_event_occupancy": 5.54026102818182,
  "violation_first_depth_max": 16,
  "violation_first_depth_min": 0
}