{
  "horizon": 95,
  "lower_objective": 6.205666877823727,
  "lower_values": [
    6.428343084587512,
    5.689504390879107,
    5.831124537713209,
    6.428343084587512,
    6.428343084587512,
    6.428343084587512
  ],
  "method": "deterministic_joint_state_belief_propagation",
  "objective_estimate": 6.205901908576498,
  "status": "ok",
  "tail_interval_width": 0.0004700615055428514,
  "total_belief_nodes": 3706,
  "upper_objective": 6.20613693932927,
  "upper_values": [
    6.428813146093002,
    5.689974452384755,
    5.831594599218861,
    6.428813146093002,
    6.428813146093002,
    6.428813146093002
  ]
}