{
  "horizon": 95,
  "lower_objective": 2.570952695577418,
  "lower_values": [
    2.294388797428718,
    2.2624165334124995,
    2.5733219784129853,
    2.7651962880701024,
    2.7651962880701024,
    2.7651962880701024
  ],
  "method": "deterministic_joint_state_belief_propagation",
  "objective_estimate": 2.5711877263301646,
  "status": "ok",
  "tail_interval_width": 0.00047006150549311343,
  "total_belief_nodes": 52036,
  "upper_objective": 2.571422757082911,
  "upper_values": [
    2.294858858934212,
    2.2628865949179926,
    2.5737920399184797,
    2.7656663495755947,
    2.7656663495755947,
    2.7656663495755947
  ]
}