{
  "horizon": 95,
  "lower_objective": 1.1808813859137506,
  "lower_values": [
    1.088993394667125,
    1.088993394667125,
    1.088993394667125,
    1.7075922625730993,
    1.1586874510440468,
    0.9520284178639818
  ],
  "method": "deterministic_joint_state_belief_propagation",
  "objective_estimate": 1.1811164166664967,
  "status": "same_as_normal_no_violations",
  "tail_interval_width": 0.00047006150549266934,
  "total_belief_nodes": 60590,
  "unrestricted_upper_minus_restricted_lower": 0.010872371386502877,
  "upper_objective": 1.1813514474192433,
  "upper_values": [
    1.0894634561726175,
    1.0894634561726175,
    1.0894634561726175,
    1.7080623240785926,
    1.15915751254954,
    0.9524984793694751
  ]
}