{
  "analysis_discounted_tail_bound": 9.67774912024056e-09,
  "analysis_horizon": 197,
  "analysis_total_belief_nodes": 50257,
  "discounted_transmission_occupancy": 1.3699734897237688,
  "violation_count": 1,
  "violations": [
    {
      "action": 114,
      "belief": [
        0.010316995267277904,
        0.3515433779685069,
        0.010703235491887182,
        0.13389615922405768,
        0.4781637709605147,
        0.015376461087755535
      ],
      "common_next_receiver_action": 0,
      "discounted_event_occupancy": 0.00012800492561001792,
      "first_depth": 15,
      "no_reception_next_action": 32,
      "null_probability_given_belief": 0.5583366310047069,
      "prescription": [
        1,
        1,
        1,
        0,
        0,
        1
      ],
      "prescription_index": 57,
      "reached_state": 1,
      "receiver_action": 0,
      "success_next_action": 80,
      "success_probability_given_belief": 0.2050510429211629
    }
  ]
}