{
  "horizon": 95,
  "lower_objective": 1.998316571698428,
  "lower_values": [
    1.7725753628680363,
    1.9481722900775857,
    2.3060070769358485,
    1.9595869616991517,
    1.6975506616740985,
    2.3060070769358485
  ],
  "method": "deterministic_joint_state_belief_propagation",
  "objective_estimate": 1.9985516024511747,
  "status": "same_as_normal_no_violations",
  "tail_interval_width": 0.0004700615054933355,
  "total_belief_nodes": 76154,
  "unrestricted_upper_minus_restricted_lower": 0.06920974080046727,
  "upper_objective": 1.9987866332039212,
  "upper_values": [
    1.7730454243735287,
    1.9486423515830804,
    2.3064771384413416,
    1.9600570232046453,
    1.6980207231795914,
    2.3064771384413416
  ]
}