{
  "action_encoding": {
    "formula": "action = prescription_index * n_receiver_actions + receiver_action",
    "solver_jpo_action_offset": 1,
    "state_zero_bit": "most_significant"
  },
  "bounds": {
    "gap": 8.940028358711587,
    "lower_objective": 42.61562014816033,
    "lower_values": [
      42.832414072338324,
      42.39598826187342,
      42.82732589912485,
      42.832414072338324,
      42.82732589912485,
      41.97825268416221
    ],
    "root_gap": 8.940405498647372,
    "root_lower_objective": 42.61562014816033,
    "root_upper_objective": 51.556025646807704,
    "upper_objective": 51.55564850687192,
    "upper_values": [
      51.792469624615336,
      51.42260850981866,
      51.69216206734787,
      51.689986258784,
      51.66779167800483,
      51.068872902660814
    ]
  },
  "initialization": {
    "initial_beliefs": [
      [
        1.0,
        0.0,
        0.0,
        0.0,
        0.0,
        0.0
      ],
      [
        0.0,
        1.0,
        0.0,
        0.0,
        0.0,
        0.0
      ],
      [
        0.0,
        0.0,
        1.0,
        0.0,
        0.0,
        0.0
      ],
      [
        0.0,
        0.0,
        0.0,
        1.0,
        0.0,
        0.0
      ],
      [
        0.0,
        0.0,
        0.0,
        0.0,
        1.0,
        0.0
      ],
      [
        0.0,
        0.0,
        0.0,
        0.0,
        0.0,
        1.0
      ]
    ],
    "initial_weights": [
      0.16666666666666666,
      0.16666666666666666,
      0.16666666666666666,
      0.16666666666666666,
      0.16666666666666666,
      0.16666666666666666
    ],
    "kind": "single synthetic root revealing a uniformly sampled physical state",
    "root_value_scale": "V_root / gamma, gamma=0.99"
  },
  "model": {
    "beta": 0.05,
    "epsilon": 0.06000000000000001,
    "gamma": 0.99,
    "mdp_density": 0.5,
    "mdp_seed": 1111,
    "mdp_sha256": "580f9fa806b22e34e0f0d1010a1012409199158e69e3f71c129e1c5119fb8d6a",
    "n_jpo_actions": 128,
    "n_prescriptions": 64,
    "n_receiver_actions": 2,
    "n_states": 6
  },
  "runtime": {
    "julia": "1.12.6",
    "native_sarsop": "0.1.4",
    "pomdp_tools": "1.1.0",
    "pomdps": "1.0.0"
  },
  "solver": {
    "delta": 0.0001,
    "export_beliefs": false,
    "initial_bound_max_time": 30.0,
    "initial_bound_residual": 1e-08,
    "initial_upper_bound": "fully_observable",
    "kappa": 0.5,
    "max_steps": 1000000,
    "max_time": 500.0,
    "precision": 0.01,
    "prune_threshold": 0.1,
    "search_epsilon": 0.01,
    "use_binning": true
  },
  "training": {
    "alpha_count": 7,
    "belief_count": 6209932,
    "elapsed_seconds": 503.17269492149353,
    "history": [
      {
        "elapsed_seconds": 1.0013580322265625e-05,
        "initial_gap": 10151.685969110493,
        "initial_lower_objective": -10099.999999999984,
        "initial_upper_objective": 51.68596911050958,
        "iteration": 0,
        "root_gap": 10050.169109419388,
        "root_lower": -9998.999999999984,
        "root_upper": 51.169109419404485
      },
      {
        "elapsed_seconds": 0.0003509521484375,
        "initial_gap": 26.711134436216597,
        "initial_lower_objective": 24.974834674292985,
        "initial_upper_objective": 51.68596911050958,
        "iteration": 1,
        "root_gap": 26.44402309185443,
        "root_lower": 24.725086327550056,
        "root_upper": 51.169109419404485
      },
      {
        "elapsed_seconds": 2.052400827407837,
        "initial_gap": 20.716374628960732,
        "initial_lower_objective": 30.96959448154885,
        "initial_upper_objective": 51.68596911050958,
        "iteration": 2,
        "root_gap": 20.509210882671123,
        "root_lower": 30.659898536733362,
        "root_upper": 51.169109419404485
      },
      {
        "elapsed_seconds": 7.7186439037323,
        "initial_gap": 19.721986664206803,
        "initial_lower_objective": 31.952862921719742,
        "initial_upper_objective": 51.674849585926545,
        "iteration": 3,
        "root_gap": 19.524766797564734,
        "root_lower": 31.633334292502543,
        "root_upper": 51.15810109006728
      },
      {
        "elapsed_seconds": 16.54549288749695,
        "initial_gap": 17.03804758885452,
        "initial_lower_objective": 34.61129515205763,
        "initial_upper_objective": 51.649342740912154,
        "iteration": 4,
        "root_gap": 16.867667112965975,
        "root_lower": 34.265182200537055,
        "root_upper": 51.13284931350303
      },
      {
        "elapsed_seconds": 25.148066997528076,
        "initial_gap": 16.823535456132223,
        "initial_lower_objective": 34.81097185127669,
        "initial_upper_objective": 51.63450730740892,
        "iteration": 5,
        "root_gap": 16.6553001015709,
        "root_lower": 34.462862132763924,
        "root_upper": 51.118162234334825
      },
      {
        "elapsed_seconds": 42.119534969329834,
        "initial_gap": 15.894535232892915,
        "initial_lower_objective": 35.739954357506335,
        "initial_upper_objective": 51.63448959039925,
        "iteration": 6,
        "root_gap": 15.735589880563985,
        "root_lower": 35.38255481393127,
        "root_upper": 51.11814469449526
      },
      {
        "elapsed_seconds": 60.43955087661743,
        "initial_gap": 14.823333956373256,
        "initial_lower_objective": 36.79071767890389,
        "initial_upper_objective": 51.61405163527714,
        "iteration": 7,
        "root_gap": 14.675100616809523,
        "root_lower": 36.42281050211485,
        "root_upper": 51.09791111892437
      },
      {
        "elapsed_seconds": 89.14349794387817,
        "initial_gap": 13.786475893575643,
        "initial_lower_objective": 37.82475425072784,
        "initial_upper_objective": 51.611230144303484,
        "iteration": 8,
        "root_gap": 13.648611134639886,
        "root_lower": 37.44650670822056,
        "root_upper": 51.095117842860446
      },
      {
        "elapsed_seconds": 121.72320199012756,
        "initial_gap": 13.618968730269758,
        "initial_lower_objective": 37.98098119456422,
        "initial_upper_objective": 51.59994992483398,
        "iteration": 9,
        "root_gap": 13.48277904296706,
        "root_lower": 37.60117138261858,
        "root_upper": 51.08395042558564
      },
      {
        "elapsed_seconds": 151.52428197860718,
        "initial_gap": 12.84590008089931,
        "initial_lower_objective": 38.751076910548676,
        "initial_upper_objective": 51.59697699144798,
        "iteration": 10,
        "root_gap": 12.717441080090317,
        "root_lower": 38.36356614144319,
        "root_upper": 51.081007221533504
      },
      {
        "elapsed_seconds": 196.66307497024536,
        "initial_gap": 12.348612415389606,
        "initial_lower_objective": 39.247814759845014,
        "initial_upper_objective": 51.596427175234616,
        "iteration": 11,
        "root_gap": 12.22512629123571,
        "root_lower": 38.85533661224656,
        "root_upper": 51.08046290348227
      },
      {
        "elapsed_seconds": 254.7370970249176,
        "initial_gap": 11.931965645582117,
        "initial_lower_objective": 39.66420940480636,
        "initial_upper_objective": 51.596175050388474,
        "iteration": 12,
        "root_gap": 11.812645989126295,
        "root_lower": 39.267567310758295,
        "root_upper": 51.08021329988459
      },
      {
        "elapsed_seconds": 319.9295389652252,
        "initial_gap": 11.040648653584341,
        "initial_lower_objective": 40.52758653821743,
        "initial_upper_objective": 51.56823519180177,
        "iteration": 13,
        "root_gap": 10.930242167048497,
        "root_lower": 40.122310672835255,
        "root_upper": 51.05255283988375
      },
      {
        "elapsed_seconds": 375.1222999095917,
        "initial_gap": 9.70844494915469,
        "initial_lower_objective": 41.85092686249352,
        "initial_upper_objective": 51.55937181164821,
        "iteration": 14,