{
  "horizon": 95,
  "lower_objective": 3.820460765712218,
  "lower_values": [
    3.7103154525109208,
    3.9903553769674405,
    3.5310675583491453,
    3.7103154525109208,
    3.9903553769674405,
    3.9903553769674405
  ],
  "method": "deterministic_joint_state_belief_propagation",
  "objective_estimate": 3.8206957964649644,
  "status": "same_as_normal_no_violations",
  "tail_interval_width": 0.0004700615054935575,
  "total_belief_nodes": 50387,
  "unrestricted_upper_minus_restricted_lower": 0.019390196009136496,
  "upper_objective": 3.8209308272177114,
  "upper_values": [
    3.7107855140164143,
    3.990825438472933,
    3.5315376198546407,
    3.7107855140164143,
    3.990825438472933,
    3.990825438472933
  ]
}