{
  "horizon": 95,
  "lower_objective": 5.5109827585519255,
  "lower_values": [
    5.239660785106086,
    5.239660785106086,
    5.6466437452748455,
    5.6466437452748455,
    5.6466437452748455,
    5.6466437452748455
  ],
  "method": "deterministic_joint_state_belief_propagation",
  "objective_estimate": 5.511217789304672,
  "status": "ok",
  "tail_interval_width": 0.00047006150549222525,
  "total_belief_nodes": 21936,
  "upper_objective": 5.511452820057418,
  "upper_values": [
    5.24013084661158,
    5.24013084661158,
    5.647113806780337,
    5.647113806780337,
    5.647113806780337,
    5.647113806780337
  ]
}