{
  "horizon": 95,
  "lower_objective": 4.708299440200566,
  "lower_values": [
    4.333756435042172,
    5.082842445358961,
    4.333756435042172,
    4.333756435042172,
    5.082842445358961,
    5.082842445358961
  ],
  "method": "deterministic_joint_state_belief_propagation",
  "objective_estimate": 4.708534470953312,
  "status": "same_as_normal_no_violations",
  "tail_interval_width": 0.00047006150549311343,
  "total_belief_nodes": 10203,
  "unrestricted_upper_minus_restricted_lower": 0.009366819927016046,
  "upper_objective": 4.708769501706059,
  "upper_values": [
    4.334226496547667,
    5.083312506864451,
    4.334226496547667,
    4.334226496547667,
    5.083312506864451,
    5.083312506864451
  ]
}