{
  "horizon": 95,
  "lower_objective": 3.8311827179970956,
  "lower_values": [
    4.341310632895972,
    3.1553875305337433,
    4.341310632895972,
    4.341310632895972,
    3.5478768084573042,
    3.25990007030361
  ],
  "method": "deterministic_joint_state_belief_propagation",
  "objective_estimate": 3.8314177487498426,
  "status": "ok",
  "tail_interval_width": 0.0004700615054935575,
  "total_belief_nodes": 34851,
  "unrestricted_upper_minus_restricted_lower": 0.06458083715265239,
  "upper_objective": 3.831652779502589,
  "upper_values": [
    4.341780694401467,
    3.155857592039236,
    4.341780694401467,
    4.341780694401467,
    3.548346869962797,
    3.2603701318091036
  ]
}