{
  "alpha_vector_count": 5,
  "analysis_discounted_tail_bound": 9.67774912024056e-09,
  "analysis_horizon": 197,
  "analysis_total_belief_nodes": 18061,
  "beta": 0.05,
  "candidate_index": 13,
  "discounted_transmission_occupancy": 1.2298697094322801,
  "epsilon": 0.05000000000000001,
  "epsilon_index": 4,
  "gamma": 0.9,
  "index": 134,
  "margin": -0.3775000000000002,
  "margin_region": "m<0",
  "mdp_seed": 1823514311,
  "normal_minus_restricted_lower": 0.03767763489193232,
  "normal_minus_restricted_upper": 0.03861775790291855,
  "normal_minus_restricted_value": 0.038147696397425435,
  "normal_policy_horizon": 95,
  "normal_policy_interval_width": 0.00047006150549266934,
  "normal_policy_lower_bound": 3.8693304143945215,
  "normal_policy_total_belief_nodes": 47435,
  "normal_policy_upper_bound": 3.869800475900014,
  "normal_policy_value": 3.869565445147268,
  "point_id": "seed_1823514311_e04",
  "restricted_policy_horizon": 95,
  "restricted_policy_interval_width": 0.0004700615054935575,
  "restricted_policy_lower_bound": 3.8311827179970956,
  "restricted_policy_status": "ok",
  "restricted_policy_total_belief_nodes": 34851,
  "restricted_policy_upper_bound": 3.831652779502589,
  "restricted_policy_value": 3.8314177487498426,
  "reused_solver_checkpoint": false,
  "root_gap": 0.02623304340091121,
  "sampled_belief_count": 4916836,
  "sarsop_gap": 0.026233043400910816,
  "sarsop_gap_within_acceptance_threshold": true,
  "sarsop_lower_bound": 3.869530511748837,
  "sarsop_upper_bound": 3.895763555149748,
  "solver_elapsed_seconds": 606.5998899936676,
  "solver_iterations": 237,
  "solver_stop_reason": "max_time",
  "status": "ok",
  "violation_count": 17,
  "violation_discounted_event_occupancy": 0.6075308371626111,
  "violation_first_depth_max": 14,
  "violation_first_depth_min": 0
}