{
  "horizon": 1229,
  "lower_objective": 45.585438338451475,
  "lower_values": [
    45.75788567700899,
    45.40297079666759,
    45.75788567700899,
    45.75788567700899,
    45.75788567700899,
    45.078116526005324
  ],
  "method": "deterministic_joint_state_belief_propagation",
  "objective_estimate": 45.585686511814174,
  "status": "ok",
  "tail_interval_width": 0.000496346725391561,
  "total_belief_nodes": 322035,
  "upper_objective": 45.585934685176866,
  "upper_values": [
    45.7583820237344,
    45.40346714339295,
    45.7583820237344,
    45.7583820237344,
    45.7583820237344,
    45.07861287273067
  ]
}