{
  "horizon": 95,
  "lower_objective": 3.205236429748943,
  "lower_values": [
    3.417125837362606,
    2.997128025265592,
    3.133346292834285,
    3.417125837362606,
    3.133346292834285,
    3.133346292834285
  ],
  "method": "deterministic_joint_state_belief_propagation",
  "objective_estimate": 3.2054714605016903,
  "status": "same_as_normal_no_violations",
  "tail_interval_width": 0.0004700615054944457,
  "total_belief_nodes": 30351,
  "unrestricted_upper_minus_restricted_lower": 0.0359078991486359,
  "upper_objective": 3.2057064912544373,
  "upper_values": [
    3.417595898868102,
    2.997598086771083,
    3.133816354339779,
    3.417595898868102,
    3.133816354339779,
    3.133816354339779
  ]
}