{
  "horizon": 95,
  "lower_objective": 3.5634389032371345,
  "lower_values": [
    3.3563111142162287,
    4.011196118985728,
    3.3563111142162287,
    4.011196118985728,
    3.2741247476720483,
    3.3714942053468455
  ],
  "method": "deterministic_joint_state_belief_propagation",
  "objective_estimate": 3.56367393398988,
  "status": "ok",
  "tail_interval_width": 0.00047006150549222525,
  "total_belief_nodes": 40098,
  "unrestricted_upper_minus_restricted_lower": 0.11516764695434833,
  "upper_objective": 3.5639089647426268,
  "upper_values": [
    3.3567811757217205,
    4.01166618049122,
    3.3567811757217205,
    4.01166618049122,
    3.274594809177541,
    3.3719642668523386
  ]
}