{
  "alpha_vector_count": 10,
  "analysis_discounted_tail_bound": 9.67774912024056e-09,
  "analysis_horizon": 197,
  "analysis_total_belief_nodes": 15177,
  "beta": 0.05,
  "candidate_index": 18,
  "discounted_transmission_occupancy": 3.3598765881500308,
  "epsilon": 0.09000000000000001,
  "epsilon_index": 8,
  "gamma": 0.9,
  "index": 188,
  "margin": -0.6871000000000003,
  "margin_region": "m<0",
  "mdp_seed": 1746243620,
  "normal_minus_restricted_lower": 0.08407207136771389,
  "normal_minus_restricted_upper": 0.08501219437869789,
  "normal_minus_restricted_value": 0.08454213287320655,
  "normal_policy_horizon": 95,
  "normal_policy_interval_width": 0.00047006150549178116,
  "normal_policy_lower_bound": 3.6479810361103406,
  "normal_policy_total_belief_nodes": 40241,
  "normal_policy_upper_bound": 3.6484510976158324,
  "normal_policy_value": 3.6482160668630867,
  "point_id": "seed_1746243620_e08",
  "restricted_policy_horizon": 95,
  "restricted_policy_interval_width": 0.00047006150549222525,
  "restricted_policy_lower_bound": 3.5634389032371345,
  "restricted_policy_status": "ok",
  "restricted_policy_total_belief_nodes": 40098,
  "restricted_policy_upper_bound": 3.5639089647426268,
  "restricted_policy_value": 3.56367393398988,
  "reused_solver_checkpoint": false,
  "root_gap": 0.030461052997552664,
  "sampled_belief_count": 7186978,
  "sarsop_gap": 0.030433360473985704,
  "sarsop_gap_within_acceptance_threshold": true,
  "sarsop_lower_bound": 3.648173189717497,
  "sarsop_upper_bound": 3.678606550191483,
  "solver_elapsed_seconds": 600.3604362010956,
  "solver_iterations": 624,
  "solver_stop_reason": "max_time",
  "status": "ok",
  "violation_count": 82,
  "violation_discounted_event_occupancy": 1.4565628393788443,
  "violation_first_depth_max": 26,
  "violation_first_depth_min": 0
}