{
  "action_encoding": {
    "formula": "action = prescription_index * n_receiver_actions + receiver_action",
    "solver_jpo_action_offset": 1,
    "state_zero_bit": "most_significant"
  },
  "bounds": {
    "gap": 6.8011027744774,
    "lower_objective": 44.73442295126594,
    "lower_values": [
      44.89855807415749,
      44.58976660725716,
      44.89855807415749,
      44.89855807415749,
      44.89855807415749,
      44.22253880370851
    ],
    "root_gap": 6.801160253759168,
    "root_lower_objective": 44.73442295126594,
    "root_upper_objective": 51.53558320502511,
    "upper_objective": 51.53552572574334,
    "upper_values": [
      51.719449675101735,
      51.43047871120432,
      51.72127805571893,
      51.655831772143586,
      51.635316282915696,
      51.05079985737578
    ]
  },
  "initialization": {
    "initial_beliefs": [
      [
        1.0,
        0.0,
        0.0,
        0.0,
        0.0,
        0.0
      ],
      [
        0.0,
        1.0,
        0.0,
        0.0,
        0.0,
        0.0
      ],
      [
        0.0,
        0.0,
        1.0,
        0.0,
        0.0,
        0.0
      ],
      [
        0.0,
        0.0,
        0.0,
        1.0,
        0.0,
        0.0
      ],
      [
        0.0,
        0.0,
        0.0,
        0.0,
        1.0,
        0.0
      ],
      [
        0.0,
        0.0,
        0.0,
        0.0,
        0.0,
        1.0
      ]
    ],
    "initial_weights": [
      0.16666666666666666,
      0.16666666666666666,
      0.16666666666666666,
      0.16666666666666666,
      0.16666666666666666,
      0.16666666666666666
    ],
    "kind": "single synthetic root revealing a uniformly sampled physical state",
    "root_value_scale": "V_root / gamma, gamma=0.99"
  },
  "model": {
    "beta": 0.05,
    "epsilon": 0.08,
    "gamma": 0.99,
    "mdp_density": 0.5,
    "mdp_seed": 1111,
    "mdp_sha256": "580f9fa806b22e34e0f0d1010a1012409199158e69e3f71c129e1c5119fb8d6a",
    "n_jpo_actions": 128,
    "n_prescriptions": 64,
    "n_receiver_actions": 2,
    "n_states": 6
  },
  "runtime": {
    "julia": "1.12.6",
    "native_sarsop": "0.1.4",
    "pomdp_tools": "1.1.0",
    "pomdps": "1.0.0"
  },
  "solver": {
    "delta": 0.0001,
    "export_beliefs": false,
    "initial_bound_max_time": 30.0,
    "initial_bound_residual": 1e-08,
    "initial_upper_bound": "fully_observable",
    "kappa": 0.5,
    "max_steps": 1000000,
    "max_time": 500.0,
    "precision": 0.01,
    "prune_threshold": 0.1,
    "search_epsilon": 0.01,
    "use_binning": true
  },
  "training": {
    "alpha_count": 4,
    "belief_count": 7036177,
    "elapsed_seconds": 529.810665845871,
    "history": [
      {
        "elapsed_seconds": 1.1920928955078125e-05,
        "initial_gap": 10151.685969110493,
        "initial_lower_objective": -10099.999999999984,
        "initial_upper_objective": 51.68596911050958,
        "iteration": 0,
        "root_gap": 10050.169109419388,
        "root_lower": -9998.999999999984,
        "root_upper": 51.169109419404485
      },
      {
        "elapsed_seconds": 0.0004858970642089844,
        "initial_gap": 26.711134436216597,
        "initial_lower_objective": 24.974834674292985,
        "initial_upper_objective": 51.68596911050958,
        "iteration": 1,
        "root_gap": 26.44402309185443,
        "root_lower": 24.725086327550056,
        "root_upper": 51.169109419404485
      },
      {
        "elapsed_seconds": 2.0330379009246826,
        "initial_gap": 21.69807332235511,
        "initial_lower_objective": 29.98789578815447,
        "initial_upper_objective": 51.68596911050958,
        "iteration": 2,
        "root_gap": 21.48109258913156,
        "root_lower": 29.688016830272925,
        "root_upper": 51.169109419404485
      },
      {
        "elapsed_seconds": 7.703423023223877,
        "initial_gap": 20.635633676876726,
        "initial_lower_objective": 31.03770501886093,
        "initial_upper_objective": 51.673338695737655,
        "iteration": 3,
        "root_gap": 20.42927734010796,
        "root_lower": 30.72732796867232,
        "root_upper": 51.15660530878028
      },
      {
        "elapsed_seconds": 14.432737827301025,
        "initial_gap": 18.6839649171773,
        "initial_lower_objective": 32.96147737292366,
        "initial_upper_objective": 51.64544229010096,
        "iteration": 4,
        "root_gap": 18.497125268005526,
        "root_lower": 32.63186259919442,
        "root_upper": 51.128987867199946
      },
      {
        "elapsed_seconds": 25.705525875091553,
        "initial_gap": 17.822071976830802,
        "initial_lower_objective": 33.80864859617087,
        "initial_upper_objective": 51.63072057300167,
        "iteration": 5,
        "root_gap": 17.643851257062494,
        "root_lower": 33.47056211020916,
        "root_upper": 51.11441336727165
      },
      {
        "elapsed_seconds": 38.934945821762085,
        "initial_gap": 15.859174278222085,
        "initial_lower_objective": 35.74466576378405,
        "initial_upper_objective": 51.603840042006134,
        "iteration": 6,
        "root_gap": 15.700582535439864,
        "root_lower": 35.387219106146205,
        "root_upper": 51.08780164158607
      },
      {
        "elapsed_seconds": 57.36438298225403,
        "initial_gap": 12.410769681246311,
        "initial_lower_objective": 39.17387948710646,
        "initial_upper_objective": 51.58464916835277,
        "iteration": 7,
        "root_gap": 12.286661984433849,
        "root_lower": 38.782140692235394,
        "root_upper": 51.06880267666924
      },
      {
        "elapsed_seconds": 77.0002908706665,
        "initial_gap": 12.027030057634148,
        "initial_lower_objective": 39.55300215115834,
        "initial_upper_objective": 51.58003220879249,
        "iteration": 8,
        "root_gap": 11.906759757057806,
        "root_lower": 39.157472129646756,
        "root_upper": 51.06423188670456
      },
      {
        "elapsed_seconds": 110.77775979042053,
        "initial_gap": 11.70219822627735,
        "initial_lower_objective": 39.86252281487071,
        "initial_upper_objective": 51.564721041148054,
        "iteration": 9,
        "root_gap": 11.585176244014576,
        "root_lower": 39.463897586722,
        "root_upper": 51.049073830736575
      },
      {
        "elapsed_seconds": 146.62530994415283,
        "initial_gap": 10.289560649915783,
        "initial_lower_objective": 41.265549041594,
        "initial_upper_objective": 51.55510969150978,
        "iteration": 10,
        "root_gap": 10.186665043416625,
        "root_lower": 40.852893551178056,
        "root_upper": 51.03955859459468
      },
      {
        "elapsed_seconds": 186.20431184768677,
        "initial_gap": 9.772122294016834,
        "initial_lower_objective": 41.77933321251586,
        "initial_upper_objective": 51.5514555065327,
        "iteration": 11,
        "root_gap": 9.674401071076666,
        "root_lower": 41.3615398803907,
        "root_upper": 51.03594095146737
      },
      {
        "elapsed_seconds": 226.19156694412231,
        "initial_gap": 9.187494251503374,
        "initial_lower_objective": 42.363620170673514,
        "initial_upper_objective": 51.55111442217689,
        "iteration": 12,
        "root_gap": 9.09561930898834,
        "root_lower": 41.93998396896678,
        "root_upper": 51.03560327795512
      },
      {
        "elapsed_seconds": 270.42876982688904,
        "initial_gap": 8.924548563778309,
        "initial_lower_objective": 42.61587966839739,
        "initial_upper_objective": 51.54042823217571,
        "iteration": 13,
        "root_gap": 8.835303078140527,
        "root_lower": 42.18972087171342,
        "root_upper": 51.025023949853946
      },
      {
        "elapsed_seconds": 318.1632649898529,
        "initial_gap": 7.732627993219675,
        "initial_lower_objective": 43.80438307480687,
        "initial_upper_objective": 51.537011068026544,
        "iteration": 14,
        "root_gap": 7.6553017132874785,