{
  "horizon": 1215,
  "lower_objective": 49.67762077157542,
  "lower_values": [
    49.9156099276257,
    49.55814943803212,
    49.9156099276257,
    49.9156099276257,
    49.9156099276257,
    48.845135480917605
  ],
  "method": "deterministic_joint_state_belief_propagation",
  "objective_estimate": 49.677869503448534,
  "status": "ok",
  "tail_interval_width": 0.0004974637462282772,
  "total_belief_nodes": 720753,
  "unrestricted_upper_minus_restricted_lower": 1.9685951597609659,
  "upper_objective": 49.67811823532165,
  "upper_values": [
    49.91610739137193,
    49.55864690177835,
    49.91610739137193,
    49.91610739137193,
    49.91610739137193,
    48.84563294466384
  ]
}