{
  "horizon": 95,
  "lower_objective": 2.479432602475206,
  "lower_values": [
    2.3107975602719595,
    2.7986807498992725,
    2.1117933317957327,
    2.7986807498992725,
    2.5004115302667262,
    2.3562316927182714
  ],
  "method": "deterministic_joint_state_belief_propagation",
  "objective_estimate": 2.479667633227953,
  "status": "ok",
  "tail_interval_width": 0.00047006150549311343,
  "total_belief_nodes": 27078,
  "upper_objective": 2.479902663980699,
  "upper_values": [
    2.311267621777453,
    2.799150811404766,
    2.112263393301226,
    2.799150811404766,
    2.5008815917722216,
    2.356701754223763
  ]
}