{
  "horizon": 95,
  "lower_objective": 3.983759315803307,
  "lower_values": [
    4.4723665954241305,
    3.387483167040501,
    4.4723665954241305,
    4.4723665954241305,
    3.387483167040501,
    3.7104897744664505
  ],
  "method": "deterministic_joint_state_belief_propagation",
  "objective_estimate": 3.9839943465560537,
  "status": "ok",
  "tail_interval_width": 0.0004700615054935575,
  "total_belief_nodes": 35659,
  "upper_objective": 3.9842293773088007,
  "upper_values": [
    4.4728366569296245,
    3.3879532285459937,
    4.4728366569296245,
    4.4728366569296245,
    3.3879532285459937,
    3.7109598359719436
  ]
}