{
  "horizon": 95,
  "lower_objective": 1.9647304629566213,
  "lower_values": [
    2.2767136374237573,
    3.0906021899820835,
    1.9861837293345093,
    1.2243497458324346,
    1.2243497458324346,
    1.9861837293345093
  ],
  "method": "deterministic_joint_state_belief_propagation",
  "objective_estimate": 1.9649654937093677,
  "status": "ok",
  "tail_interval_width": 0.00047006150549266934,
  "total_belief_nodes": 77599,
  "unrestricted_upper_minus_restricted_lower": 0.04410926330438869,
  "upper_objective": 1.965200524462114,
  "upper_values": [
    2.27718369892925,
    3.0910722514875757,
    1.9866537908400024,
    1.224819807337927,
    1.224819807337927,
    1.9866537908400024
  ]
}