{
  "analysis_discounted_tail_bound": 9.67774912024056e-09,
  "analysis_horizon": 197,
  "analysis_total_belief_nodes": 50257,
  "discounted_transmission_occupancy": 1.3741013269637996,
  "violation_count": 1,
  "violations": [
    {
      "action": 114,
      "belief": [
        0.009889525708901436,
        0.3777343129180693,
        0.010254440793055361,
        0.12890621071145197,
        0.4600077465150723,
        0.013207763353449593
      ],
      "common_next_receiver_action": 0,
      "discounted_event_occupancy": 0.00012931748381743514,
      "first_depth": 15,
      "no_reception_next_action": 32,
      "null_probability_given_belief": 0.5356328391283305,
      "prescription": [
        1,
        1,
        1,
        0,
        0,
        1
      ],
      "prescription_index": 57,
      "reached_state": 1,
      "receiver_action": 0,
      "success_next_action": 80,
      "success_probability_given_belief": 0.22258162098476703
    }
  ]
}