{
  "horizon": 95,
  "lower_objective": 2.663414087141918,
  "lower_values": [
    2.672826701727803,
    2.672826701727803,
    2.672826701727803,
    2.906812199686447,
    2.382365516253851,
    2.672826701727803
  ],
  "method": "deterministic_joint_state_belief_propagation",
  "objective_estimate": 2.663649117894664,
  "status": "same_as_normal_no_violations",
  "tail_interval_width": 0.00047006150549266934,
  "total_belief_nodes": 27539,
  "unrestricted_upper_minus_restricted_lower": 0.011250397094677123,
  "upper_objective": 2.6638841486474107,
  "upper_values": [
    2.673296763233296,
    2.673296763233296,
    2.673296763233296,
    2.907282261191939,
    2.382835577759343,
    2.673296763233296
  ]
}