{
  "horizon": 95,
  "lower_objective": 1.6517149770333048,
  "lower_values": [
    1.5994749036328593,
    1.5968518712656259,
    1.4988481296910332,
    1.5994749036328593,
    1.5968518712656259,
    2.0187881827118264
  ],
  "method": "deterministic_joint_state_belief_propagation",
  "objective_estimate": 1.6519500077860512,
  "status": "ok",
  "tail_interval_width": 0.0004700615054924473,
  "total_belief_nodes": 26595,
  "upper_objective": 1.6521850385387973,
  "upper_values": [
    1.599944965138352,
    1.5973219327711192,
    1.4993181911965245,
    1.599944965138352,
    1.5973219327711192,
    2.019258244217318
  ]
}