{
  "action_encoding": {
    "formula": "action = prescription_index * n_receiver_actions + receiver_action",
    "solver_jpo_action_offset": 1,
    "state_zero_bit": "most_significant"
  },
  "bounds": {
    "gap": 6.457031957548885,
    "lower_objective": 45.076343815486155,
    "lower_values": [
      45.242694347717595,
      44.9252080735855,
      45.24237677503402,
      45.242694347717595,
      45.24237677503402,
      44.56271257382819
    ],
    "root_gap": 6.45726180458765,
    "root_lower_objective": 45.07634381548616,
    "root_upper_objective": 51.53360562007381,
    "upper_objective": 51.53337577303504,
    "upper_values": [
      51.77688569388937,
      51.383076002247506,
      51.70205888270354,
      51.654169806280024,
      51.63072173448204,
      51.05334251860779
    ]
  },
  "initialization": {
    "initial_beliefs": [
      [
        1.0,
        0.0,
        0.0,
        0.0,
        0.0,
        0.0
      ],
      [
        0.0,
        1.0,
        0.0,
        0.0,
        0.0,
        0.0
      ],
      [
        0.0,
        0.0,
        1.0,
        0.0,
        0.0,
        0.0
      ],
      [
        0.0,
        0.0,
        0.0,
        1.0,
        0.0,
        0.0
      ],
      [
        0.0,
        0.0,
        0.0,
        0.0,
        1.0,
        0.0
      ],
      [
        0.0,
        0.0,
        0.0,
        0.0,
        0.0,
        1.0
      ]
    ],
    "initial_weights": [
      0.16666666666666666,
      0.16666666666666666,
      0.16666666666666666,
      0.16666666666666666,
      0.16666666666666666,
      0.16666666666666666
    ],
    "kind": "single synthetic root revealing a uniformly sampled physical state",
    "root_value_scale": "V_root / gamma, gamma=0.99"
  },
  "model": {
    "beta": 0.05,
    "epsilon": 0.1,
    "gamma": 0.99,
    "mdp_density": 0.5,
    "mdp_seed": 1111,
    "mdp_sha256": "580f9fa806b22e34e0f0d1010a1012409199158e69e3f71c129e1c5119fb8d6a",
    "n_jpo_actions": 128,
    "n_prescriptions": 64,
    "n_receiver_actions": 2,
    "n_states": 6
  },
  "runtime": {
    "julia": "1.12.6",
    "native_sarsop": "0.1.4",
    "pomdp_tools": "1.1.0",
    "pomdps": "1.0.0"
  },
  "solver": {
    "delta": 0.0001,
    "export_beliefs": false,
    "initial_bound_max_time": 30.0,
    "initial_bound_residual": 1e-08,
    "initial_upper_bound": "fully_observable",
    "kappa": 0.5,
    "max_steps": 1000000,
    "max_time": 500.0,
    "precision": 0.01,
    "prune_threshold": 0.1,
    "search_epsilon": 0.01,
    "use_binning": true
  },
  "training": {
    "alpha_count": 7,
    "belief_count": 6622603,
    "elapsed_seconds": 550.2344620227814,
    "history": [
      {
        "elapsed_seconds": 1.3113021850585938e-05,
        "initial_gap": 10151.685969110493,
        "initial_lower_objective": -10099.999999999984,
        "initial_upper_objective": 51.68596911050958,
        "iteration": 0,
        "root_gap": 10050.169109419388,
        "root_lower": -9998.999999999984,
        "root_upper": 51.169109419404485
      },
      {
        "elapsed_seconds": 0.00045609474182128906,
        "initial_gap": 26.711134436216597,
        "initial_lower_objective": 24.974834674292985,
        "initial_upper_objective": 51.68596911050958,
        "iteration": 1,
        "root_gap": 26.44402309185443,
        "root_lower": 24.725086327550056,
        "root_upper": 51.169109419404485
      },
      {
        "elapsed_seconds": 2.162029981613159,
        "initial_gap": 22.503831405632983,
        "initial_lower_objective": 29.1821377048766,
        "initial_upper_objective": 51.68596911050958,
        "iteration": 2,
        "root_gap": 22.278793091576652,
        "root_lower": 28.890316327827833,
        "root_upper": 51.169109419404485
      },
      {
        "elapsed_seconds": 8.361347198486328,
        "initial_gap": 20.577907239927626,
        "initial_lower_objective": 31.094283754397864,
        "initial_upper_objective": 51.67219099432549,
        "iteration": 3,
        "root_gap": 20.37212816752835,
        "root_lower": 30.783340916853884,
        "root_upper": 51.15546908438223
      },
      {
        "elapsed_seconds": 19.684184074401855,
        "initial_gap": 15.120833669649253,
        "initial_lower_objective": 36.521873520071615,
        "initial_upper_objective": 51.64270718972087,
        "iteration": 4,
        "root_gap": 14.96962533295276,
        "root_lower": 36.1566547848709,
        "root_upper": 51.12628011782366
      },
      {
        "elapsed_seconds": 37.48904204368591,
        "initial_gap": 14.894647286475214,
        "initial_lower_objective": 36.72614091290748,
        "initial_upper_objective": 51.620788199382694,
        "iteration": 5,
        "root_gap": 14.745700813610462,
        "root_lower": 36.358879503778404,
        "root_upper": 51.104580317388866
      },
      {
        "elapsed_seconds": 59.17538118362427,
        "initial_gap": 14.097393957597493,
        "initial_lower_objective": 37.49626063711471,
        "initial_upper_objective": 51.5936545947122,
        "iteration": 6,
        "root_gap": 13.956420018021518,
        "root_lower": 37.12129803074356,
        "root_upper": 51.07771804876508
      },
      {
        "elapsed_seconds": 82.24340105056763,
        "initial_gap": 13.066089858094662,
        "initial_lower_objective": 38.50407377516856,
        "initial_upper_objective": 51.57016363326321,
        "iteration": 7,
        "root_gap": 12.935428959513715,
        "root_lower": 38.11903303741687,
        "root_upper": 51.054461996930584
      },
      {
        "elapsed_seconds": 100.70065498352051,
        "initial_gap": 12.365970669000152,
        "initial_lower_objective": 39.200291284542644,
        "initial_upper_objective": 51.56626195354279,
        "iteration": 8,
        "root_gap": 12.24231096231015,
        "root_lower": 38.808288371697216,
        "root_upper": 51.050599334007366
      },
      {
        "elapsed_seconds": 128.85674619674683,
        "initial_gap": 11.86342415279771,
        "initial_lower_objective": 39.68939605435487,
        "initial_upper_objective": 51.552820207152585,
        "iteration": 9,
        "root_gap": 11.744789911269734,
        "root_lower": 39.29250209381132,
        "root_upper": 51.037292005081056
      },
      {
        "elapsed_seconds": 160.30215406417847,
        "initial_gap": 11.167366105258955,
        "initial_lower_objective": 40.384375780660605,
        "initial_upper_objective": 51.55174188591956,
        "iteration": 10,
        "root_gap": 11.055692444206365,
        "root_lower": 39.980532022854,
        "root_upper": 51.036224467060364
      },
      {
        "elapsed_seconds": 197.03562211990356,
        "initial_gap": 10.161337355552565,
        "initial_lower_objective": 41.39040453036699,
        "initial_upper_objective": 51.55174188591956,
        "iteration": 11,
        "root_gap": 10.059723981997038,
        "root_lower": 40.976500485063326,
        "root_upper": 51.036224467060364
      },
      {
        "elapsed_seconds": 248.99922513961792,
        "initial_gap": 10.047399791344372,
        "initial_lower_objective": 41.50346292367851,
        "initial_upper_objective": 51.55086271502289,
        "iteration": 12,
        "root_gap": 9.946925793430928,
        "root_lower": 41.08842829444173,
        "root_upper": 51.035354087872655
      },
      {
        "elapsed_seconds": 304.88737416267395,
        "initial_gap": 9.718300790750513,
        "initial_lower_objective": 41.83247627329124,
        "initial_upper_objective": 51.55077706404175,
        "iteration": 13,
        "root_gap": 9.621117782843008,
        "root_lower": 41.41415151055833,
        "root_upper": 51.035269293401335
      },
      {
        "elapsed_seconds": 366.23908615112305,
        "initial_gap": 7.9454192727677615,
        "initial_lower_objective": 43.59800429181988,
        "initial_upper_objective": 51.54342356458765,
        "iteration": 14,