{
  "horizon": 95,
  "lower_objective": 2.2697422851585842,
  "lower_values": [
    2.1932914200773417,
    2.1932914200773417,
    2.5086151795632783,
    2.5086151795632783,
    2.1932914200773417,
    2.0213490915929238
  ],
  "method": "deterministic_joint_state_belief_propagation",
  "objective_estimate": 2.269977315911331,
  "status": "ok",
  "tail_interval_width": 0.00047006150549311343,
  "total_belief_nodes": 45341,
  "upper_objective": 2.2702123466640773,
  "upper_values": [
    2.193761481582834,
    2.193761481582834,
    2.5090852410687723,
    2.5090852410687723,
    2.193761481582834,
    2.0218191530984178
  ]
}