{
  "horizon": 95,
  "lower_objective": 2.5129432612277993,
  "lower_values": [
    2.5584754057814814,
    2.5584754057814814,
    2.5584754057814814,
    2.7790479144427636,
    2.2972327374947663,
    2.325952698084822
  ],
  "method": "deterministic_joint_state_belief_propagation",
  "objective_estimate": 2.513178291980546,
  "status": "same_as_normal_no_violations",
  "tail_interval_width": 0.00047006150549266934,
  "total_belief_nodes": 68102,
  "unrestricted_upper_minus_restricted_lower": 0.03450451591890946,
  "upper_objective": 2.513413322733292,
  "upper_values": [
    2.5589454672869745,
    2.5589454672869745,
    2.5589454672869745,
    2.7795179759482562,
    2.297702799000259,
    2.3264227595903155
  ]
}