{
  "horizon": 95,
  "lower_objective": 1.9801589757806368,
  "lower_values": [
    2.296598320876875,
    3.107208292575783,
    2.0035308408376724,
    1.2350427797779093,
    1.2350427797779093,
    2.0035308408376724
  ],
  "method": "deterministic_joint_state_belief_propagation",
  "objective_estimate": 1.9803940065333834,
  "status": "ok",
  "tail_interval_width": 0.0004700615054928914,
  "total_belief_nodes": 77599,
  "unrestricted_upper_minus_restricted_lower": 0.03268508380395185,
  "upper_objective": 1.9806290372861297,
  "upper_values": [
    2.297068382382368,
    3.1076783540812767,
    2.004000902343164,
    1.2355128412834033,
    1.2355128412834033,
    2.004000902343164
  ]
}