{
  "alpha_vector_count": 20,
  "analysis_discounted_tail_bound": 9.67774912024056e-09,
  "analysis_horizon": 197,
  "analysis_total_belief_nodes": 50257,
  "beta": 0.05,
  "candidate_index": 32,
  "discounted_transmission_occupancy": 1.3782595007747536,
  "epsilon": 0.08,
  "epsilon_index": 7,
  "gamma": 0.9,
  "index": 327,
  "margin": -0.6124000000000002,
  "margin_region": "m<0",
  "mdp_seed": 1755395082,
  "normal_minus_restricted_lower": -0.00046313467131331443,
  "normal_minus_restricted_upper": 0.0004769883396738006,
  "normal_minus_restricted_value": 6.9268341800210464e-06,
  "normal_policy_horizon": 95,
  "normal_policy_interval_width": 0.00047006150549422365,
  "normal_policy_lower_bound": 1.9801659026148164,
  "normal_policy_total_belief_nodes": 77599,
  "normal_policy_upper_bound": 1.9806359641203106,
  "normal_policy_value": 1.9804009333675634,
  "point_id": "seed_1755395082_e07",
  "restricted_policy_horizon": 95,
  "restricted_policy_interval_width": 0.0004700615054928914,
  "restricted_policy_lower_bound": 1.9801589757806368,
  "restricted_policy_status": "ok",
  "restricted_policy_total_belief_nodes": 77599,
  "restricted_policy_upper_bound": 1.9806290372861297,
  "restricted_policy_value": 1.9803940065333834,
  "reused_solver_checkpoint": false,
  "root_gap": 0.03257000388402339,
  "sampled_belief_count": 6989221,
  "sarsop_gap": 0.032570003884023535,
  "sarsop_gap_within_acceptance_threshold": true,
  "sarsop_lower_bound": 1.9802740557005651,
  "sarsop_upper_bound": 2.0128440595845887,
  "solver_elapsed_seconds": 600.282881975174,
  "solver_iterations": 425,
  "solver_stop_reason": "max_time",
  "status": "ok",
  "violation_count": 1,
  "violation_discounted_event_occupancy": 7.606485483137194e-05,
  "violation_first_depth_max": 16,
  "violation_first_depth_min": 16
}