{
  "action_encoding": {
    "formula": "action = prescription_index * n_receiver_actions + receiver_action",
    "solver_jpo_action_offset": 1,
    "state_zero_bit": "most_significant"
  },
  "bounds": {
    "gap": 0.008442147732375282,
    "lower_objective": 5.117625029332202,
    "lower_values": [
      5.293047645755204,
      4.940232296522785,
      5.2929657889452475,
      5.293047645755204,
      5.2929657889452475,
      4.593491010069527
    ],
    "root_gap": 0.00852374706837781,
    "root_lower_objective": 5.117625029332202,
    "root_upper_objective": 5.126148776400579,
    "upper_objective": 5.126067177064577,
    "upper_values": [
      5.29993480115939,
      4.952455656691788,
      5.30245228753504,
      5.2997114086996655,
      5.299647287114601,
      4.60220162118698
    ]
  },
  "initialization": {
    "initial_beliefs": [
      [
        1.0,
        0.0,
        0.0,
        0.0,
        0.0,
        0.0
      ],
      [
        0.0,
        1.0,
        0.0,
        0.0,
        0.0,
        0.0
      ],
      [
        0.0,
        0.0,
        1.0,
        0.0,
        0.0,
        0.0
      ],
      [
        0.0,
        0.0,
        0.0,
        1.0,
        0.0,
        0.0
      ],
      [
        0.0,
        0.0,
        0.0,
        0.0,
        1.0,
        0.0
      ],
      [
        0.0,
        0.0,
        0.0,
        0.0,
        0.0,
        1.0
      ]
    ],
    "initial_weights": [
      0.16666666666666666,
      0.16666666666666666,
      0.16666666666666666,
      0.16666666666666666,
      0.16666666666666666,
      0.16666666666666666
    ],
    "kind": "single synthetic root revealing a uniformly sampled physical state",
    "root_value_scale": "V_root / gamma, gamma=0.9"
  },
  "model": {
    "beta": 0.0,
    "epsilon": 0.01,
    "gamma": 0.9,
    "mdp_density": 0.5,
    "mdp_seed": 1111,
    "mdp_sha256": "580f9fa806b22e34e0f0d1010a1012409199158e69e3f71c129e1c5119fb8d6a",
    "n_jpo_actions": 128,
    "n_prescriptions": 64,
    "n_receiver_actions": 2,
    "n_states": 6
  },
  "runtime": {
    "julia": "1.12.6",
    "native_sarsop": "0.1.4",
    "pomdp_tools": "1.1.0",
    "pomdps": "1.0.0"
  },
  "solver": {
    "delta": 0.0001,
    "export_beliefs": false,
    "initial_bound_max_time": 30.0,
    "initial_bound_residual": 1e-08,
    "initial_upper_bound": "fully_observable",
    "kappa": 0.5,
    "max_steps": 1000000,
    "max_time": 500.0,
    "precision": 0.01,
    "prune_threshold": 0.1,
    "search_epsilon": 0.01,
    "use_binning": true
  },
  "training": {
    "alpha_count": 8,
    "belief_count": 617653,
    "elapsed_seconds": 3.1877939701080322,
    "history": [
      {
        "elapsed_seconds": 1.5020370483398438e-05,
        "initial_gap": 115.12945975387242,
        "initial_lower_objective": -110.00000000000004,
        "initial_upper_objective": 5.129459753872374,
        "iteration": 0,
        "root_gap": 103.61651377848519,
        "root_lower": -99.00000000000004,
        "root_upper": 4.616513778485137
      },
      {
        "elapsed_seconds": 0.007827997207641602,
        "initial_gap": 1.4630443396153225,
        "initial_lower_objective": 3.666415414257052,
        "initial_upper_objective": 5.129459753872374,
        "iteration": 1,
        "root_gap": 1.3167399056537903,
        "root_lower": 3.299773872831347,
        "root_upper": 4.616513778485137
      },
      {
        "elapsed_seconds": 0.04037308692932129,
        "initial_gap": 0.8690514912071186,
        "initial_lower_objective": 4.260408259131138,
        "initial_upper_objective": 5.129459750338256,
        "iteration": 2,
        "root_gap": 0.7821463420864068,
        "root_lower": 3.834367433218024,
        "root_upper": 4.616513775304431
      },
      {
        "elapsed_seconds": 0.07748103141784668,
        "initial_gap": 0.6040306769040892,
        "initial_lower_objective": 4.524816833124888,
        "initial_upper_objective": 5.128847510028977,
        "iteration": 3,
        "root_gap": 0.5436276092136803,
        "root_lower": 4.072335149812399,
        "root_upper": 4.615962759026079
      },
      {
        "elapsed_seconds": 0.13721799850463867,
        "initial_gap": 0.5471261789947314,
        "initial_lower_objective": 4.581656670171069,
        "initial_upper_objective": 5.1287828491658,
        "iteration": 4,
        "root_gap": 0.49241356109525825,
        "root_lower": 4.123491003153962,
        "root_upper": 4.61590456424922
      },
      {
        "elapsed_seconds": 0.20889997482299805,
        "initial_gap": 0.32876842917298726,
        "initial_lower_objective": 4.799644231791732,
        "initial_upper_objective": 5.128412660964719,
        "iteration": 5,
        "root_gap": 0.29589158625568857,
        "root_lower": 4.319679808612559,
        "root_upper": 4.6155713948682475
      },
      {
        "elapsed_seconds": 0.28293609619140625,
        "initial_gap": 0.22904890360719754,
        "initial_lower_objective": 4.898645266770945,
        "initial_upper_objective": 5.127694170378143,
        "iteration": 6,
        "root_gap": 0.2061440132464778,
        "root_lower": 4.40878074009385,
        "root_upper": 4.614924753340328
      },
      {
        "elapsed_seconds": 0.41249513626098633,
        "initial_gap": 0.20079813981223518,
        "initial_lower_objective": 4.926816263017446,
        "initial_upper_objective": 5.12761440282968,
        "iteration": 7,
        "root_gap": 0.18071832583101166,
        "root_lower": 4.434134636715701,
        "root_upper": 4.6148529625467125
      },
      {
        "elapsed_seconds": 0.500546932220459,
        "initial_gap": 0.12549008800635697,
        "initial_lower_objective": 5.001981962555937,
        "initial_upper_objective": 5.127472050562294,
        "iteration": 8,
        "root_gap": 0.11294107920572127,
        "root_lower": 4.501783766300344,
        "root_upper": 4.614724845506065
      },
      {
        "elapsed_seconds": 0.8331871032714844,
        "initial_gap": 0.09070308682026863,
        "initial_lower_objective": 5.036515073347889,
        "initial_upper_objective": 5.127218160168158,
        "iteration": 9,
        "root_gap": 0.08163277813824177,
        "root_lower": 4.5328635660131,
        "root_upper": 4.614496344151342
      },
      {
        "elapsed_seconds": 1.0372600555419922,
        "initial_gap": 0.0667268482814344,
        "initial_lower_objective": 5.060133127489894,
        "initial_upper_objective": 5.126859975771327,
        "iteration": 10,
        "root_gap": 0.060054163453290954,
        "root_lower": 4.554119814740904,
        "root_upper": 4.614173978194195
      },
      {
        "elapsed_seconds": 1.1803500652313232,
        "initial_gap": 0.05855576883446092,
        "initial_lower_objective": 5.068297834232284,
        "initial_upper_objective": 5.1268536030667455,
        "iteration": 11,
        "root_gap": 0.05270019195101483,
        "root_lower": 4.561468050809056,
        "root_upper": 4.614168242760071
      },
      {
        "elapsed_seconds": 1.403676986694336,
        "initial_gap": 0.03713131245592965,
        "initial_lower_objective": 5.0897222906108155,
        "initial_upper_objective": 5.1268536030667455,
        "iteration": 12,
        "root_gap": 0.033418181210336684,
        "root_lower": 4.580750061549734,
        "root_upper": 4.614168242760071
      },
      {
        "elapsed_seconds": 1.413059949874878,
        "initial_gap": 0.03559954736629795,
        "initial_lower_objective": 5.091006215382134,
        "initial_upper_objective": 5.126605762748432,
        "iteration": 13,
        "root_gap": 0.03203959262966816,
        "root_lower": 4.581905593843921,
        "root_upper": 4.613945186473589
      },
      {
        "elapsed_seconds": 1.4199490547180176,
        "initial_gap": 0.03557481243500761,
        "initial_lower_objective": 5.091030950313424,
        "initial_upper_objective": 5.126605762748432,
        "iteration": 14,