{
  "alpha_vector_count": 9,
  "analysis_discounted_tail_bound": 9.67774912024056e-09,
  "analysis_horizon": 197,
  "analysis_total_belief_nodes": 54585,
  "beta": 0.05,
  "candidate_index": 8,
  "discounted_transmission_occupancy": 1.9609694081964992,
  "epsilon": 0.09000000000000001,
  "epsilon_index": 8,
  "gamma": 0.9,
  "index": 88,
  "margin": -0.6871000000000003,
  "margin_region": "m<0",
  "mdp_seed": 826965060,
  "normal_minus_restricted_lower": 0.02724933773745919,
  "normal_minus_restricted_upper": 0.02818946074844586,
  "normal_minus_restricted_value": 0.027719399242952747,
  "normal_policy_horizon": 95,
  "normal_policy_interval_width": 0.0004700615054940016,
  "normal_policy_lower_bound": 2.638034934290877,
  "normal_policy_total_belief_nodes": 120221,
  "normal_policy_upper_bound": 2.638504995796371,
  "normal_policy_value": 2.638269965043624,
  "point_id": "seed_826965060_e08",
  "restricted_policy_horizon": 95,
  "restricted_policy_interval_width": 0.00047006150549266934,
  "restricted_policy_lower_bound": 2.610315535047925,
  "restricted_policy_status": "ok",
  "restricted_policy_total_belief_nodes": 121015,
  "restricted_policy_upper_bound": 2.6107855965534177,
  "restricted_policy_value": 2.610550565800671,
  "reused_solver_checkpoint": false,
  "root_gap": 0.044622548978841235,
  "sampled_belief_count": 6560296,
  "sarsop_gap": 0.044568046498167924,
  "sarsop_gap_within_acceptance_threshold": true,
  "sarsop_lower_bound": 2.638179257880207,
  "sarsop_upper_bound": 2.682747304378375,
  "solver_elapsed_seconds": 601.3228530883789,
  "solver_iterations": 355,
  "solver_stop_reason": "max_time",
  "status": "ok",
  "violation_count": 78,
  "violation_discounted_event_occupancy": 0.32938528114783083,
  "violation_first_depth_max": 75,
  "violation_first_depth_min": 0
}