{
  "action_encoding": {
    "formula": "action = prescription_index * n_receiver_actions + receiver_action",
    "solver_jpo_action_offset": 1,
    "state_zero_bit": "most_significant"
  },
  "bounds": {
    "gap": 0.06705633224589969,
    "lower_objective": 2.4384635627501163,
    "lower_values": [
      2.3040406517558,
      2.3059314602009455,
      2.70447360393934,
      2.3059314602009455,
      2.70447360393934,
      2.3059305964643277
    ],
    "root_gap": 0.06712826846147626,
    "root_lower_objective": 2.4384635627501163,
    "root_upper_objective": 2.5055918312115923,
    "upper_objective": 2.505519894996016,
    "upper_values": [
      2.374184559350509,
      2.374192679681337,
      2.7718479706576113,
      2.374192679681337,
      2.7718479706576113,
      2.366853509947692
    ]
  },
  "initialization": {
    "initial_beliefs": [
      [
        1.0,
        0.0,
        0.0,
        0.0,
        0.0,
        0.0
      ],
      [
        0.0,
        1.0,
        0.0,
        0.0,
        0.0,
        0.0
      ],
      [
        0.0,
        0.0,
        1.0,
        0.0,
        0.0,
        0.0
      ],
      [
        0.0,
        0.0,
        0.0,
        1.0,
        0.0,
        0.0
      ],
      [
        0.0,
        0.0,
        0.0,
        0.0,
        1.0,
        0.0
      ],
      [
        0.0,
        0.0,
        0.0,
        0.0,
        0.0,
        1.0
      ]
    ],
    "initial_weights": [
      0.16666666666666666,
      0.16666666666666666,
      0.16666666666666666,
      0.16666666666666666,
      0.16666666666666666,
      0.16666666666666666
    ],
    "kind": "single synthetic root revealing a uniformly sampled physical state",
    "root_value_scale": "V_root / gamma, gamma=0.9"
  },
  "model": {
    "beta": 0.05,
    "epsilon": 0.04000000000000001,
    "gamma": 0.9,
    "mdp_density": 0.5,
    "mdp_seed": 1118213962,
    "mdp_sha256": "4ea32afc1cc1473004fb70ba5954e68bef2ca0f208c3792b02b17ec6a1eb2a45",
    "n_jpo_actions": 128,
    "n_prescriptions": 64,
    "n_receiver_actions": 2,
    "n_states": 6
  },
  "runtime": {
    "julia": "1.12.6",
    "native_sarsop": "0.1.4",
    "pomdp_tools": "1.1.0",
    "pomdps": "1.0.0"
  },
  "solver": {
    "delta": 0.0001,
    "export_beliefs": false,
    "initial_bound_max_time": 30.0,
    "initial_bound_residual": 1e-08,
    "initial_upper_bound": "fully_observable",
    "kappa": 0.5,
    "max_steps": 1000000,
    "max_time": 600.0,
    "precision": 0.01,
    "prune_threshold": 0.1,
    "search_epsilon": 0.01,
    "use_binning": true
  },
  "training": {
    "alpha_count": 5,
    "belief_count": 628489,
    "elapsed_seconds": 1021.9642698764801,
    "history": [
      {
        "elapsed_seconds": 1.6927719116210938e-05,
        "initial_gap": 112.51238263816876,
        "initial_lower_objective": -110.00000000000004,
        "initial_upper_objective": 2.5123826381687215,
        "iteration": 0,
        "root_gap": 101.26114437435189,
        "root_lower": -99.00000000000004,
        "root_upper": 2.2611443743518493
      },
      {
        "elapsed_seconds": 0.033087968826293945,
        "initial_gap": 0.13875916274225167,
        "initial_lower_objective": 2.3736234754264696,
        "initial_upper_objective": 2.5123826381687215,
        "iteration": 1,
        "root_gap": 0.12488324646802651,
        "root_lower": 2.136261127883823,
        "root_upper": 2.2611443743518493
      },
      {
        "elapsed_seconds": 0.0585169792175293,
        "initial_gap": 0.09717637058652201,
        "initial_lower_objective": 2.4152062675821995,
        "initial_upper_objective": 2.5123826381687215,
        "iteration": 2,
        "root_gap": 0.08745873352786981,
        "root_lower": 2.1736856408239795,
        "root_upper": 2.2611443743518493
      },
      {
        "elapsed_seconds": 0.06374406814575195,
        "initial_gap": 0.09041302476639096,
        "initial_lower_objective": 2.421969610414671,
        "initial_upper_objective": 2.512382635181062,
        "iteration": 3,
        "root_gap": 0.08137172228975187,
        "root_lower": 2.179772649373204,
        "root_upper": 2.261144371662956
      },
      {
        "elapsed_seconds": 0.06610608100891113,
        "initial_gap": 0.088802610555023,
        "initial_lower_objective": 2.4235800213983762,
        "initial_upper_objective": 2.5123826319533995,
        "iteration": 4,
        "root_gap": 0.0799223494995207,
        "root_lower": 2.1812220192585388,
        "root_upper": 2.2611443687580595
      },
      {
        "elapsed_seconds": 0.06925797462463379,
        "initial_gap": 0.08785919293584903,
        "initial_lower_objective": 2.4245234390175505,
        "initial_upper_objective": 2.5123826319533995,
        "iteration": 5,
        "root_gap": 0.07907327364226413,
        "root_lower": 2.1820710951157953,
        "root_upper": 2.2611443687580595
      },
      {
        "elapsed_seconds": 0.07169389724731445,
        "initial_gap": 0.08755844196930478,
        "initial_lower_objective": 2.4248241899840948,
        "initial_upper_objective": 2.5123826319533995,
        "iteration": 6,
        "root_gap": 0.0788025977723743,
        "root_lower": 2.182341770985685,
        "root_upper": 2.2611443687580595
      },
      {
        "elapsed_seconds": 0.07979202270507812,
        "initial_gap": 0.08734054231725599,
        "initial_lower_objective": 2.4250420896361433,
        "initial_upper_objective": 2.5123826319533995,
        "iteration": 7,
        "root_gap": 0.07860648808553039,
        "root_lower": 2.182537880672529,
        "root_upper": 2.2611443687580595
      },
      {
        "elapsed_seconds": 0.08640098571777344,
        "initial_gap": 0.08729318532327784,
        "initial_lower_objective": 2.4250894466301216,
        "initial_upper_objective": 2.5123826319533995,
        "iteration": 8,
        "root_gap": 0.07856386679095007,
        "root_lower": 2.1825805019671094,
        "root_upper": 2.2611443687580595
      },
      {
        "elapsed_seconds": 0.0931251049041748,
        "initial_gap": 0.08727655118908927,
        "initial_lower_objective": 2.42510608076431,
        "initial_upper_objective": 2.5123826319533995,
        "iteration": 9,
        "root_gap": 0.07854889607018034,
        "root_lower": 2.182595472687879,
        "root_upper": 2.2611443687580595
      },
      {
        "elapsed_seconds": 0.10155105590820312,
        "initial_gap": 0.08727388352317739,
        "initial_lower_objective": 2.425108748430222,
        "initial_upper_objective": 2.5123826319533995,
        "iteration": 10,
        "root_gap": 0.07854649517085965,
        "root_lower": 2.1825978735872,
        "root_upper": 2.2611443687580595
      },
      {
        "elapsed_seconds": 0.17613887786865234,
        "initial_gap": 0.07936056358550313,
        "initial_lower_objective": 2.433022068367896,
        "initial_upper_objective": 2.5123826319533995,
        "iteration": 11,
        "root_gap": 0.07142450722695282,
        "root_lower": 2.1897198615311066,
        "root_upper": 2.2611443687580595
      },
      {
        "elapsed_seconds": 0.27860188484191895,
        "initial_gap": 0.0760328845242084,
        "initial_lower_objective": 2.435010461714905,
        "initial_upper_objective": 2.5110433462391137,
        "iteration": 12,
        "root_gap": 0.06842959607178756,
        "root_lower": 2.1915094155434147,
        "root_upper": 2.2599390116152023
      },
      {
        "elapsed_seconds": 0.42031097412109375,
        "initial_gap": 0.07517842317410582,
        "initial_lower_objective": 2.435090047249507,
        "initial_upper_objective": 2.510268470423613,
        "iteration": 13,
        "root_gap": 0.06766058085669524,
        "root_lower": 2.1915810425245565,
        "root_upper": 2.259241623381252
      },
      {
        "elapsed_seconds": 0.5793750286102295,
        "initial_gap": 0.0730642616343275,
        "initial_lower_objective": 2.4350900472594987,