{
  "horizon": 95,
  "lower_objective": 1.8640371842737293,
  "lower_values": [
    1.8836598082149887,
    2.2225164835913667,
    1.8718510784743023,
    1.7353985784539063,
    1.7353985784539063,
    1.7353985784539063
  ],
  "method": "deterministic_joint_state_belief_propagation",
  "objective_estimate": 1.8642722150264928,
  "status": "ok",
  "tail_interval_width": 0.0004700615055268642,
  "total_belief_nodes": 28061,
  "upper_objective": 1.8645072457792562,
  "upper_values": [
    1.8841298697205817,
    2.2229865450968593,
    1.8723211399799,
    1.735868639959399,
    1.735868639959399,
    1.735868639959399
  ]
}