{
  "action_encoding": {
    "formula": "action = prescription_index * n_receiver_actions + receiver_action",
    "solver_jpo_action_offset": 1,
    "state_zero_bit": "most_significant"
  },
  "bounds": {
    "gap": 4.020175580891404,
    "lower_objective": 47.36867325732811,
    "lower_values": [
      47.53990853866806,
      47.20400950622506,
      47.53617955108172,
      47.53990853866806,
      47.53617955108172,
      46.85585385824408
    ],
    "root_gap": 4.028261570478968,
    "root_lower_objective": 47.36867325732811,
    "root_upper_objective": 51.39693482780708,
    "upper_objective": 51.388848838219516,
    "upper_values": [
      51.537085983819594,
      51.32003959054435,
      51.61022351080969,
      51.537085983819594,
      51.476845264471145,
      50.851812695852736
    ]
  },
  "initialization": {
    "initial_beliefs": [
      [
        1.0,
        0.0,
        0.0,
        0.0,
        0.0,
        0.0
      ],
      [
        0.0,
        1.0,
        0.0,
        0.0,
        0.0,
        0.0
      ],
      [
        0.0,
        0.0,
        1.0,
        0.0,
        0.0,
        0.0
      ],
      [
        0.0,
        0.0,
        0.0,
        1.0,
        0.0,
        0.0
      ],
      [
        0.0,
        0.0,
        0.0,
        0.0,
        1.0,
        0.0
      ],
      [
        0.0,
        0.0,
        0.0,
        0.0,
        0.0,
        1.0
      ]
    ],
    "initial_weights": [
      0.16666666666666666,
      0.16666666666666666,
      0.16666666666666666,
      0.16666666666666666,
      0.16666666666666666,
      0.16666666666666666
    ],
    "kind": "single synthetic root revealing a uniformly sampled physical state",
    "root_value_scale": "V_root / gamma, gamma=0.99"
  },
  "model": {
    "beta": 0.1,
    "epsilon": 0.01,
    "gamma": 0.99,
    "mdp_density": 0.5,
    "mdp_seed": 1111,
    "mdp_sha256": "580f9fa806b22e34e0f0d1010a1012409199158e69e3f71c129e1c5119fb8d6a",
    "n_jpo_actions": 128,
    "n_prescriptions": 64,
    "n_receiver_actions": 2,
    "n_states": 6
  },
  "runtime": {
    "julia": "1.12.6",
    "native_sarsop": "0.1.4",
    "pomdp_tools": "1.1.0",
    "pomdps": "1.0.0"
  },
  "solver": {
    "delta": 0.0001,
    "export_beliefs": false,
    "initial_bound_max_time": 30.0,
    "initial_bound_residual": 1e-08,
    "initial_upper_bound": "fully_observable",
    "kappa": 0.5,
    "max_steps": 1000000,
    "max_time": 500.0,
    "precision": 0.01,
    "prune_threshold": 0.1,
    "search_epsilon": 0.01,
    "use_binning": true
  },
  "training": {
    "alpha_count": 6,
    "belief_count": 8265160,
    "elapsed_seconds": 540.870619058609,
    "history": [
      {
        "elapsed_seconds": 5.9604644775390625e-06,
        "initial_gap": 10151.685969110493,
        "initial_lower_objective": -10099.999999999984,
        "initial_upper_objective": 51.68596911050958,
        "iteration": 0,
        "root_gap": 10050.169109419388,
        "root_lower": -9998.999999999984,
        "root_upper": 51.169109419404485
      },
      {
        "elapsed_seconds": 0.00019097328186035156,
        "initial_gap": 26.711134436216597,
        "initial_lower_objective": 24.974834674292985,
        "initial_upper_objective": 51.68596911050958,
        "iteration": 1,
        "root_gap": 26.44402309185443,
        "root_lower": 24.725086327550056,
        "root_upper": 51.169109419404485
      },
      {
        "elapsed_seconds": 0.9398331642150879,
        "initial_gap": 20.15788095036407,
        "initial_lower_objective": 31.52808816014551,
        "initial_upper_objective": 51.68596911050958,
        "iteration": 2,
        "root_gap": 19.95630214086043,
        "root_lower": 31.212807278544055,
        "root_upper": 51.169109419404485
      },
      {
        "elapsed_seconds": 3.5066280364990234,
        "initial_gap": 19.26022676475855,
        "initial_lower_objective": 32.41092155741124,
        "initial_upper_objective": 51.67114832216979,
        "iteration": 3,
        "root_gap": 19.067624497110963,
        "root_lower": 32.08681234183713,
        "root_upper": 51.154436838948094
      },
      {
        "elapsed_seconds": 9.302000045776367,
        "initial_gap": 15.01186926295647,
        "initial_lower_objective": 36.62376180531858,
        "initial_upper_objective": 51.63563106827505,
        "iteration": 4,
        "root_gap": 14.861750570326905,
        "root_lower": 36.257524187265396,
        "root_upper": 51.1192747575923
      },
      {
        "elapsed_seconds": 16.571542024612427,
        "initial_gap": 14.783812253237203,
        "initial_lower_objective": 36.822550717823034,
        "initial_upper_objective": 51.606362971060236,
        "iteration": 5,
        "root_gap": 14.635974130704831,
        "root_lower": 36.454325210644804,
        "root_upper": 51.090299341349635
      },
      {
        "elapsed_seconds": 23.62801194190979,
        "initial_gap": 13.696251844853414,
        "initial_lower_objective": 37.89664554365993,
        "initial_upper_objective": 51.59289738851334,
        "iteration": 6,
        "root_gap": 13.55928932640488,
        "root_lower": 37.51767908822333,
        "root_upper": 51.07696841462821
      },
      {
        "elapsed_seconds": 34.51926898956299,
        "initial_gap": 13.13703597296991,
        "initial_lower_objective": 38.455769250489375,
        "initial_upper_objective": 51.59280522345929,
        "iteration": 7,
        "root_gap": 13.005665613240211,
        "root_lower": 38.07121155798448,
        "root_upper": 51.076877171224695
      },
      {
        "elapsed_seconds": 45.436522006988525,
        "initial_gap": 12.953173725493887,
        "initial_lower_objective": 38.633897375711776,
        "initial_upper_objective": 51.58707110120566,
        "iteration": 8,
        "root_gap": 12.823641988238947,
        "root_lower": 38.247558401954656,
        "root_upper": 51.0712003901936
      },
      {
        "elapsed_seconds": 57.687159061431885,
        "initial_gap": 12.187766341781055,
        "initial_lower_objective": 39.39815132400923,
        "initial_upper_objective": 51.585917665790284,
        "iteration": 9,
        "root_gap": 12.065888678363244,
        "root_lower": 39.004169810769135,
        "root_upper": 51.07005848913238
      },
      {
        "elapsed_seconds": 82.36242198944092,
        "initial_gap": 9.255024561330252,
        "initial_lower_objective": 42.3146045095865,
        "initial_upper_objective": 51.569629070916754,
        "iteration": 10,
        "root_gap": 9.162474315716949,
        "root_lower": 41.89145846449064,
        "root_upper": 51.05393278020759
      },
      {
        "elapsed_seconds": 106.17797017097473,
        "initial_gap": 8.330540926101126,
        "initial_lower_objective": 43.20634341982192,
        "initial_upper_objective": 51.53688434592304,
        "iteration": 11,
        "root_gap": 8.247235516840114,
        "root_lower": 42.7742799856237,
        "root_upper": 51.021515502463814
      },
      {
        "elapsed_seconds": 135.4841501712799,
        "initial_gap": 8.019157163137127,
        "initial_lower_objective": 43.47555893816589,
        "initial_upper_objective": 51.49471610130302,
        "iteration": 12,
        "root_gap": 7.938965591505756,
        "root_lower": 43.04080334878423,
        "root_upper": 50.979768940289986
      },
      {
        "elapsed_seconds": 154.0795509815216,
        "initial_gap": 7.119602855073515,
        "initial_lower_objective": 44.35842309065727,
        "initial_upper_objective": 51.478025945730785,
        "iteration": 13,
        "root_gap": 7.048406826522779,
        "root_lower": 43.914838859750695,
        "root_upper": 50.963245686273474
      },
      {
        "elapsed_seconds": 181.82194995880127,
        "initial_gap": 6.848416270356591,
        "initial_lower_objective": 44.60758522032387,
        "initial_upper_objective": 51.456001490680464,
        "iteration": 14,
        "root_gap": 6.779932107653025,