{
  "action_encoding": {
    "formula": "action = prescription_index * n_receiver_actions + receiver_action",
    "solver_jpo_action_offset": 1,
    "state_zero_bit": "most_significant"
  },
  "bounds": {
    "gap": 0.009859873235811278,
    "lower_objective": 5.068851450657659,
    "lower_values": [
      5.245005796938494,
      4.883452655957233,
      5.244989879853785,
      5.245005796938494,
      5.244989879853785,
      4.549664694404169
    ],
    "root_gap": 0.009936701828658911,
    "root_lower_objective": 5.06885145065766,
    "root_upper_objective": 5.078788152486319,
    "upper_objective": 5.0787113238934705,
    "upper_values": [
      5.254199036395491,
      4.895501111972986,
      5.254437231210612,
      5.254251032427405,
      5.254192331490976,
      4.5596871998633555
    ]
  },
  "initialization": {
    "initial_beliefs": [
      [
        1.0,
        0.0,
        0.0,
        0.0,
        0.0,
        0.0
      ],
      [
        0.0,
        1.0,
        0.0,
        0.0,
        0.0,
        0.0
      ],
      [
        0.0,
        0.0,
        1.0,
        0.0,
        0.0,
        0.0
      ],
      [
        0.0,
        0.0,
        0.0,
        1.0,
        0.0,
        0.0
      ],
      [
        0.0,
        0.0,
        0.0,
        0.0,
        1.0,
        0.0
      ],
      [
        0.0,
        0.0,
        0.0,
        0.0,
        0.0,
        1.0
      ]
    ],
    "initial_weights": [
      0.16666666666666666,
      0.16666666666666666,
      0.16666666666666666,
      0.16666666666666666,
      0.16666666666666666,
      0.16666666666666666
    ],
    "kind": "single synthetic root revealing a uniformly sampled physical state",
    "root_value_scale": "V_root / gamma, gamma=0.9"
  },
  "model": {
    "beta": 0.0,
    "epsilon": 0.06,
    "gamma": 0.9,
    "mdp_density": 0.5,
    "mdp_seed": 1111,
    "mdp_sha256": "580f9fa806b22e34e0f0d1010a1012409199158e69e3f71c129e1c5119fb8d6a",
    "n_jpo_actions": 128,
    "n_prescriptions": 64,
    "n_receiver_actions": 2,
    "n_states": 6
  },
  "runtime": {
    "julia": "1.12.6",
    "native_sarsop": "0.1.4",
    "pomdp_tools": "1.1.0",
    "pomdps": "1.0.0"
  },
  "solver": {
    "delta": 0.0001,
    "export_beliefs": false,
    "initial_bound_max_time": 30.0,
    "initial_bound_residual": 1e-08,
    "initial_upper_bound": "fib",
    "kappa": 0.5,
    "max_steps": 1000000,
    "max_time": 700.0,
    "precision": 0.01,
    "prune_threshold": 0.1,
    "search_epsilon": 0.01,
    "use_binning": true
  },
  "training": {
    "alpha_count": 8,
    "belief_count": 665512,
    "elapsed_seconds": 1.3078548908233643,
    "history": [
      {
        "elapsed_seconds": 9.059906005859375e-06,
        "initial_gap": 115.07909704111637,
        "initial_lower_objective": -110.00000000000004,
        "initial_upper_objective": 5.079097041116318,
        "iteration": 0,
        "root_gap": 103.57118733700473,
        "root_lower": -99.00000000000004,
        "root_upper": 4.5711873370046865
      },
      {
        "elapsed_seconds": 0.017878055572509766,
        "initial_gap": 1.4760963377665328,
        "initial_lower_objective": 3.6030007033497853,
        "initial_upper_objective": 5.079097041116318,
        "iteration": 1,
        "root_gap": 1.3284867039898796,
        "root_lower": 3.242700633014807,
        "root_upper": 4.5711873370046865
      },
      {
        "elapsed_seconds": 0.026304006576538086,
        "initial_gap": 1.029243610131788,
        "initial_lower_objective": 4.04985343098453,
        "initial_upper_objective": 5.079097041116318,
        "iteration": 2,
        "root_gap": 0.9263192491186092,
        "root_lower": 3.6448680878860773,
        "root_upper": 4.5711873370046865
      },
      {
        "elapsed_seconds": 0.061387062072753906,
        "initial_gap": 0.7497919528056619,
        "initial_lower_objective": 4.329305086937184,
        "initial_upper_objective": 5.079097039742846,
        "iteration": 3,
        "root_gap": 0.6748127575250957,
        "root_lower": 3.896374578243466,
        "root_upper": 4.5711873357685615
      },
      {
        "elapsed_seconds": 0.07761502265930176,
        "initial_gap": 0.555934259800469,
        "initial_lower_objective": 4.5231627799423775,
        "initial_upper_objective": 5.079097039742846,
        "iteration": 4,
        "root_gap": 0.500340833820422,
        "root_lower": 4.0708465019481395,
        "root_upper": 4.5711873357685615
      },
      {
        "elapsed_seconds": 0.09500694274902344,
        "initial_gap": 0.4228205141490863,
        "initial_lower_objective": 4.65627652559376,
        "initial_upper_objective": 5.079097039742846,
        "iteration": 5,
        "root_gap": 0.3805384627341777,
        "root_lower": 4.190648873034384,
        "root_upper": 4.5711873357685615
      },
      {
        "elapsed_seconds": 0.16690993309020996,
        "initial_gap": 0.31277429355073,
        "initial_lower_objective": 4.766322746192116,
        "initial_upper_objective": 5.079097039742846,
        "iteration": 6,
        "root_gap": 0.281496864195657,
        "root_lower": 4.2896904715729045,
        "root_upper": 4.5711873357685615
      },
      {
        "elapsed_seconds": 0.19994807243347168,
        "initial_gap": 0.238287090387833,
        "initial_lower_objective": 4.840689184645916,
        "initial_upper_objective": 5.078976275033749,
        "iteration": 7,
        "root_gap": 0.2144583813490497,
        "root_lower": 4.3566202661813245,
        "root_upper": 4.571078647530374
      },
      {
        "elapsed_seconds": 0.23944497108459473,
        "initial_gap": 0.17356756609800664,
        "initial_lower_objective": 4.905345994201168,
        "initial_upper_objective": 5.078913560299175,
        "iteration": 8,
        "root_gap": 0.15621080948820598,
        "root_lower": 4.414811394781052,
        "root_upper": 4.571022204269258
      },
      {
        "elapsed_seconds": 0.45833802223205566,
        "initial_gap": 0.12632929586064692,
        "initial_lower_objective": 4.952565657439536,
        "initial_upper_objective": 5.078894953300183,
        "iteration": 9,
        "root_gap": 0.11369636627458224,
        "root_lower": 4.457309091695582,
        "root_upper": 4.571005457970164
      },
      {
        "elapsed_seconds": 0.5150840282440186,
        "initial_gap": 0.11590108202018988,
        "initial_lower_objective": 4.962992841009135,
        "initial_upper_objective": 5.078893923029326,
        "iteration": 10,
        "root_gap": 0.1043109738181709,
        "root_lower": 4.466693556908222,
        "root_upper": 4.571004530726393
      },
      {
        "elapsed_seconds": 0.5789990425109863,
        "initial_gap": 0.08724594472445545,
        "initial_lower_objective": 4.9915883268143,
        "initial_upper_objective": 5.0788342715387556,
        "iteration": 11,
        "root_gap": 0.0785213502520099,
        "root_lower": 4.49242949413287,
        "root_upper": 4.57095084438488
      },
      {
        "elapsed_seconds": 0.6508359909057617,
        "initial_gap": 0.058991016529738656,
        "initial_lower_objective": 5.019831665984309,
        "initial_upper_objective": 5.078822682514048,
        "iteration": 12,
        "root_gap": 0.05309191487676479,
        "root_lower": 4.517848499385878,
        "root_upper": 4.570940414262643
      },
      {
        "elapsed_seconds": 0.7307569980621338,
        "initial_gap": 0.04363671542052453,
        "initial_lower_objective": 5.0351816575936565,
        "initial_upper_objective": 5.0788183730141805,
        "iteration": 13,
        "root_gap": 0.03927304387847208,
        "root_lower": 4.531663491834291,
        "root_upper": 4.570936535712763
      },
      {
        "elapsed_seconds": 0.8721828460693359,
        "initial_gap": 0.03573676009471091,
        "initial_lower_objective": 5.043081387243588,
        "initial_upper_objective": 5.078818147338299,
        "iteration": 14,