{
  "horizon": 95,
  "lower_objective": 4.699245245896439,
  "lower_values": [
    4.325422500272327,
    5.073067991520551,
    4.325422500272327,
    4.325422500272327,
    5.073067991520551,
    5.073067991520551
  ],
  "method": "deterministic_joint_state_belief_propagation",
  "objective_estimate": 4.699480276649185,
  "status": "same_as_normal_no_violations",
  "tail_interval_width": 0.00047006150549222525,
  "total_belief_nodes": 10200,
  "unrestricted_upper_minus_restricted_lower": 0.014100329422753077,
  "upper_objective": 4.699715307401931,
  "upper_values": [
    4.3258925617778194,
    5.073538053026042,
    4.3258925617778194,
    4.3258925617778194,
    5.073538053026042,
    5.073538053026042
  ]
}