{
  "horizon": 95,
  "lower_objective": 5.526693012646344,
  "lower_values": [
    5.296408397740428,
    5.686483446637619,
    5.686483446637619,
    5.686483446637619,
    5.686483446637619,
    5.117815891587161
  ],
  "method": "deterministic_joint_state_belief_propagation",
  "objective_estimate": 5.52692804339909,
  "status": "same_as_normal_no_violations",
  "tail_interval_width": 0.0004700615054940016,
  "total_belief_nodes": 9308,
  "unrestricted_upper_minus_restricted_lower": 0.010982281586858988,
  "upper_objective": 5.527163074151838,
  "upper_values": [
    5.296878459245919,
    5.686953508143114,
    5.686953508143114,
    5.686953508143114,
    5.686953508143114,
    5.118285953092655
  ]
}