{
  "horizon": 95,
  "lower_objective": 1.4167039886026533,
  "lower_values": [
    1.3892013253604147,
    1.297696286211445,
    1.3784100540708182,
    1.3892013253604147,
    1.8269264096526152,
    1.2187885309602127
  ],
  "method": "deterministic_joint_state_belief_propagation",
  "objective_estimate": 1.4169390193553997,
  "status": "same_as_normal_no_violations",
  "tail_interval_width": 0.0004700615054928914,
  "total_belief_nodes": 105389,
  "unrestricted_upper_minus_restricted_lower": 0.06562180909003001,
  "upper_objective": 1.4171740501081462,
  "upper_values": [
    1.3896713868659072,
    1.298166347716938,
    1.3788801155763108,
    1.3896713868659072,
    1.8273964711581088,
    1.2192585924657053
  ]
}