{
  "horizon": 95,
  "lower_objective": 1.104664611117784,
  "lower_values": [
    0.9350163726740107,
    0.9350163726740107,
    1.311579234950843,
    1.311579234950843,
    1.0673982257284986,
    1.0673982257284986
  ],
  "method": "deterministic_joint_state_belief_propagation",
  "objective_estimate": 1.1048996418705306,
  "status": "ok",
  "tail_interval_width": 0.00047006150549311343,
  "total_belief_nodes": 79796,
  "upper_objective": 1.1051346726232771,
  "upper_values": [
    0.9354864341795047,
    0.9354864341795047,
    1.3120492964563357,
    1.3120492964563357,
    1.067868287233991,
    1.067868287233991
  ]
}