{
  "horizon": 95,
  "lower_objective": 3.2279329842631443,
  "lower_values": [
    2.810458867209486,
    3.576444539052049,
    3.2056835638959216,
    3.2056835638959216,
    2.992882832473442,
    3.576444539052049
  ],
  "method": "deterministic_joint_state_belief_propagation",
  "objective_estimate": 3.228168015015891,
  "status": "same_as_normal_no_violations",
  "tail_interval_width": 0.00047006150549311343,
  "total_belief_nodes": 49041,
  "unrestricted_upper_minus_restricted_lower": 0.026604439415935932,
  "upper_objective": 3.2284030457686375,
  "upper_values": [
    2.8109289287149797,
    3.57691460055754,
    3.2061536254014147,
    3.2061536254014147,
    2.993352893978935,
    3.57691460055754
  ]
}