{
  "horizon": 95,
  "lower_objective": 4.898956774650014,
  "lower_values": [
    5.074204997529302,
    4.7118214713794835,
    5.074204997529302,
    5.074204997529302,
    5.074204997529302,
    4.385099186403394
  ],
  "method": "deterministic_joint_state_belief_propagation",
  "objective_estimate": 4.89919180540276,
  "status": "ok",
  "tail_interval_width": 0.00047006150549222525,
  "total_belief_nodes": 22679,
  "upper_objective": 4.899426836155506,
  "upper_values": [
    5.074675059034793,
    4.7122915328849775,
    5.074675059034793,
    5.074675059034793,
    5.074675059034793,
    4.385569247908885
  ]
}