{
  "horizon": 95,
  "lower_objective": 4.883885628260095,
  "lower_values": [
    5.060473531568141,
    4.69948471044139,
    5.060473531568141,
    5.060473531568141,
    5.060473531568141,
    4.361934932846616
  ],
  "method": "deterministic_joint_state_belief_propagation",
  "objective_estimate": 4.884120659012844,
  "status": "ok",
  "tail_interval_width": 0.00047006150549666614,
  "total_belief_nodes": 22659,
  "unrestricted_upper_minus_restricted_lower": 0.19061524614183867,
  "upper_objective": 4.8843556897655915,
  "upper_values": [
    5.060943593073638,
    4.699954771946888,
    5.060943593073638,
    5.060943593073638,
    5.060943593073638,
    4.36240499435211
  ]
}