{
  "horizon": 95,
  "lower_objective": 2.434990346515306,
  "lower_values": [
    2.2990864154752977,
    2.3029513165912356,
    2.7010008569214157,
    2.3029513165912356,
    2.7010008569214157,
    2.3029513165912356
  ],
  "method": "deterministic_joint_state_belief_propagation",
  "objective_estimate": 2.4352253772680523,
  "status": "same_as_normal_no_violations",
  "tail_interval_width": 0.00047006150549222525,
  "total_belief_nodes": 27078,
  "unrestricted_upper_minus_restricted_lower": 0.019414328209129028,
  "upper_objective": 2.4354604080207984,
  "upper_values": [
    2.29955647698079,
    2.3034213780967288,
    2.7014709184269083,
    2.3034213780967288,
    2.7014709184269083,
    2.3034213780967288
  ]
}