{
  "horizon": 95,
  "lower_objective": 2.081171138828254,
  "lower_values": [
    1.9968710078921699,
    2.050001891290659,
    1.966873201152957,
    1.9968710078921699,
    2.050001891290659,
    2.4264078334509103
  ],
  "method": "deterministic_joint_state_belief_propagation",
  "objective_estimate": 2.081406169581001,
  "status": "same_as_normal_no_violations",
  "tail_interval_width": 0.0004700615054940016,
  "total_belief_nodes": 50724,
  "unrestricted_upper_minus_restricted_lower": 0.017976447854109345,
  "upper_objective": 2.081641200333748,
  "upper_values": [
    1.997341069397664,
    2.050471952796154,
    1.9673432626584493,
    1.997341069397664,
    2.050471952796154,
    2.426877894956404
  ]
}