{
  "horizon": 95,
  "lower_objective": 3.8348629250771493,
  "lower_values": [
    3.7166748845845263,
    4.073644600914876,
    3.7118636948795647,
    4.073644600914876,
    3.7166748845845263,
    3.7166748845845263
  ],
  "method": "deterministic_joint_state_belief_propagation",
  "objective_estimate": 3.8350979558298954,
  "status": "ok",
  "tail_interval_width": 0.00047006150549222525,
  "total_belief_nodes": 45834,
  "upper_objective": 3.8353329865826415,
  "upper_values": [
    3.7171449460900186,
    4.074114662420369,
    3.7123337563850556,
    4.074114662420369,
    3.7171449460900186,
    3.7171449460900186
  ]
}