{
  "horizon": 95,
  "lower_objective": 3.2860847767530776,
  "lower_values": [
    3.013963542909866,
    3.504533569793804,
    3.013963542909866,
    3.504533569793804,
    3.1749808653173224,
    3.504533569793804
  ],
  "method": "deterministic_joint_state_belief_propagation",
  "objective_estimate": 3.2863198075058246,
  "status": "ok",
  "tail_interval_width": 0.0004700615054935575,
  "total_belief_nodes": 48474,
  "upper_objective": 3.286554838258571,
  "upper_values": [
    3.0144336044153577,
    3.5050036312992985,
    3.0144336044153577,
    3.5050036312992985,
    3.1754509268228173,
    3.5050036312992985
  ]
}