iteration	elapsed_seconds	root_lower	root_upper	root_gap
0.0	9.059906005859375e-6	-99.00000000000004	2.305791499842656	101.3057914998427
1.0	0.0003199577331542969	2.3037492661824497	2.305791499842656	0.002042233660206172
