{
  "horizon": 95,
  "lower_objective": 3.874386351448887,
  "lower_values": [
    4.396825027249703,
    3.184902030690379,
    4.396825027249703,
    4.396825027249703,
    3.578188649465466,
    3.292752346788372
  ],
  "method": "deterministic_joint_state_belief_propagation",
  "objective_estimate": 3.874621382201635,
  "status": "ok",
  "tail_interval_width": 0.0004700615054944457,
  "total_belief_nodes": 45465,
  "upper_objective": 3.8748564129543817,
  "upper_values": [
    4.397295088755198,
    3.1853720921958724,
    4.397295088755198,
    4.397295088755198,
    3.5786587109709584,
    3.2932224082938677
  ]
}