{
  "horizon": 95,
  "lower_objective": 3.8375859271247323,
  "lower_values": [
    4.34724112864989,
    3.1619566699454293,
    4.34724112864989,
    4.34724112864989,
    3.5546234112969826,
    3.2672120955563115
  ],
  "method": "deterministic_joint_state_belief_propagation",
  "objective_estimate": 3.837820957877479,
  "status": "ok",
  "tail_interval_width": 0.0004700615054940016,
  "total_belief_nodes": 33290,
  "unrestricted_upper_minus_restricted_lower": 0.048025024903834534,
  "upper_objective": 3.8380559886302263,
  "upper_values": [
    4.347711190155385,
    3.1624267314509233,
    4.347711190155385,
    4.347711190155385,
    3.5550934728024743,
    3.267682157061804
  ]
}