{
  "alpha_vector_count": 7,
  "analysis_discounted_tail_bound": 9.67774912024056e-09,
  "analysis_horizon": 197,
  "analysis_total_belief_nodes": 17216,
  "beta": 0.05,
  "candidate_index": 13,
  "discounted_transmission_occupancy": 1.224786641207756,
  "epsilon": 0.04000000000000001,
  "epsilon_index": 3,
  "gamma": 0.9,
  "index": 133,
  "margin": -0.29560000000000014,
  "margin_region": "m<0",
  "mdp_seed": 1823514311,
  "normal_minus_restricted_lower": 0.036330362818660866,
  "normal_minus_restricted_upper": 0.037270485829649314,
  "normal_minus_restricted_value": 0.0368004243241562,
  "normal_policy_horizon": 95,
  "normal_policy_interval_width": 0.0004700615054944457,
  "normal_policy_lower_bound": 3.874386351448887,
  "normal_policy_total_belief_nodes": 45465,
  "normal_policy_upper_bound": 3.8748564129543817,
  "normal_policy_value": 3.874621382201635,
  "point_id": "seed_1823514311_e03",
  "restricted_policy_horizon": 95,
  "restricted_policy_interval_width": 0.0004700615054940016,
  "restricted_policy_lower_bound": 3.8375859271247323,
  "restricted_policy_status": "ok",
  "restricted_policy_total_belief_nodes": 33290,
  "restricted_policy_upper_bound": 3.8380559886302263,
  "restricted_policy_value": 3.837820957877479,
  "reused_solver_checkpoint": false,
  "root_gap": 0.01109255715478547,
  "sampled_belief_count": 6007660,
  "sarsop_gap": 0.011024213727429455,
  "sarsop_gap_within_acceptance_threshold": true,
  "sarsop_lower_bound": 3.8745867383011374,
  "sarsop_upper_bound": 3.885610952028567,
  "solver_elapsed_seconds": 396.8286111354828,
  "solver_iterations": 451,
  "solver_stop_reason": "precision",
  "status": "ok",
  "violation_count": 17,
  "violation_discounted_event_occupancy": 0.6160111027217982,
  "violation_first_depth_max": 14,
  "violation_first_depth_min": 0
}