{
  "horizon": 95,
  "lower_objective": 3.132235511299785,
  "lower_values": [
    3.1985319867146247,
    2.8096516604288158,
    2.908985077794084,
    3.1985319867146247,
    3.1985319867146247,
    3.4791803694319356
  ],
  "method": "deterministic_joint_state_belief_propagation",
  "objective_estimate": 3.132470542052531,
  "status": "ok",
  "tail_interval_width": 0.00047006150549266934,
  "total_belief_nodes": 57498,
  "upper_objective": 3.1327055728052775,
  "upper_values": [
    3.1990020482201174,
    2.810121721934309,
    2.909455139299576,
    3.1990020482201174,
    3.1990020482201174,
    3.47965043093743
  ]
}