{
  "alpha_vector_count": 7,
  "analysis_discounted_tail_bound": 9.67774912024056e-09,
  "analysis_horizon": 197,
  "analysis_total_belief_nodes": 23296,
  "beta": 0.05,
  "candidate_index": 12,
  "discounted_transmission_occupancy": 2.594323150213121,
  "epsilon": 0.07,
  "epsilon_index": 6,
  "gamma": 0.9,
  "index": 126,
  "margin": -0.5359000000000002,
  "margin_region": "m<0",
  "mdp_seed": 978475358,
  "normal_minus_restricted_lower": 0.03461794949579078,
  "normal_minus_restricted_upper": 0.03555807250677567,
  "normal_minus_restricted_value": 0.035088011001283004,
  "normal_policy_horizon": 95,
  "normal_policy_interval_width": 0.00047006150549266934,
  "normal_policy_lower_bound": 3.132235511299785,
  "normal_policy_total_belief_nodes": 57498,
  "normal_policy_upper_bound": 3.1327055728052775,
  "normal_policy_value": 3.132470542052531,
  "point_id": "seed_978475358_e06",
  "restricted_policy_horizon": 95,
  "restricted_policy_interval_width": 0.00047006150549222525,
  "restricted_policy_lower_bound": 3.097147500298502,
  "restricted_policy_status": "ok",
  "restricted_policy_total_belief_nodes": 57492,
  "restricted_policy_upper_bound": 3.097617561803994,
  "restricted_policy_value": 3.097382531051248,
  "reused_solver_checkpoint": false,
  "root_gap": 0.07297947472530246,
  "sampled_belief_count": 5328604,
  "sarsop_gap": 0.07296398565988849,
  "sarsop_gap_within_acceptance_threshold": true,
  "sarsop_lower_bound": 3.1324016084691086,
  "sarsop_upper_bound": 3.205365594128997,
  "solver_elapsed_seconds": 606.6923530101776,
  "solver_iterations": 275,
  "solver_stop_reason": "max_time",
  "status": "ok",
  "violation_count": 88,
  "violation_discounted_event_occupancy": 0.7199238818012083,
  "violation_first_depth_max": 43,
  "violation_first_depth_min": 0
}