{
  "alpha_vector_count": 7,
  "analysis_discounted_tail_bound": 9.67774912024056e-09,
  "analysis_horizon": 197,
  "analysis_total_belief_nodes": 16480,
  "beta": 0.05,
  "candidate_index": 51,
  "discounted_transmission_occupancy": 2.196484299707066,
  "epsilon": 0.05000000000000001,
  "epsilon_index": 4,
  "gamma": 0.9,
  "index": 514,
  "margin": -0.3775000000000002,
  "margin_region": "m<0",
  "mdp_seed": 1063508366,
  "normal_minus_restricted_lower": 0.008191965639069654,
  "normal_minus_restricted_upper": 0.009132088650057657,
  "normal_minus_restricted_value": 0.008662027144563655,
  "normal_policy_horizon": 95,
  "normal_policy_interval_width": 0.0004700615054935575,
  "normal_policy_lower_bound": 3.8861029181917384,
  "normal_policy_total_belief_nodes": 43017,
  "normal_policy_upper_bound": 3.886572979697232,
  "normal_policy_value": 3.8863379489444854,
  "point_id": "seed_1063508366_e04",
  "restricted_policy_horizon": 95,
  "restricted_policy_interval_width": 0.0004700615054944457,
  "restricted_policy_lower_bound": 3.8774408910471743,
  "restricted_policy_status": "ok",
  "restricted_policy_total_belief_nodes": 43008,
  "restricted_policy_upper_bound": 3.8779109525526687,
  "restricted_policy_value": 3.8776759217999217,
  "reused_solver_checkpoint": false,
  "root_gap": 0.031032532434351643,
  "sampled_belief_count": 5150713,
  "sarsop_gap": 0.03045748899273626,
  "sarsop_gap_within_acceptance_threshold": true,
  "sarsop_lower_bound": 3.886300068852374,
  "sarsop_upper_bound": 3.91675755784511,
  "solver_elapsed_seconds": 600.4689681529999,
  "solver_iterations": 333,
  "solver_stop_reason": "max_time",
  "status": "ok",
  "violation_count": 43,
  "violation_discounted_event_occupancy": 0.14103888397654638,
  "violation_first_depth_max": 29,
  "violation_first_depth_min": 1
}