{
  "horizon": 95,
  "lower_objective": 1.1881481028733756,
  "lower_values": [
    1.095747546400123,
    1.095747546400123,
    1.095747546400123,
    1.71814010508073,
    1.1647661540329772,
    0.958739718926178
  ],
  "method": "deterministic_joint_state_belief_propagation",
  "objective_estimate": 1.188383133626122,
  "status": "same_as_normal_no_violations",
  "tail_interval_width": 0.0004700615054924473,
  "total_belief_nodes": 59164,
  "unrestricted_upper_minus_restricted_lower": 0.010507177647965271,
  "upper_objective": 1.188618164378868,
  "upper_values": [
    1.096217607905615,
    1.096217607905615,
    1.096217607905615,
    1.718610166586222,
    1.1652362155384703,
    0.9592097804316718
  ]
}