{
  "horizon": 95,
  "lower_objective": 3.4272470784070794,
  "lower_values": [
    3.6319666556067856,
    3.6319666556067856,
    3.1751493261553048,
    3.317283851311514,
    3.6319666556067856,
    3.1751493261553048
  ],
  "method": "deterministic_joint_state_belief_propagation",
  "objective_estimate": 3.427482109159827,
  "status": "same_as_normal_no_violations",
  "tail_interval_width": 0.0004700615054944457,
  "total_belief_nodes": 32039,
  "unrestricted_upper_minus_restricted_lower": 0.0571400270739586,
  "upper_objective": 3.427717139912574,
  "upper_values": [
    3.6324367171122796,
    3.6324367171122796,
    3.1756193876607983,
    3.317753912817007,
    3.6324367171122796,
    3.1756193876607983
  ]
}