{
  "horizon": 95,
  "lower_objective": 3.2392112019448334,
  "lower_values": [
    2.822105850727135,
    3.5880915225696977,
    3.2165930157416502,
    3.2165930157416502,
    3.0037922843191716,
    3.5880915225696977
  ],
  "method": "deterministic_joint_state_belief_propagation",
  "objective_estimate": 3.2394462326975804,
  "status": "ok",
  "tail_interval_width": 0.0004700615054935575,
  "total_belief_nodes": 49674,
  "upper_objective": 3.239681263450327,
  "upper_values": [
    2.8225759122326295,
    3.5885615840751903,
    3.2170630772471447,
    3.2170630772471447,
    3.0042623458246642,
    3.5885615840751903
  ]
}