{
  "horizon": 95,
  "lower_objective": 1.4263828636511702,
  "lower_values": [
    1.3991192191973152,
    1.309037579323181,
    1.3871867723306712,
    1.3991192191973152,
    1.8370895463610784,
    1.2267448454974605
  ],
  "method": "deterministic_joint_state_belief_propagation",
  "objective_estimate": 1.4266178944039163,
  "status": "same_as_normal_no_violations",
  "tail_interval_width": 0.0004700615054924473,
  "total_belief_nodes": 105854,
  "unrestricted_upper_minus_restricted_lower": 0.05335601865633177,
  "upper_objective": 1.4268529251566626,
  "upper_values": [
    1.3995892807028063,
    1.3095076408286737,
    1.3876568338361637,
    1.3995892807028063,
    1.8375596078665712,
    1.2272149070029543
  ]
}