{
  "horizon": 95,
  "lower_objective": 3.1703131888029437,
  "lower_values": [
    3.1066596533414503,
    2.9694266682745623,
    3.423504906102536,
    2.9921233456551266,
    3.1066596533414503,
    3.423504906102536
  ],
  "method": "deterministic_joint_state_belief_propagation",
  "objective_estimate": 3.1705482195556898,
  "status": "same_as_normal_no_violations",
  "tail_interval_width": 0.00047006150549266934,
  "total_belief_nodes": 73026,
  "unrestricted_upper_minus_restricted_lower": 0.013749057688102528,
  "upper_objective": 3.1707832503084363,
  "upper_values": [
    3.107129714846944,
    2.9698967297800554,
    3.423974967608029,
    2.9925934071606184,
    3.107129714846944,
    3.423974967608029
  ]
}