{
  "horizon": 95,
  "lower_objective": 2.840554291836852,
  "lower_values": [
    3.0773286910842477,
    2.8170186520425267,
    3.0773286910842477,
    2.6053294258290256,
    2.8170186520425267,
    2.649301638938539
  ],
  "method": "deterministic_joint_state_belief_propagation",
  "objective_estimate": 2.8407893225895977,
  "status": "ok",
  "tail_interval_width": 0.00047006150549178116,
  "total_belief_nodes": 60743,
  "upper_objective": 2.841024353342344,
  "upper_values": [
    3.0777987525897403,
    2.8174887135480167,
    3.0777987525897403,
    2.6057994873345174,
    2.8174887135480167,
    2.649771700444031
  ]
}