{
  "horizon": 95,
  "lower_objective": 2.226567459001217,
  "lower_values": [
    2.176981587192775,
    2.1303826817393037,
    2.1303826817393037,
    2.176981587192775,
    2.176981587192775,
    2.5676946289503726
  ],
  "method": "deterministic_joint_state_belief_propagation",
  "objective_estimate": 2.2268024897539638,
  "status": "same_as_normal_no_violations",
  "tail_interval_width": 0.00047006150549266934,
  "total_belief_nodes": 27078,
  "unrestricted_upper_minus_restricted_lower": 0.011105641094893759,
  "upper_objective": 2.22703752050671,
  "upper_values": [
    2.177451648698267,
    2.1308527432447977,
    2.1308527432447977,
    2.177451648698267,
    2.177451648698267,
    2.568164690455866
  ]
}