{
  "horizon": 95,
  "lower_objective": 4.726537666679129,
  "lower_values": [
    4.350543813782303,
    5.1025315195759555,
    4.350543813782303,
    4.350543813782303,
    5.1025315195759555,
    5.1025315195759555
  ],
  "method": "deterministic_joint_state_belief_propagation",
  "objective_estimate": 4.726772697431877,
  "status": "ok",
  "tail_interval_width": 0.00047006150549666614,
  "total_belief_nodes": 11955,
  "upper_objective": 4.727007728184626,
  "upper_values": [
    4.351013875287801,
    5.10300158108145,
    4.351013875287801,
    4.351013875287801,
    5.10300158108145,
    5.10300158108145
  ]
}