{
  "horizon": 95,
  "lower_objective": 2.2840335394328037,
  "lower_values": [
    2.629413373738967,
    2.2259266301290843,
    2.1710813423415187,
    2.2259266301290843,
    2.2259266301290843,
    2.2259266301290843
  ],
  "method": "deterministic_joint_state_belief_propagation",
  "objective_estimate": 2.28426857018555,
  "status": "ok",
  "tail_interval_width": 0.00047006150549178116,
  "total_belief_nodes": 27265,
  "upper_objective": 2.2845036009382955,
  "upper_values": [
    2.6298834352444596,
    2.226396691634576,
    2.1715514038470114,
    2.226396691634576,
    2.226396691634576,
    2.226396691634576
  ]
}