{
  "horizon": 95,
  "lower_objective": 2.299878732336012,
  "lower_values": [
    2.6437712359758807,
    2.241884182199145,
    2.1879644292436127,
    2.241884182199145,
    2.241884182199145,
    2.241884182199145
  ],
  "method": "deterministic_joint_state_belief_propagation",
  "objective_estimate": 2.300113763088758,
  "status": "same_as_normal_no_violations",
  "tail_interval_width": 0.00047006150549222525,
  "total_belief_nodes": 53586,
  "unrestricted_upper_minus_restricted_lower": 0.01368267996748962,
  "upper_objective": 2.300348793841504,
  "upper_values": [
    2.644241297481374,
    2.242354243704636,
    2.1884344907491062,
    2.242354243704636,
    2.242354243704636,
    2.242354243704636
  ]
}