{
  "horizon": 95,
  "lower_objective": 4.940250305917164,
  "lower_values": [
    5.115081197343439,
    4.75747899782963,
    5.115081197343439,
    5.115081197343439,
    5.115081197343439,
    4.423698048299596
  ],
  "method": "deterministic_joint_state_belief_propagation",
  "objective_estimate": 4.940485336669911,
  "status": "ok",
  "tail_interval_width": 0.0004700615054940016,
  "total_belief_nodes": 18494,
  "upper_objective": 4.940720367422658,
  "upper_values": [
    5.115551258848935,
    4.757949059335122,
    5.115551258848935,
    5.115551258848935,
    5.115551258848935,
    4.4241681098050885
  ]
}