{
  "alpha_vector_count": 6,
  "analysis_discounted_tail_bound": 9.67774912024056e-09,
  "analysis_horizon": 197,
  "analysis_total_belief_nodes": 6679,
  "beta": 0.05,
  "beta_index": 1,
  "discounted_transmission_occupancy": 3.0564012858766785,
  "epsilon": 0.04000000000000001,
  "epsilon_index": 3,
  "gamma": 0.9,
  "gamma_index": 0,
  "index": 13,
  "margin": -0.29560000000000014,
  "margin_region": "m<0",
  "mdp_seed": 1111,
  "normal_minus_restricted_lower": 0.07872151242558445,
  "normal_minus_restricted_upper": 0.07966163543660709,
  "normal_minus_restricted_value": 0.07919157393109533,
  "normal_policy_horizon": 95,
  "normal_policy_interval_width": 0.0004700615054940016,
  "normal_policy_lower_bound": 4.940250305917164,
  "normal_policy_total_belief_nodes": 18494,
  "normal_policy_upper_bound": 4.940720367422658,
  "normal_policy_value": 4.940485336669911,
  "point_id": "g0_b01_e03",
  "restricted_lower_bound_status": "ok",
  "restricted_policy_horizon": 95,
  "restricted_policy_interval_width": 0.00047006150552864057,
  "restricted_policy_lower_bound": 4.861058731986051,
  "restricted_policy_total_belief_nodes": 10921,
  "restricted_policy_upper_bound": 4.86152879349158,
  "reused_solver_checkpoint": false,
  "root_gap": 0.04094499877399195,
  "sampled_belief_count": 2990737,
  "sarsop_gap": 0.04075436866026205,
  "sarsop_lower_bound": 4.940494567757351,
  "sarsop_upper_bound": 4.981248936417613,
  "solver_elapsed_seconds": 570.6699709892273,
  "solver_iterations": 160,
  "solver_stop_reason": "max_time",
  "status": "ok",
  "unrestricted_upper_minus_restricted_lower": 0.12019020443156148,
  "violation_count": 33,
  "violation_discounted_event_occupancy": 1.213512512383493,
  "violation_first_depth_max": 14,
  "violation_first_depth_min": 0
}