{
  "action_encoding": {
    "formula": "action = prescription_index * n_receiver_actions + receiver_action",
    "solver_jpo_action_offset": 1,
    "state_zero_bit": "most_significant"
  },
  "bounds": {
    "gap": 0.007200842736506452,
    "lower_objective": 2.477892352464063,
    "lower_values": [
      2.817816062505333,
      2.3917363313475577,
      2.422029629868857,
      2.3917295638821203,
      2.4220212635902554,
      2.4220212635902554
    ],
    "root_gap": 0.007200842736748826,
    "root_lower_objective": 2.4778923524640635,
    "root_upper_objective": 2.4850931952008124,
    "upper_objective": 2.4850931952005695,
    "upper_values": [
      2.8235427979335794,
      2.399340291879464,
      2.42558355829092,
      2.410925388538205,
      2.425583567280625,
      2.425583567280625
    ]
  },
  "initialization": {
    "initial_beliefs": [
      [
        1.0,
        0.0,
        0.0,
        0.0,
        0.0,
        0.0
      ],
      [
        0.0,
        1.0,
        0.0,
        0.0,
        0.0,
        0.0
      ],
      [
        0.0,
        0.0,
        1.0,
        0.0,
        0.0,
        0.0
      ],
      [
        0.0,
        0.0,
        0.0,
        1.0,
        0.0,
        0.0
      ],
      [
        0.0,
        0.0,
        0.0,
        0.0,
        1.0,
        0.0
      ],
      [
        0.0,
        0.0,
        0.0,
        0.0,
        0.0,
        1.0
      ]
    ],
    "initial_weights": [
      0.16666666666666666,
      0.16666666666666666,
      0.16666666666666666,
      0.16666666666666666,
      0.16666666666666666,
      0.16666666666666666
    ],
    "kind": "single synthetic root revealing a uniformly sampled physical state",
    "root_value_scale": "V_root / gamma, gamma=0.9"
  },
  "model": {
    "beta": 0.05,
    "epsilon": 0.06000000000000001,
    "gamma": 0.9,
    "mdp_density": 0.5,
    "mdp_seed": 1682953351,
    "mdp_sha256": "54f7d69e33d59c5cd807e8ad4322b83bab80a0a6b6ffb356296f36bf8b20c221",
    "n_jpo_actions": 128,
    "n_prescriptions": 64,
    "n_receiver_actions": 2,
    "n_states": 6
  },
  "runtime": {
    "julia": "1.12.6",
    "native_sarsop": "0.1.4",
    "pomdp_tools": "1.1.0",
    "pomdps": "1.0.0"
  },
  "solver": {
    "delta": 0.0001,
    "export_beliefs": false,
    "initial_bound_max_time": 30.0,
    "initial_bound_residual": 1e-08,
    "initial_upper_bound": "fully_observable",
    "kappa": 0.5,
    "max_steps": 1000000,
    "max_time": 600.0,
    "precision": 0.01,
    "prune_threshold": 0.1,
    "search_epsilon": 0.01,
    "use_binning": true
  },
  "training": {
    "alpha_count": 3,
    "belief_count": 64114,
    "elapsed_seconds": 0.16039013862609863,
    "history": [
      {
        "elapsed_seconds": 1.0013580322265625e-05,
        "initial_gap": 112.48702404614201,
        "initial_lower_objective": -110.00000000000004,
        "initial_upper_objective": 2.4870240461419777,
        "iteration": 0,
        "root_gap": 101.23832164152782,
        "root_lower": -99.00000000000004,
        "root_upper": 2.23832164152778
      },
      {
        "elapsed_seconds": 0.00037407875061035156,
        "initial_gap": 0.27305098194945615,
        "initial_lower_objective": 2.2139730641925213,
        "initial_upper_objective": 2.4870240461419777,
        "iteration": 1,
        "root_gap": 0.24574588375451056,
        "root_lower": 1.9925757577732692,
        "root_upper": 2.23832164152778
      },
      {
        "elapsed_seconds": 0.015928030014038086,
        "initial_gap": 0.01274047412413104,
        "initial_lower_objective": 2.4742835720178467,
        "initial_upper_objective": 2.4870240461419777,
        "iteration": 2,
        "root_gap": 0.011466426711717936,
        "root_lower": 2.226855214816062,
        "root_upper": 2.23832164152778
      },
      {
        "elapsed_seconds": 0.037278175354003906,
        "initial_gap": 0.007200842736748826,
        "initial_lower_objective": 2.4778923524640635,
        "initial_upper_objective": 2.4850931952008124,
        "iteration": 3,
        "root_gap": 0.006480758463073943,
        "root_lower": 2.230103117217657,
        "root_upper": 2.236583875680731
      }
    ],
    "initial_lower_residual": 8.468313161813512e-09,
    "initial_lower_subsolution_shift": 0.0,
    "initial_upper_bound": "fully_observable",
    "initial_upper_iterations": 167,
    "initial_upper_residual": 9.988561533447182e-09,
    "initialization_seconds": 0.23757386207580566,
    "iterations": 3,
    "stop_reason": "precision"
  }
}