{
  "horizon": 95,
  "lower_objective": 4.635268887815984,
  "lower_values": [
    4.209638442721489,
    5.026781819382089,
    5.026781819382089,
    4.260814713014077,
    4.260814713014077,
    5.026781819382089
  ],
  "method": "deterministic_joint_state_belief_propagation",
  "objective_estimate": 4.635503918568732,
  "status": "ok",
  "tail_interval_width": 0.0004700615054940016,
  "total_belief_nodes": 44083,
  "upper_objective": 4.635738949321478,
  "upper_values": [
    4.210108504226978,
    5.027251880887586,
    5.027251880887586,
    4.26128477451957,
    4.26128477451957,
    5.027251880887586
  ]
}