{
  "horizon": 95,
  "lower_objective": 3.877058104464637,
  "lower_values": [
    4.3603470827374755,
    3.288039113589527,
    4.3603470827374755,
    4.3603470827374755,
    3.288039113589527,
    3.6052291513963404
  ],
  "method": "deterministic_joint_state_belief_propagation",
  "objective_estimate": 3.8772931352174327,
  "status": "ok",
  "tail_interval_width": 0.00047006150559170123,
  "total_belief_nodes": 20564,
  "unrestricted_upper_minus_restricted_lower": 0.20740020465959308,
  "upper_objective": 3.8775281659702285,
  "upper_values": [
    4.360817144242968,
    3.2885091750952062,
    4.360817144242968,
    4.360817144242968,
    3.2885091750952062,
    3.6056992129020586
  ]
}