{
  "alpha_vector_count": 11,
  "analysis_discounted_tail_bound": 9.67774912024056e-09,
  "analysis_horizon": 197,
  "analysis_total_belief_nodes": 14754,
  "beta": 0.05,
  "candidate_index": 45,
  "discounted_transmission_occupancy": 2.599897349896249,
  "epsilon": 0.08,
  "epsilon_index": 7,
  "gamma": 0.9,
  "index": 457,
  "margin": -0.6124000000000002,
  "margin_region": "m<0",
  "mdp_seed": 20617211,
  "normal_minus_restricted_lower": 0.07693741020623746,
  "normal_minus_restricted_upper": 0.07787753321732227,
  "normal_minus_restricted_value": 0.07740747171177986,
  "normal_policy_horizon": 95,
  "normal_policy_interval_width": 0.00047006150549311343,
  "normal_policy_lower_bound": 3.954465576176466,
  "normal_policy_total_belief_nodes": 36967,
  "normal_policy_upper_bound": 3.954935637681959,
  "normal_policy_value": 3.9547006069292125,
  "point_id": "seed_20617211_e07",
  "restricted_policy_horizon": 95,
  "restricted_policy_interval_width": 0.00047006150559170123,
  "restricted_policy_lower_bound": 3.877058104464637,
  "restricted_policy_status": "ok",
  "restricted_policy_total_belief_nodes": 20564,
  "restricted_policy_upper_bound": 3.8775281659702285,
  "restricted_policy_value": 3.8772931352174327,
  "reused_solver_checkpoint": false,
  "root_gap": 0.12978837559655984,
  "sampled_belief_count": 2285494,
  "sarsop_gap": 0.12978746837492405,
  "sarsop_gap_within_acceptance_threshold": true,
  "sarsop_lower_bound": 3.954670840749306,
  "sarsop_upper_bound": 4.08445830912423,
  "solver_elapsed_seconds": 1043.768968820572,
  "solver_iterations": 98,
  "solver_stop_reason": "max_time",
  "status": "ok",
  "violation_count": 119,
  "violation_discounted_event_occupancy": 0.8002841761347619,
  "violation_first_depth_max": 40,
  "violation_first_depth_min": 1
}