{
  "horizon": 95,
  "lower_objective": 3.1699041605077474,
  "lower_values": [
    3.2366920201544875,
    2.8464851727479417,
    2.9453276057260904,
    3.2366920201544875,
    3.2366920201544875,
    3.5175361241089895
  ],
  "method": "deterministic_joint_state_belief_propagation",
  "objective_estimate": 3.1701391912604935,
  "status": "ok",
  "tail_interval_width": 0.00047006150549266934,
  "total_belief_nodes": 59854,
  "upper_objective": 3.17037422201324,
  "upper_values": [
    3.23716208165998,
    2.846955234253436,
    2.945797667231582,
    3.23716208165998,
    3.23716208165998,
    3.518006185614482
  ]
}