{
  "horizon": 95,
  "lower_objective": 3.0320369556332802,
  "lower_values": [
    2.901302506866515,
    2.901302506866515,
    2.901302506866515,
    2.8891942389162817,
    3.697817467417342,
    2.901302506866515
  ],
  "method": "deterministic_joint_state_belief_propagation",
  "objective_estimate": 3.0322719863860277,
  "status": "same_as_normal_no_violations",
  "tail_interval_width": 0.0004700615054940016,
  "total_belief_nodes": 25044,
  "unrestricted_upper_minus_restricted_lower": 0.056550689004695176,
  "upper_objective": 3.0325070171387742,
  "upper_values": [
    2.9017725683720093,
    2.9017725683720093,
    2.9017725683720093,
    2.889664300421775,
    3.6982875289228354,
    2.9017725683720093
  ]
}