{
  "horizon": 95,
  "lower_objective": 1.0888126510542329,
  "lower_values": [
    0.9202291709836764,
    0.9202291709836764,
    1.2960239022789999,
    1.2960239022789999,
    1.0501848799000224,
    1.0501848799000224
  ],
  "method": "deterministic_joint_state_belief_propagation",
  "objective_estimate": 1.0890476818069796,
  "status": "same_as_normal_no_violations",
  "tail_interval_width": 0.00047006150549377956,
  "total_belief_nodes": 79610,
  "unrestricted_upper_minus_restricted_lower": 0.03349485882904113,
  "upper_objective": 1.0892827125597266,
  "upper_values": [
    0.9206992324891695,
    0.9206992324891695,
    1.2964939637844948,
    1.2964939637844948,
    1.0506549414055157,
    1.0506549414055157
  ]
}