{
  "horizon": 95,
  "lower_objective": 3.92430448813767,
  "lower_values": [
    4.412025166081389,
    3.3280773606578733,
    4.412025166081389,
    4.412025166081389,
    3.3280773606578733,
    3.6535967092661075
  ],
  "method": "deterministic_joint_state_belief_propagation",
  "objective_estimate": 3.924539518890416,
  "status": "ok",
  "tail_interval_width": 0.00047006150549222525,
  "total_belief_nodes": 38226,
  "upper_objective": 3.9247745496431623,
  "upper_values": [
    4.412495227586882,
    3.3285474221633655,
    4.412495227586882,
    4.412495227586882,
    3.3285474221633655,
    3.6540667707716
  ]
}