{
  "horizon": 95,
  "lower_objective": 3.9982017070413707,
  "lower_values": [
    4.48686762541595,
    3.40220865987631,
    4.48686762541595,
    4.48686762541595,
    3.40220865987631,
    3.724190046247756
  ],
  "method": "deterministic_joint_state_belief_propagation",
  "objective_estimate": 3.9984367377941177,
  "status": "ok",
  "tail_interval_width": 0.0004700615054935575,
  "total_belief_nodes": 34118,
  "upper_objective": 3.9986717685468642,
  "upper_values": [
    4.487337686921443,
    3.4026787213818035,
    4.487337686921443,
    4.487337686921443,
    3.4026787213818035,
    3.724660107753249
  ]
}