{
  "horizon": 95,
  "lower_objective": 3.942632234539731,
  "lower_values": [
    4.42351203663924,
    3.360168575780534,
    4.42351203663924,
    4.42351203663924,
    3.360168575780534,
    3.6649201457596
  ],
  "method": "deterministic_joint_state_belief_propagation",
  "objective_estimate": 3.942867265292496,
  "status": "ok",
  "tail_interval_width": 0.00047006150552952874,
  "total_belief_nodes": 22560,
  "unrestricted_upper_minus_restricted_lower": 0.22963494381217453,
  "upper_objective": 3.9431022960452604,
  "upper_values": [
    4.423982098144732,
    3.3606386372860326,
    4.423982098144732,
    4.423982098144732,
    3.3606386372860326,
    3.6653902072653053
  ]
}