{
  "horizon": 95,
  "lower_objective": 3.2009702278226837,
  "lower_values": [
    3.4126248810876594,
    2.992276546636531,
    3.1294316860414177,
    3.4126248810876594,
    3.1294316860414177,
    3.1294316860414177
  ],
  "method": "deterministic_joint_state_belief_propagation",
  "objective_estimate": 3.2012052585754462,
  "status": "same_as_normal_no_violations",
  "tail_interval_width": 0.00047006150552464376,
  "total_belief_nodes": 30082,
  "unrestricted_upper_minus_restricted_lower": 0.052343225905613355,
  "upper_objective": 3.2014402893282083,
  "upper_values": [
    3.413094942593154,
    2.992746608142211,
    3.129901747546911,
    3.413094942593154,
    3.129901747546911,
    3.129901747546911
  ]
}