{
  "horizon": 95,
  "lower_objective": 2.3158111560172046,
  "lower_values": [
    2.0807748287172907,
    2.2820110827092788,
    2.2820110827092788,
    2.2820110827092788,
    2.6860477765488215,
    2.2820110827092788
  ],
  "method": "deterministic_joint_state_belief_propagation",
  "objective_estimate": 2.31604618676995,
  "status": "same_as_normal_no_violations",
  "tail_interval_width": 0.00047006150549133707,
  "total_belief_nodes": 12626,
  "unrestricted_upper_minus_restricted_lower": 0.02681908086659135,
  "upper_objective": 2.316281217522696,
  "upper_values": [
    2.0812448902227825,
    2.28248114421477,
    2.28248114421477,
    2.28248114421477,
    2.686517838054315,
    2.28248114421477
  ]
}