{
  "horizon": 95,
  "lower_objective": 2.5740043087255646,
  "lower_values": [
    2.2971505696482795,
    2.2656725239275097,
    2.576563172099372,
    2.76821319555941,
    2.76821319555941,
    2.76821319555941
  ],
  "method": "deterministic_joint_state_belief_propagation",
  "objective_estimate": 2.574239339478312,
  "status": "same_as_normal_no_violations",
  "tail_interval_width": 0.0004700615054940016,
  "total_belief_nodes": 51938,
  "unrestricted_upper_minus_restricted_lower": 0.048322211889510136,
  "upper_objective": 2.5744743702310586,
  "upper_values": [
    2.2976206311537735,
    2.266142585433001,
    2.577033233604864,
    2.768683257064905,
    2.768683257064905,
    2.768683257064905
  ]
}