{
  "horizon": 95,
  "lower_objective": 3.281153305724674,
  "lower_values": [
    3.472748009012797,
    3.0546416351849333,
    3.472748009012797,
    3.0546416351849333,
    3.1593925369397873,
    3.472748009012797
  ],
  "method": "deterministic_joint_state_belief_propagation",
  "objective_estimate": 3.281388336477421,
  "status": "ok",
  "tail_interval_width": 0.0004700615054940016,
  "total_belief_nodes": 26890,
  "upper_objective": 3.281623367230168,
  "upper_values": [
    3.4732180705182905,
    3.055111696690427,
    3.4732180705182905,
    3.055111696690427,
    3.1598625984452813,
    3.4732180705182905
  ]
}