{
  "horizon": 95,
  "lower_objective": 2.091052487624648,
  "lower_values": [
    2.439500693362312,
    3.2266430688205165,
    2.128196793750196,
    1.3118887880323342,
    1.3118887880323342,
    2.128196793750196
  ],
  "method": "deterministic_joint_state_belief_propagation",
  "objective_estimate": 2.0912875183773947,
  "status": "ok",
  "tail_interval_width": 0.00047006150549266934,
  "total_belief_nodes": 78215,
  "upper_objective": 2.091522549130141,
  "upper_values": [
    2.439970754867805,
    3.2271131303260088,
    2.1286668552556898,
    1.312358849537827,
    1.312358849537827,
    2.1286668552556898
  ]
}