{
  "alpha_vector_count": 6,
  "analysis_discounted_tail_bound": 9.67774912024056e-09,
  "analysis_horizon": 197,
  "analysis_total_belief_nodes": 26007,
  "beta": 0.05,
  "candidate_index": 10,
  "discounted_transmission_occupancy": 1.4723150088557542,
  "epsilon": 0.1,
  "epsilon_index": 9,
  "gamma": 0.9,
  "index": 109,
  "margin": -0.7600000000000003,
  "margin_region": "m<0",
  "mdp_seed": 1690525620,
  "normal_minus_restricted_lower": 0.046235427657255634,
  "normal_minus_restricted_upper": 0.04717555066824186,
  "normal_minus_restricted_value": 0.04670548916274875,
  "normal_policy_horizon": 95,
  "normal_policy_interval_width": 0.00047006150549311343,
  "normal_policy_lower_bound": 2.799471729423793,
  "normal_policy_total_belief_nodes": 65730,
  "normal_policy_upper_bound": 2.799941790929286,
  "normal_policy_value": 2.799706760176539,
  "point_id": "seed_1690525620_e09",
  "restricted_policy_horizon": 95,
  "restricted_policy_interval_width": 0.00047006150549311343,
  "restricted_policy_lower_bound": 2.752766240261044,
  "restricted_policy_status": "ok",
  "restricted_policy_total_belief_nodes": 49108,
  "restricted_policy_upper_bound": 2.7532363017665373,
  "restricted_policy_value": 2.7530012710137903,
  "reused_solver_checkpoint": false,
  "root_gap": 0.026604075891644027,
  "sampled_belief_count": 7228516,
  "sarsop_gap": 0.026600212211489893,
  "sarsop_gap_within_acceptance_threshold": true,
  "sarsop_lower_bound": 2.799622621641259,
  "sarsop_upper_bound": 2.826222833852749,
  "solver_elapsed_seconds": 602.6058859825134,
  "solver_iterations": 427,
  "solver_stop_reason": "max_time",
  "status": "ok",
  "violation_count": 141,
  "violation_discounted_event_occupancy": 0.6510023025149674,
  "violation_first_depth_max": 36,
  "violation_first_depth_min": 0
}