{
  "horizon": 95,
  "lower_objective": 3.0660529545845607,
  "lower_values": [
    2.934199328461517,
    2.934199328461517,
    2.934199328461517,
    2.928606534219879,
    3.7309138794414185,
    2.934199328461517
  ],
  "method": "deterministic_joint_state_belief_propagation",
  "objective_estimate": 3.0662879853373077,
  "status": "ok",
  "tail_interval_width": 0.0004700615054940016,
  "total_belief_nodes": 24370,
  "upper_objective": 3.0665230160900547,
  "upper_values": [
    2.934669389967011,
    2.934669389967011,
    2.934669389967011,
    2.9290765957253715,
    3.7313839409469134,
    2.934669389967011
  ]
}