{
  "horizon": 95,
  "lower_objective": 1.3924350717564455,
  "lower_values": [
    1.4858045105360416,
    1.2990656329768495,
    1.2990656329768495,
    1.4858045105360416,
    1.2990656329768495,
    1.4858045105360416
  ],
  "method": "deterministic_joint_state_belief_propagation",
  "objective_estimate": 1.392670102509192,
  "status": "same_as_normal_no_violations",
  "tail_interval_width": 0.00047006150549311343,
  "total_belief_nodes": 21552,
  "unrestricted_upper_minus_restricted_lower": 0.010721331043181737,
  "upper_objective": 1.3929051332619387,
  "upper_values": [
    1.4862745720415347,
    1.2995356944823426,
    1.2995356944823426,
    1.4862745720415347,
    1.2995356944823426,
    1.4862745720415347
  ]
}