{
  "horizon": 95,
  "lower_objective": 2.824190950471681,
  "lower_values": [
    3.0605196466640283,
    2.800829884134499,
    3.0605196466640283,
    2.5889911945364097,
    2.800829884134499,
    2.633455446696623
  ],
  "method": "deterministic_joint_state_belief_propagation",
  "objective_estimate": 2.8244259812244272,
  "status": "ok",
  "tail_interval_width": 0.00047006150549222525,
  "total_belief_nodes": 62707,
  "upper_objective": 2.8246610119771733,
  "upper_values": [
    3.060989708169521,
    2.80129994563999,
    3.060989708169521,
    2.5894612560419024,
    2.80129994563999,
    2.633925508202116
  ]
}