{
  "horizon": 95,
  "lower_objective": 3.21770540549312,
  "lower_values": [
    3.4302476569481275,
    3.0114759642723867,
    3.1447537182633596,
    3.4302476569481275,
    3.1447537182633596,
    3.1447537182633596
  ],
  "method": "deterministic_joint_state_belief_propagation",
  "objective_estimate": 3.217940436245866,
  "status": "ok",
  "tail_interval_width": 0.00047006150549178116,
  "total_belief_nodes": 29605,
  "upper_objective": 3.218175466998612,
  "upper_values": [
    3.4307177184536197,
    3.011946025777878,
    3.1452237797688514,
    3.4307177184536197,
    3.1452237797688514,
    3.1452237797688514
  ]
}