{
  "horizon": 95,
  "lower_objective": 1.9406470604592707,
  "lower_values": [
    1.9210000602583877,
    1.7913541885593849,
    1.7913541885593849,
    1.9407942359866992,
    2.25858545340507,
    1.9407942359866992
  ],
  "method": "deterministic_joint_state_belief_propagation",
  "objective_estimate": 1.9408820912120175,
  "status": "same_as_normal_no_violations",
  "tail_interval_width": 0.0004700615054935575,
  "total_belief_nodes": 78266,
  "unrestricted_upper_minus_restricted_lower": 0.05448975197943007,
  "upper_objective": 1.9411171219647643,
  "upper_values": [
    1.9214701217638812,
    1.7918242500648787,
    1.7918242500648787,
    1.9412642974921923,
    2.2590555149105627,
    1.9412642974921923
  ]
}