{
  "horizon": 95,
  "lower_objective": 3.4356361010187575,
  "lower_values": [
    3.6404532826053253,
    3.6404532826053253,
    3.1838273493443605,
    3.324802059607848,
    3.6404532826053253,
    3.1838273493443605
  ],
  "method": "deterministic_joint_state_belief_propagation",
  "objective_estimate": 3.4358711317715045,
  "status": "ok",
  "tail_interval_width": 0.00047006150549311343,
  "total_belief_nodes": 30888,
  "upper_objective": 3.4361061625242506,
  "upper_values": [
    3.640923344110818,
    3.640923344110818,
    3.184297410849855,
    3.3252721211133425,
    3.640923344110818,
    3.184297410849855
  ]
}