{
  "horizon": 95,
  "lower_objective": 3.1568816400138564,
  "lower_values": [
    3.2234702871775016,
    2.8337725000820138,
    2.9327759041253296,
    3.2234702871775016,
    3.2234702871775016,
    3.5043305743432938
  ],
  "method": "deterministic_joint_state_belief_propagation",
  "objective_estimate": 3.157116670766603,
  "status": "ok",
  "tail_interval_width": 0.00047006150549266934,
  "total_belief_nodes": 57788,
  "upper_objective": 3.157351701519349,
  "upper_values": [
    3.223940348682993,
    2.8342425615875086,
    2.9332459656308236,
    3.223940348682993,
    3.223940348682993,
    3.504800635848785
  ]
}