{
  "horizon": 95,
  "lower_objective": 2.2870861672625447,
  "lower_values": [
    2.6320700813635343,
    2.2290091674237487,
    2.174410252516741,
    2.2290091674237487,
    2.2290091674237487,
    2.2290091674237487
  ],
  "method": "deterministic_joint_state_belief_propagation",
  "objective_estimate": 2.2873211980152908,
  "status": "same_as_normal_no_violations",
  "tail_interval_width": 0.00047006150549266934,
  "total_belief_nodes": 27265,
  "unrestricted_upper_minus_restricted_lower": 0.026730207750953472,
  "upper_objective": 2.2875562287680373,
  "upper_values": [
    2.6325401428690296,
    2.2294792289292404,
    2.1748803140222335,
    2.2294792289292404,
    2.2294792289292404,
    2.2294792289292404
  ]
}