{
  "horizon": 95,
  "lower_objective": 4.857980065406112,
  "lower_values": [
    5.03245746121037,
    4.673461850658053,
    5.03245746121037,
    5.03245746121037,
    5.03245746121037,
    4.344588696937136
  ],
  "method": "deterministic_joint_state_belief_propagation",
  "objective_estimate": 4.858225217100364,
  "status": "ok",
  "tail_interval_width": 0.0004903033885046426,
  "total_belief_nodes": 31441,
  "upper_objective": 4.858470368794617,
  "upper_values": [
    5.032947764598876,
    4.6739521540465585,
    5.032947764598876,
    5.032947764598876,
    5.032947764598876,
    4.345079000325642
  ]
}