{
  "horizon": 95,
  "lower_objective": 3.852259677194854,
  "lower_values": [
    3.742678990972881,
    4.021467861619126,
    3.5637964963659874,
    3.742678990972881,
    4.021467861619126,
    4.021467861619126
  ],
  "method": "deterministic_joint_state_belief_propagation",
  "objective_estimate": 3.8524947079476006,
  "status": "same_as_normal_no_violations",
  "tail_interval_width": 0.00047006150549311343,
  "total_belief_nodes": 50643,
  "unrestricted_upper_minus_restricted_lower": 0.010742207454871533,
  "upper_objective": 3.852729738700347,
  "upper_values": [
    3.7431490524783735,
    4.021937923124618,
    3.564266557871482,
    3.7431490524783735,
    4.021937923124618,
    4.021937923124618
  ]
}