{
  "horizon": 95,
  "lower_objective": 2.641571922510584,
  "lower_values": [
    2.8340770994629154,
    3.155261884674746,
    2.3836580247892165,
    2.8340770994629154,
    2.306121338357238,
    2.336236088316473
  ],
  "method": "deterministic_joint_state_belief_propagation",
  "objective_estimate": 2.6418069532633304,
  "status": "ok",
  "tail_interval_width": 0.00047006150549311343,
  "total_belief_nodes": 119807,
  "unrestricted_upper_minus_restricted_lower": 0.05054886408776893,
  "upper_objective": 2.642041984016077,
  "upper_values": [
    2.8345471609684068,
    3.1557319461802407,
    2.3841280862947114,
    2.8345471609684068,
    2.3065913998627328,
    2.3367061498219646
  ]
}