{
  "alpha_vector_count": 10,
  "analysis_discounted_tail_bound": 9.67774912024056e-09,
  "analysis_horizon": 197,
  "analysis_total_belief_nodes": 53677,
  "beta": 0.05,
  "candidate_index": 8,
  "discounted_transmission_occupancy": 1.8627652515545632,
  "epsilon": 0.05000000000000001,
  "epsilon_index": 4,
  "gamma": 0.9,
  "index": 84,
  "margin": -0.3775000000000002,
  "margin_region": "m<0",
  "mdp_seed": 826965060,
  "normal_minus_restricted_lower": 0.012995788146485499,
  "normal_minus_restricted_upper": 0.01393591115747439,
  "normal_minus_restricted_value": 0.013465849651979944,
  "normal_policy_horizon": 95,
  "normal_policy_interval_width": 0.00047006150549577796,
  "normal_policy_lower_bound": 2.6550377721625624,
  "normal_policy_total_belief_nodes": 119061,
  "normal_policy_upper_bound": 2.655507833668058,
  "normal_policy_value": 2.6552728029153103,
  "point_id": "seed_826965060_e04",
  "restricted_policy_horizon": 95,
  "restricted_policy_interval_width": 0.00047006150549311343,
  "restricted_policy_lower_bound": 2.641571922510584,
  "restricted_policy_status": "ok",
  "restricted_policy_total_belief_nodes": 119807,
  "restricted_policy_upper_bound": 2.642041984016077,
  "restricted_policy_value": 2.6418069532633304,
  "reused_solver_checkpoint": false,
  "root_gap": 0.03721989289425329,
  "sampled_belief_count": 5535391,
  "sarsop_gap": 0.03693773061823169,
  "sarsop_gap_within_acceptance_threshold": true,
  "sarsop_lower_bound": 2.655183055980121,
  "sarsop_upper_bound": 2.6921207865983527,
  "solver_elapsed_seconds": 607.4873261451721,
  "solver_iterations": 310,
  "solver_stop_reason": "max_time",
  "status": "ok",
  "violation_count": 74,
  "violation_discounted_event_occupancy": 0.17905116454090758,
  "violation_first_depth_max": 73,
  "violation_first_depth_min": 0
}