{
  "horizon": 95,
  "lower_objective": 3.4729278964727976,
  "lower_values": [
    4.036486230969866,
    3.3197631476993026,
    3.3197631476993026,
    4.036486230969866,
    2.805305473799146,
    3.3197631476993026
  ],
  "method": "deterministic_joint_state_belief_propagation",
  "objective_estimate": 3.4731629272255438,
  "status": "same_as_normal_no_violations",
  "tail_interval_width": 0.0004700615054935575,
  "total_belief_nodes": 26951,
  "unrestricted_upper_minus_restricted_lower": 0.011135845329370841,
  "upper_objective": 3.473397957978291,
  "upper_values": [
    4.036956292475359,
    3.320233209204797,
    3.320233209204797,
    4.036956292475359,
    2.8057755353046394,
    3.320233209204797
  ]
}