{
  "horizon": 95,
  "lower_objective": 2.765125183965344,
  "lower_values": [
    2.2872326518845916,
    3.2074106999382646,
    2.8618299268395058,
    2.5106179714506904,
    2.8618299268395058,
    2.8618299268395058
  ],
  "method": "deterministic_joint_state_belief_propagation",
  "objective_estimate": 2.7653602147180902,
  "status": "ok",
  "tail_interval_width": 0.00047006150549311343,
  "total_belief_nodes": 53070,
  "upper_objective": 2.7655952454708372,
  "upper_values": [
    2.2877027133900856,
    3.207880761443758,
    2.8622999883449984,
    2.511088032956185,
    2.8622999883449984,
    2.8622999883449984
  ]
}