{
  "horizon": 95,
  "lower_objective": 2.7592639324059407,
  "lower_values": [
    2.283395828031219,
    3.2020317641562883,
    2.8573872162092164,
    2.497994353620489,
    2.8573872162092164,
    2.8573872162092164
  ],
  "method": "deterministic_joint_state_belief_propagation",
  "objective_estimate": 2.759498963158688,
  "status": "ok",
  "tail_interval_width": 0.0004700615054948898,
  "total_belief_nodes": 52989,
  "unrestricted_upper_minus_restricted_lower": 0.016881331520791854,
  "upper_objective": 2.7597339939114356,
  "upper_values": [
    2.2838658895367114,
    3.2025018256617837,
    2.857857277714711,
    2.4984644151259845,
    2.857857277714711,
    2.857857277714711
  ]
}