{
  "alpha_vector_count": 4,
  "analysis_discounted_tail_bound": 9.67774912024056e-09,
  "analysis_horizon": 197,
  "analysis_total_belief_nodes": 26254,
  "beta": 0.05,
  "candidate_index": 47,
  "discounted_transmission_occupancy": 0.9931465854771768,
  "epsilon": 0.06000000000000001,
  "epsilon_index": 5,
  "gamma": 0.9,
  "index": 475,
  "margin": -0.4576000000000002,
  "margin_region": "m<0",
  "mdp_seed": 622777685,
  "normal_minus_restricted_lower": 0.0053911900539085345,
  "normal_minus_restricted_upper": 0.006331313064896538,
  "normal_minus_restricted_value": 0.005861251559402092,
  "normal_policy_horizon": 95,
  "normal_policy_interval_width": 0.00047006150549311343,
  "normal_policy_lower_bound": 2.765125183965344,
  "normal_policy_total_belief_nodes": 53070,
  "normal_policy_upper_bound": 2.7655952454708372,
  "normal_policy_value": 2.7653602147180902,
  "point_id": "seed_622777685_e05",
  "restricted_policy_horizon": 95,
  "restricted_policy_interval_width": 0.0004700615054948898,
  "restricted_policy_lower_bound": 2.7592639324059407,
  "restricted_policy_status": "ok",
  "restricted_policy_total_belief_nodes": 52989,
  "restricted_policy_upper_bound": 2.7597339939114356,
  "restricted_policy_value": 2.759498963158688,
  "reused_solver_checkpoint": false,
  "root_gap": 0.01101837859582893,
  "sampled_belief_count": 3589426,
  "sarsop_gap": 0.010872151106517514,
  "sarsop_gap_within_acceptance_threshold": true,
  "sarsop_lower_bound": 2.765273112820215,
  "sarsop_upper_bound": 2.7761452639267326,
  "solver_elapsed_seconds": 258.161416053772,
  "solver_iterations": 424,
  "solver_stop_reason": "precision",
  "status": "ok",
  "violation_count": 1,
  "violation_discounted_event_occupancy": 0.11997027565767483,
  "violation_first_depth_max": 0,
  "violation_first_depth_min": 0
}