{
  "horizon": 95,
  "lower_objective": 2.4677957511120505,
  "lower_values": [
    2.299729475955885,
    2.7869315106331842,
    2.099010951158365,
    2.7869315106331842,
    2.4894316363970908,
    2.344739421894594
  ],
  "method": "deterministic_joint_state_belief_propagation",
  "objective_estimate": 2.4680307818647975,
  "status": "ok",
  "tail_interval_width": 0.00047006150549311343,
  "total_belief_nodes": 27078,
  "upper_objective": 2.4682658126175436,
  "upper_values": [
    2.3001995374613786,
    2.7874015721386782,
    2.099481012663859,
    2.7874015721386782,
    2.4899016979025834,
    2.3452094834000863
  ]
}