{
  "horizon": 95,
  "lower_objective": 3.276564177212883,
  "lower_values": [
    3.468284793986128,
    3.0501392434913184,
    3.468284793986128,
    3.0501392434913184,
    3.154252194336277,
    3.468284793986128
  ],
  "method": "deterministic_joint_state_belief_propagation",
  "objective_estimate": 3.276799207965629,
  "status": "ok",
  "tail_interval_width": 0.00047006150549311343,
  "total_belief_nodes": 26890,
  "upper_objective": 3.277034238718376,
  "upper_values": [
    3.468754855491622,
    3.05060930499681,
    3.468754855491622,
    3.05060930499681,
    3.154722255841769,
    3.468754855491622
  ]
}