{
  "horizon": 95,
  "lower_objective": 2.4717117932482653,
  "lower_values": [
    2.303454116159002,
    2.790885373634706,
    2.1033124877050433,
    2.790885373634706,
    2.4931265986819517,
    2.348606809674183
  ],
  "method": "deterministic_joint_state_belief_propagation",
  "objective_estimate": 2.4719468240010114,
  "status": "ok",
  "tail_interval_width": 0.00047006150549222525,
  "total_belief_nodes": 27078,
  "upper_objective": 2.4721818547537575,
  "upper_values": [
    2.3039241776644954,
    2.7913554351401975,
    2.1037825492105364,
    2.7913554351401975,
    2.493596660187445,
    2.349076871179676
  ]
}