{
  "horizon": 95,
  "lower_objective": 6.206648024970977,
  "lower_values": [
    6.428343084587512,
    5.690319497739917,
    5.836196313735898,
    6.428343084587512,
    6.428343084587512,
    6.428343084587512
  ],
  "method": "deterministic_joint_state_belief_propagation",
  "objective_estimate": 6.20688305572374,
  "status": "ok",
  "tail_interval_width": 0.00047006150552597603,
  "total_belief_nodes": 3477,
  "upper_objective": 6.207118086476503,
  "upper_values": [
    6.428813146093002,
    5.6907895592455215,
    5.836666375241491,
    6.428813146093002,
    6.428813146093002,
    6.428813146093002
  ]
}