{
  "horizon": 95,
  "lower_objective": 2.663744380928513,
  "lower_values": [
    2.8506460497318247,
    3.174230407827025,
    2.4000146571949452,
    2.8506460497318247,
    2.3356948428018685,
    2.3712342782835925
  ],
  "method": "deterministic_joint_state_belief_propagation",
  "objective_estimate": 2.66397941168126,
  "status": "ok",
  "tail_interval_width": 0.0004700615054940016,
  "total_belief_nodes": 119632,
  "upper_objective": 2.664214442434007,
  "upper_values": [
    2.8511161112373187,
    3.174700469332519,
    2.4004847187004374,
    2.8511161112373187,
    2.3361649043073616,
    2.371704339789087
  ]
}