{
  "horizon": 95,
  "lower_objective": 2.6535419499727104,
  "lower_values": [
    2.843761861401366,
    3.1660171300583233,
    2.393865393994026,
    2.843761861401366,
    2.32089232706779,
    2.352953125913393
  ],
  "method": "deterministic_joint_state_belief_propagation",
  "objective_estimate": 2.653776980725458,
  "status": "ok",
  "tail_interval_width": 0.0004700615054935575,
  "total_belief_nodes": 119501,
  "unrestricted_upper_minus_restricted_lower": 0.03746584562476318,
  "upper_objective": 2.654012011478204,
  "upper_values": [
    2.8442319229068596,
    3.1664871915638164,
    2.394335455499521,
    2.8442319229068596,
    2.321362388573284,
    2.3534231874188865
  ]
}