{
  "alpha_vector_count": 21,
  "analysis_discounted_tail_bound": 9.67774912024056e-09,
  "analysis_horizon": 197,
  "analysis_total_belief_nodes": 54083,
  "beta": 0.05,
  "candidate_index": 8,
  "discounted_transmission_occupancy": 1.8394264093328654,
  "epsilon": 0.030000000000000006,
  "epsilon_index": 2,
  "gamma": 0.9,
  "index": 82,
  "margin": -0.21190000000000014,
  "margin_region": "m<0",
  "mdp_seed": 826965060,
  "normal_minus_restricted_lower": 0.009732369450309086,
  "normal_minus_restricted_upper": 0.010672492461296645,
  "normal_minus_restricted_value": 0.0102024309558022,
  "normal_policy_horizon": 95,
  "normal_policy_interval_width": 0.0004700615054940016,
  "normal_policy_lower_bound": 2.663744380928513,
  "normal_policy_total_belief_nodes": 119632,
  "normal_policy_upper_bound": 2.664214442434007,
  "normal_policy_value": 2.66397941168126,
  "point_id": "seed_826965060_e02",
  "restricted_policy_horizon": 95,
  "restricted_policy_interval_width": 0.0004700615054935575,
  "restricted_policy_lower_bound": 2.6535419499727104,
  "restricted_policy_status": "ok",
  "restricted_policy_total_belief_nodes": 119501,
  "restricted_policy_upper_bound": 2.654012011478204,
  "restricted_policy_value": 2.653776980725458,
  "reused_solver_checkpoint": false,
  "root_gap": 0.027117626308777884,
  "sampled_belief_count": 6635245,
  "sarsop_gap": 0.02711762630878045,
  "sarsop_gap_within_acceptance_threshold": true,
  "sarsop_lower_bound": 2.663890169288693,
  "sarsop_upper_bound": 2.6910077955974736,
  "solver_elapsed_seconds": 606.1097640991211,
  "solver_iterations": 439,
  "solver_stop_reason": "max_time",
  "status": "ok",
  "violation_count": 9,
  "violation_discounted_event_occupancy": 0.17414738905785446,
  "violation_first_depth_max": 9,
  "violation_first_depth_min": 0
}