{
  "analysis_discounted_tail_bound": 9.67774912024056e-09,
  "analysis_horizon": 197,
  "analysis_total_belief_nodes": 54083,
  "discounted_transmission_occupancy": 1.8394264093328654,
  "violation_count": 9,
  "violations": [
    {
      "action": 41,
      "belief": [
        0.0,
        0.0,
        0.0,
        0.0,
        1.0,
        0.0
      ],
      "common_next_receiver_action": 1,
      "discounted_event_occupancy": 0.03170275483524765,
      "first_depth": 0,
      "no_reception_next_action": 97,
      "null_probability_given_belief": 0.6535714285714285,
      "prescription": [
        0,
        1,
        0,
        1,
        0,
        0
      ],
      "prescription_index": 20,
      "reached_state": 3,
      "receiver_action": 1,
      "success_next_action": 17,
      "success_probability_given_belief": 0.1732142857142857
    },
    {
      "action": 105,
      "belief": [
        0.006479481641468684,
        0.0,
        0.0,
        0.0,
        0.21598272138228944,
        0.7775377969762419
      ],
      "common_next_receiver_action": 1,
      "discounted_event_occupancy": 0.015673321295259456,
      "first_depth": 1,
      "no_reception_next_action": 105,
      "null_probability_given_belief": 0.7893744214748534,
      "prescription": [
        1,
        1,
        0,
        1,
        0,
        0
      ],
      "prescription_index": 52,
      "reached_state": 3,
      "receiver_action": 1,
      "success_next_action": 17,
      "success_probability_given_belief": 0.03741129281086085
    },
    {
      "action": 105,
      "belief": [
        0.0053207862451079575,
        0.001465781334740484,
        0.17589376016885805,
        0.001465781334740484,
        0.17735954150359853,
        0.6384943494129546
      ],
      "common_next_receiver_action": 1,
      "discounted_event_occupancy": 0.04186456069824101,
      "first_depth": 2,
      "no_reception_next_action": 105,
      "null_probability_given_belief": 0.7159354773526314,
      "prescription": [
        1,
        1,
        0,
        1,
        0,
        0
      ],
      "prescription_index": 52,
      "reached_state": 3,
      "receiver_action": 1,
      "success_next_action": 17,
      "success_probability_given_belief": 0.14065742386836447
    },
    {
      "action": 105,
      "belief": [
        0.004828454748605681,
        0.0013666162271455103,
        0.20349347031278514,
        0.006076287237870085,
        0.2057711640246943,
        0.5784640074488993
      ],
      "common_next_receiver_action": 1,
      "discounted_event_occupancy": 0.03121618337486372,
      "first_depth": 3,
      "no_reception_next_action": 105,
      "null_probability_given_belief": 0.6957094720951,
      "prescription": [
        1,
        1,
        0,
        1,
        0,
        0
      ],
      "prescription_index": 52,
      "reached_state": 3,
      "receiver_action": 1,
      "success_next_action": 17,
      "success_probability_given_belief": 0.16277193663866613
    },
    {
      "action": 105,
      "belief": [
        0.0045382917911880125,
        0.0017529315182036982,
        0.24393031917106645,
        0.007236042930709559,
        0.20321130101288265,
        0.5393311135759495
      ],
      "common_next_receiver_action": 1,
      "discounted_event_occupancy": 0.022528295132295036,
      "first_depth": 4,
      "no_reception_next_action": 105,
      "null_probability_given_belief": 0.677218662706078,
      "prescription": [
        1,
        1,
        0,
        1,
        0,
        0
      ],
      "prescription_index": 52,
      "reached_state": 3,
      "receiver_action": 1,
      "success_next_action": 17,
      "success_probability_given_belief": 0.18761071073223534
    },
    {
      "action": 105,
      "belief": [
        0.004359523413138253,
        0.0018135711460239947,
        0.2591289669333746,
        0.00856797580303583,
        0.20939382594647596,
        0.5167361367579514
      ],
      "common_next_receiver_action": 1,
      "discounted_event_occupancy": 0.014503708658880326,
      "first_depth": 5,
      "no_reception_next_action": 105,
      "null_probability_given_belief": 0.6684723862003119,
      "prescription": [
        1,
        1,
        0,
        1,
        0,
        0
      ],
      "prescription_index": 52,
      "reached_state": 3,
      "receiver_action": 1,
      "success_next_action": 17,
      "success_probability_given_belief": 0.19816955851983376
    },
    {
      "action": 105,
      "belief": [
        0.004244728462570825,
        0.0019252735025580936,
        0.2728808937125801,
        0.009168599249068472,
        0.21016828269082194,
        0.5016122223824004
      ],
      "common_next_receiver_action": 1,
      "discounted_event_occupancy": 0.009110142290161945,
      "first_depth": 6,
      "no_reception_next_action": 105,
      "null_probability_given_belief": 0.6617704291551836,
      "prescription": [
        1,
        1,
        0,
        1,
        0,
        0
      ],
      "prescription_index": 52,
      "reached_state": 3,
      "receiver_action": 1,
      "success_next_action": 17,
      "success_probability_given_belief": 0.2068983625628408
    },
    {
      "action": 105,
      "belief": [
        0.004169218395652071,
        0.0019685444416063223,
        0.2802696440404555,
        0.009669393112574469,
        0.2120040410198664,
        0.49191915898984534
      ],
      "common_next_receiver_action": 1,
      "discounted_event_occupancy": 0.005555306228285739,
      "first_depth": 7,
      "no_reception_next_action": 97,
      "null_probability_given_belief": 0.657812592355641,
      "prescription": [
        1,
        1,
        0,
        1,
        0,
        0
      ],
      "prescription_index": 52,
      "reached_state": 3,
      "receiver_action": 1,
      "success_next_action": 17,
      "success_probability_given_belief": 0.2118312508726605
    },
    {
      "action": 105,
      "belief": [
        0.0030736929955827246,
        0.0015295768697065689,
        0.2177633122922618,
        0.2551850313811971,
        0.16054835179976404,
        0.3619000346614876
      ],
      "common_next_receiver_action": 1,
      "discounted_event_occupancy": 0.0019931165446196147,
      "first_depth": 9,
      "no_reception_next_action": 97,
      "null_probability_given_belief": 0.5417790884946436,
      "prescription": [
        1,
        1,
        0,
        1,
        0,
        0
      ],
      "prescription_index": 52,
      "reached_state": 3,
      "receiver_action": 1,
      "success_next_action": 17,
      "success_probability_given_belief": 0.16386519238106517
    }
  ]
}