{
  "horizon": 95,
  "lower_objective": 3.4760401406783754,
  "lower_values": [
    4.040103510682097,
    3.3227381325799255,
    3.3227381325799255,
    4.040103510682097,
    2.8078194249662833,
    3.3227381325799255
  ],
  "method": "deterministic_joint_state_belief_propagation",
  "objective_estimate": 3.476275171431122,
  "status": "ok",
  "tail_interval_width": 0.0004700615054935575,
  "total_belief_nodes": 26984,
  "upper_objective": 3.476510202183869,
  "upper_values": [
    4.040573572187591,
    3.323208194085419,
    3.323208194085419,
    4.040573572187591,
    2.808289486471777,
    3.323208194085419
  ]
}