{
  "horizon": 95,
  "lower_objective": 2.8091872221569703,
  "lower_values": [
    2.75328367614185,
    2.75328367614185,
    2.3895409354203356,
    2.598082125908655,
    3.180466459664566,
    3.180466459664566
  ],
  "method": "deterministic_joint_state_belief_propagation",
  "objective_estimate": 2.809422252909717,
  "status": "ok",
  "tail_interval_width": 0.00047006150549311343,
  "total_belief_nodes": 66767,
  "upper_objective": 2.8096572836624634,
  "upper_values": [
    2.7537537376473438,
    2.7537537376473438,
    2.390010996925829,
    2.5985521874141466,
    3.180936521170059,
    3.180936521170059
  ]
}