{
  "horizon": 95,
  "lower_objective": 2.7700275830191807,
  "lower_values": [
    2.7143378906564504,
    2.7143378906564504,
    2.3574282404418208,
    2.564129323606702,
    3.1349660763768306,
    3.1349660763768306
  ],
  "method": "deterministic_joint_state_belief_propagation",
  "objective_estimate": 2.7702626137719273,
  "status": "ok",
  "tail_interval_width": 0.00047006150549266934,
  "total_belief_nodes": 66413,
  "unrestricted_upper_minus_restricted_lower": 0.06070018520964027,
  "upper_objective": 2.7704976445246734,
  "upper_values": [
    2.714807952161944,
    2.714807952161944,
    2.357898301947314,
    2.564599385112197,
    3.135436137882323,
    3.135436137882323
  ]
}