{
  "horizon": 1224,
  "lower_objective": 48.384429135509905,
  "lower_values": [
    48.560332605297226,
    48.213147859465614,
    48.560332605297226,
    48.560332605297226,
    48.560332605297226,
    47.852096532404914
  ],
  "method": "deterministic_joint_state_belief_propagation",
  "objective_estimate": 48.38467885123113,
  "status": "ok",
  "tail_interval_width": 0.0004994314424635604,
  "total_belief_nodes": 485591,
  "upper_objective": 48.38492856695237,
  "upper_values": [
    48.56083203673913,
    48.21364729090753,
    48.56083203673913,
    48.56083203673913,
    48.56083203673913,
    47.852595963850156
  ]
}