{
  "horizon": 95,
  "lower_objective": 2.7601588996097415,
  "lower_values": [
    2.280729773087048,
    3.2024737652933015,
    2.857181397912649,
    2.5062056655401537,
    2.857181397912649,
    2.857181397912649
  ],
  "method": "deterministic_joint_state_belief_propagation",
  "objective_estimate": 2.760393930362489,
  "status": "ok",
  "tail_interval_width": 0.0004700615054944457,
  "total_belief_nodes": 51451,
  "upper_objective": 2.760628961115236,
  "upper_values": [
    2.281199834592542,
    3.2029438267987977,
    2.8576514594181432,
    2.5066757270456463,
    2.8576514594181432,
    2.8576514594181432
  ]
}