{
  "alpha_vector_count": 8,
  "analysis_discounted_tail_bound": 9.67774912024056e-09,
  "analysis_horizon": 197,
  "analysis_total_belief_nodes": 24320,
  "beta": 0.05,
  "candidate_index": 47,
  "discounted_transmission_occupancy": 1.0012096223624138,
  "epsilon": 0.08,
  "epsilon_index": 7,
  "gamma": 0.9,
  "index": 477,
  "margin": -0.6124000000000002,
  "margin_region": "m<0",
  "mdp_seed": 622777685,
  "normal_minus_restricted_lower": 0.005872737044259058,
  "normal_minus_restricted_upper": 0.006812860055247949,
  "normal_minus_restricted_value": 0.006342798549753503,
  "normal_policy_horizon": 95,
  "normal_policy_interval_width": 0.0004700615054944457,
  "normal_policy_lower_bound": 2.7601588996097415,
  "normal_policy_total_belief_nodes": 51451,
  "normal_policy_upper_bound": 2.760628961115236,
  "normal_policy_value": 2.760393930362489,
  "point_id": "seed_622777685_e07",
  "restricted_policy_horizon": 95,
  "restricted_policy_interval_width": 0.0004700615054944457,
  "restricted_policy_lower_bound": 2.753816101059988,
  "restricted_policy_status": "ok",
  "restricted_policy_total_belief_nodes": 51382,
  "restricted_policy_upper_bound": 2.7542861625654824,
  "restricted_policy_value": 2.7540511318127354,
  "reused_solver_checkpoint": false,
  "root_gap": 0.036603048872925946,
  "sampled_belief_count": 1884562,
  "sarsop_gap": 0.03660304887292609,
  "sarsop_gap_within_acceptance_threshold": true,
  "sarsop_lower_bound": 2.760302947519506,
  "sarsop_upper_bound": 2.796905996392432,
  "solver_elapsed_seconds": 1000.3023200035095,
  "solver_iterations": 122,
  "solver_stop_reason": "max_time",
  "status": "ok",
  "violation_count": 1,
  "violation_discounted_event_occupancy": 0.11565404852643493,
  "violation_first_depth_max": 0,
  "violation_first_depth_min": 0
}