{
  "horizon": 95,
  "lower_objective": 2.7550651339908674,
  "lower_values": [
    2.274079597273494,
    3.1974133140243786,
    2.8524195165244137,
    2.5016393430740926,
    2.8524195165244137,
    2.8524195165244137
  ],
  "method": "deterministic_joint_state_belief_propagation",
  "objective_estimate": 2.755300164743614,
  "status": "ok",
  "tail_interval_width": 0.00047006150549311343,
  "total_belief_nodes": 51664,
  "upper_objective": 2.7555351954963605,
  "upper_values": [
    2.274549658778988,
    3.1978833755298712,
    2.8528895780299064,
    2.502109404579585,
    2.8528895780299064,
    2.8528895780299064
  ]
}