{
  "horizon": 95,
  "lower_objective": 1.0908386405750308,
  "lower_values": [
    0.9221248715009843,
    0.9221248715009843,
    1.2980098064042085,
    1.2980098064042085,
    1.0523812438198998,
    1.0523812438198998
  ],
  "method": "deterministic_joint_state_belief_propagation",
  "objective_estimate": 1.0910736713277776,
  "status": "same_as_normal_no_violations",
  "tail_interval_width": 0.0004700615054933355,
  "total_belief_nodes": 79610,
  "unrestricted_upper_minus_restricted_lower": 0.02911704741766985,
  "upper_objective": 1.091308702080524,
  "upper_values": [
    0.922594933006479,
    0.922594933006479,
    1.2984798679097007,
    1.2984798679097007,
    1.0528513053253932,
    1.0528513053253932
  ]
}