{
  "horizon": 95,
  "lower_objective": 2.2409034536985764,
  "lower_values": [
    2.1827478777761327,
    2.1827478777761327,
    2.596851601285594,
    2.1175776098013337,
    2.1827478777761327,
    2.1827478777761327
  ],
  "method": "deterministic_joint_state_belief_propagation",
  "objective_estimate": 2.241138484451322,
  "status": "same_as_normal_no_violations",
  "tail_interval_width": 0.00047006150549178116,
  "total_belief_nodes": 54049,
  "unrestricted_upper_minus_restricted_lower": 0.01105041893143932,
  "upper_objective": 2.241373515204068,
  "upper_values": [
    2.1832179392816244,
    2.1832179392816244,
    2.597321662791085,
    2.1180476713068273,
    2.1832179392816244,
    2.1832179392816244
  ]
}