{
  "horizon": 95,
  "lower_objective": 3.394837951735096,
  "lower_values": [
    3.5993983230832773,
    3.5993983230832773,
    3.14138874122264,
    3.288055258715465,
    3.5993983230832773,
    3.14138874122264
  ],
  "method": "deterministic_joint_state_belief_propagation",
  "objective_estimate": 3.395072982487843,
  "status": "ok",
  "tail_interval_width": 0.0004700615054935575,
  "total_belief_nodes": 31041,
  "upper_objective": 3.3953080132405895,
  "upper_values": [
    3.599868384588772,
    3.599868384588772,
    3.141858802728132,
    3.2885253202209594,
    3.599868384588772,
    3.141858802728132
  ]
}