{
  "horizon": 95,
  "lower_objective": 3.360761483587068,
  "lower_values": [
    3.5577827877297077,
    3.5577827877297077,
    3.114057166167489,
    3.263106205998306,
    3.5577827877297077,
    3.114057166167489
  ],
  "method": "deterministic_joint_state_belief_propagation",
  "objective_estimate": 3.3609965143398144,
  "status": "ok",
  "tail_interval_width": 0.0004700615054935575,
  "total_belief_nodes": 30940,
  "unrestricted_upper_minus_restricted_lower": 0.11333292722270949,
  "upper_objective": 3.3612315450925614,
  "upper_values": [
    3.5582528492352012,
    3.5582528492352012,
    3.1145272276729816,
    3.2635762675038,
    3.5582528492352012,
    3.1145272276729816
  ]
}