{
  "horizon": 95,
  "lower_objective": 1.0988125464590217,
  "lower_values": [
    0.9295699027526393,
    0.9295699027526393,
    1.3058322404813196,
    1.3058322404813196,
    1.0610354961431065,
    1.0610354961431065
  ],
  "method": "deterministic_joint_state_belief_propagation",
  "objective_estimate": 1.099047577211768,
  "status": "same_as_normal_no_violations",
  "tail_interval_width": 0.0004700615054924473,
  "total_belief_nodes": 79610,
  "unrestricted_upper_minus_restricted_lower": 0.016034930055418783,
  "upper_objective": 1.0992826079645142,
  "upper_values": [
    0.9300399642581331,
    0.9300399642581331,
    1.3063023019868114,
    1.3063023019868114,
    1.0615055576485986,
    1.0615055576485986
  ]
}