{
  "horizon": 95,
  "lower_objective": 1.390431669505574,
  "lower_values": [
    1.4842765134523208,
    1.2965868255588273,
    1.2965868255588273,
    1.4842765134523208,
    1.2965868255588273,
    1.4842765134523208
  ],
  "method": "deterministic_joint_state_belief_propagation",
  "objective_estimate": 1.390666700258321,
  "status": "ok",
  "tail_interval_width": 0.0004700615054944457,
  "total_belief_nodes": 25014,
  "upper_objective": 1.3909017310110685,
  "upper_values": [
    1.4847465749578153,
    1.2970568870643218,
    1.2970568870643218,
    1.4847465749578153,
    1.2970568870643218,
    1.4847465749578153
  ]
}