{
  "horizon": 95,
  "lower_objective": 3.2841345482981277,
  "lower_values": [
    3.4756474542281306,
    3.0575665307946625,
    3.4756474542281306,
    3.0575665307946625,
    3.1627318655150503,
    3.4756474542281306
  ],
  "method": "deterministic_joint_state_belief_propagation",
  "objective_estimate": 3.2843695790508742,
  "status": "ok",
  "tail_interval_width": 0.00047006150549311343,
  "total_belief_nodes": 26890,
  "upper_objective": 3.284604609803621,
  "upper_values": [
    3.4761175157336237,
    3.0580365923001556,
    3.4761175157336237,
    3.0580365923001556,
    3.163201927020544,
    3.4761175157336237
  ]
}