{
  "horizon": 95,
  "lower_objective": 2.650787743922762,
  "lower_values": [
    2.8396697835198,
    3.162208774602714,
    2.3881237610541985,
    2.8396697835198,
    2.319807508417575,
    2.3552468524224865
  ],
  "method": "deterministic_joint_state_belief_propagation",
  "objective_estimate": 2.6510227746755106,
  "status": "ok",
  "tail_interval_width": 0.0004700615054975543,
  "total_belief_nodes": 120025,
  "upper_objective": 2.6512578054282594,
  "upper_values": [
    2.8401398450252975,
    3.1626788361082117,
    2.388593822559695,
    2.8401398450252975,
    2.3202775699230718,
    2.3557169139279828
  ]
}