{
  "horizon": 95,
  "lower_objective": 2.628134950527164,
  "lower_values": [
    2.8233846151719915,
    3.1452054417863264,
    2.3643760747270726,
    2.8233846151719915,
    2.2876553934485164,
    2.3248035628570856
  ],
  "method": "deterministic_joint_state_belief_propagation",
  "objective_estimate": 2.6283699812799113,
  "status": "ok",
  "tail_interval_width": 0.0004700615054948898,
  "total_belief_nodes": 120746,
  "unrestricted_upper_minus_restricted_lower": 0.07093517673349492,
  "upper_objective": 2.6286050120326587,
  "upper_values": [
    2.823854676677487,
    3.145675503291821,
    2.364846136232566,
    2.823854676677487,
    2.288125454954011,
    2.325273624362581
  ]
}