{
  "horizon": 95,
  "lower_objective": 3.2826515840244683,
  "lower_values": [
    3.474205178544324,
    3.056111595280722,
    3.474205178544324,
    3.056111595280722,
    3.1610707779523946,
    3.474205178544324
  ],
  "method": "deterministic_joint_state_belief_propagation",
  "objective_estimate": 3.282886614777215,
  "status": "same_as_normal_no_violations",
  "tail_interval_width": 0.00047006150549311343,
  "total_belief_nodes": 26890,
  "unrestricted_upper_minus_restricted_lower": 0.010935053368646752,
  "upper_objective": 3.2831216455299614,
  "upper_values": [
    3.474675240049817,
    3.0565816567862143,
    3.474675240049817,
    3.0565816567862143,
    3.16154083945789,
    3.474675240049817
  ]
}