{
  "horizon": 95,
  "lower_objective": 3.89788461521346,
  "lower_values": [
    4.420137082301896,
    3.207529780306205,
    4.420137082301896,
    4.420137082301896,
    3.6014276767810354,
    3.3179389872878318
  ],
  "method": "deterministic_joint_state_belief_propagation",
  "objective_estimate": 3.8981196459662066,
  "status": "same_as_normal_no_violations",
  "tail_interval_width": 0.0004700615054940016,
  "total_belief_nodes": 13623,
  "unrestricted_upper_minus_restricted_lower": 0.011273972557341416,
  "upper_objective": 3.898354676718954,
  "upper_values": [
    4.42060714380739,
    3.2079998418116995,
    4.42060714380739,
    4.42060714380739,
    3.601897738286528,
    3.318409048793326
  ]
}