{
  "horizon": 95,
  "lower_objective": 3.0728540532057775,
  "lower_values": [
    2.9407765309052842,
    2.9407765309052842,
    2.9407765309052842,
    2.9364872087579483,
    3.737530986855581,
    2.9407765309052842
  ],
  "method": "deterministic_joint_state_belief_propagation",
  "objective_estimate": 3.073089083958524,
  "status": "ok",
  "tail_interval_width": 0.00047006150549266934,
  "total_belief_nodes": 24686,
  "upper_objective": 3.07332411471127,
  "upper_values": [
    2.941246592410777,
    2.941246592410777,
    2.941246592410777,
    2.9369572702634414,
    3.7380010483610735,
    2.941246592410777
  ]
}