{
  "horizon": 95,
  "lower_objective": 1.9556693537494667,
  "lower_values": [
    1.9355784573793755,
    1.807393537488114,
    1.807393537488114,
    1.954530166112551,
    2.2745902579160946,
    1.954530166112551
  ],
  "method": "deterministic_joint_state_belief_propagation",
  "objective_estimate": 1.9559043845022144,
  "status": "ok",
  "tail_interval_width": 0.0004700615054953339,
  "total_belief_nodes": 77816,
  "upper_objective": 1.956139415254962,
  "upper_values": [
    1.9360485188848704,
    1.8078635989936092,
    1.8078635989936092,
    1.9550002276180474,
    2.27506031942159,
    1.9550002276180474
  ]
}