{
  "alpha_vector_count": 10,
  "analysis_discounted_tail_bound": 9.67774912024056e-09,
  "analysis_horizon": 197,
  "analysis_total_belief_nodes": 13401,
  "beta": 0.05,
  "candidate_index": 45,
  "discounted_transmission_occupancy": 2.5336236065889777,
  "epsilon": 0.05000000000000001,
  "epsilon_index": 4,
  "gamma": 0.9,
  "index": 454,
  "margin": -0.3775000000000002,
  "margin_region": "m<0",
  "mdp_seed": 20617211,
  "normal_minus_restricted_lower": 0.055099410996110265,
  "normal_minus_restricted_upper": 0.05603953400713335,
  "normal_minus_restricted_value": 0.055569472501621586,
  "normal_policy_horizon": 95,
  "normal_policy_interval_width": 0.0004700615054935575,
  "normal_policy_lower_bound": 3.9982017070413707,
  "normal_policy_total_belief_nodes": 34118,
  "normal_policy_upper_bound": 3.9986717685468642,
  "normal_policy_value": 3.9984367377941177,
  "point_id": "seed_20617211_e04",
  "restricted_policy_horizon": 95,
  "restricted_policy_interval_width": 0.00047006150552952874,
  "restricted_policy_lower_bound": 3.942632234539731,
  "restricted_policy_status": "ok",
  "restricted_policy_total_belief_nodes": 22560,
  "restricted_policy_upper_bound": 3.9431022960452604,
  "restricted_policy_value": 3.942867265292496,
  "reused_solver_checkpoint": false,
  "root_gap": 0.1752246984103234,
  "sampled_belief_count": 300700,
  "sarsop_gap": 0.17522469841032384,
  "sarsop_gap_within_acceptance_threshold": true,
  "sarsop_lower_bound": 3.9970424799415816,
  "sarsop_upper_bound": 4.172267178351905,
  "solver_elapsed_seconds": 903.8251450061798,
  "solver_iterations": 17,
  "solver_stop_reason": "max_time",
  "status": "ok",
  "violation_count": 71,
  "violation_discounted_event_occupancy": 0.7537658492535025,
  "violation_first_depth_max": 36,
  "violation_first_depth_min": 1
}