{
  "horizon": 1229,
  "lower_objective": 45.45938256093485,
  "lower_values": [
    45.631854974632404,
    45.27553944385641,
    45.631854974632404,
    45.631854974632404,
    45.631854974632404,
    44.95333602322309
  ],
  "method": "deterministic_joint_state_belief_propagation",
  "objective_estimate": 45.45963073429707,
  "status": "ok",
  "tail_interval_width": 0.0004963467244394337,
  "total_belief_nodes": 329314,
  "upper_objective": 45.45987890765929,
  "upper_values": [
    45.63235132135684,
    45.27603579058087,
    45.63235132135684,
    45.63235132135684,
    45.63235132135684,
    44.953832369947506
  ]
}