{
  "horizon": 95,
  "lower_objective": 2.604199633041377,
  "lower_values": [
    2.803826067924342,
    3.123688872683454,
    2.343630422743083,
    2.803826067924342,
    2.2577195556099947,
    2.29250681136305
  ],
  "method": "deterministic_joint_state_belief_propagation",
  "objective_estimate": 2.604434663794124,
  "status": "ok",
  "tail_interval_width": 0.0004700615054935575,
  "total_belief_nodes": 121221,
  "unrestricted_upper_minus_restricted_lower": 0.0734353758088071,
  "upper_objective": 2.6046696945468706,
  "upper_values": [
    2.8042961294298343,
    3.124158934188948,
    2.344100484248576,
    2.8042961294298343,
    2.2581896171154883,
    2.2929768728685445
  ]
}