{
  "alpha_vector_count": 10,
  "analysis_discounted_tail_bound": 9.67774912024056e-09,
  "analysis_horizon": 197,
  "analysis_total_belief_nodes": 54613,
  "beta": 0.05,
  "candidate_index": 8,
  "discounted_transmission_occupancy": 1.9727471199418192,
  "epsilon": 0.1,
  "epsilon_index": 9,
  "gamma": 0.9,
  "index": 89,
  "margin": -0.7600000000000003,
  "margin_region": "m<0",
  "mdp_seed": 826965060,
  "normal_minus_restricted_lower": 0.02890520325082724,
  "normal_minus_restricted_upper": 0.029845326261816574,
  "normal_minus_restricted_value": 0.029375264756321684,
  "normal_policy_horizon": 95,
  "normal_policy_interval_width": 0.00047006150549577796,
  "normal_policy_lower_bound": 2.633574897797698,
  "normal_policy_total_belief_nodes": 120386,
  "normal_policy_upper_bound": 2.6340449593031936,
  "normal_policy_value": 2.6338099285504457,
  "point_id": "seed_826965060_e09",
  "restricted_policy_horizon": 95,
  "restricted_policy_interval_width": 0.0004700615054935575,
  "restricted_policy_lower_bound": 2.604199633041377,
  "restricted_policy_status": "ok",
  "restricted_policy_total_belief_nodes": 121221,
  "restricted_policy_upper_bound": 2.6046696945468706,
  "restricted_policy_value": 2.604434663794124,
  "reused_solver_checkpoint": false,
  "root_gap": 0.04440563363743482,
  "sampled_belief_count": 6507019,
  "sarsop_gap": 0.04391605446862501,
  "sarsop_gap_within_acceptance_threshold": true,
  "sarsop_lower_bound": 2.633718954381559,
  "sarsop_upper_bound": 2.677635008850184,
  "solver_elapsed_seconds": 601.656702041626,
  "solver_iterations": 429,
  "solver_stop_reason": "max_time",
  "status": "ok",
  "violation_count": 79,
  "violation_discounted_event_occupancy": 0.32585480593847715,
  "violation_first_depth_max": 76,
  "violation_first_depth_min": 0
}