{
  "horizon": 1224,
  "lower_objective": 47.54447567294831,
  "lower_values": [
    47.717668285333126,
    47.36650962298725,
    47.717668285333126,
    47.717668285333126,
    47.717668285333126,
    47.029671273370106
  ],
  "method": "deterministic_joint_state_belief_propagation",
  "objective_estimate": 47.544725388669264,
  "status": "ok",
  "tail_interval_width": 0.0004994314419022317,
  "total_belief_nodes": 306242,
  "upper_objective": 47.54497510439021,
  "upper_values": [
    47.71816771677502,
    47.367009054429154,
    47.71816771677502,
    47.71816771677502,
    47.71816771677502,
    47.03017070481203
  ]
}