{
  "horizon": 95,
  "lower_objective": 3.273359575340775,
  "lower_values": [
    3.0519379964189137,
    3.0519379964189137,
    3.443323685781474,
    3.443323685781474,
    3.206310401862403,
    3.443323685781474
  ],
  "method": "deterministic_joint_state_belief_propagation",
  "objective_estimate": 3.273594606093522,
  "status": "ok",
  "tail_interval_width": 0.0004700615054935575,
  "total_belief_nodes": 32120,
  "upper_objective": 3.2738296368462687,
  "upper_values": [
    3.052408057924408,
    3.052408057924408,
    3.4437937472869677,
    3.4437937472869677,
    3.206780463367895,
    3.4437937472869677
  ]
}