{
  "horizon": 95,
  "lower_objective": 3.969219953746076,
  "lower_values": [
    4.457633622335406,
    3.3729183139974195,
    4.457633622335406,
    4.457633622335406,
    3.3729183139974195,
    3.6965822274754014
  ],
  "method": "deterministic_joint_state_belief_propagation",
  "objective_estimate": 3.969454984498823,
  "status": "ok",
  "tail_interval_width": 0.00047006150549311343,
  "total_belief_nodes": 36319,
  "upper_objective": 3.9696900152515693,
  "upper_values": [
    4.458103683840901,
    3.373388375502911,
    4.458103683840901,
    4.458103683840901,
    3.373388375502911,
    3.6970522889808946
  ]
}