{
  "alpha_vector_count": 10,
  "analysis_discounted_tail_bound": 9.67774912024056e-09,
  "analysis_horizon": 197,
  "analysis_total_belief_nodes": 14438,
  "beta": 0.05,
  "candidate_index": 45,
  "discounted_transmission_occupancy": 2.5850625553552895,
  "epsilon": 0.07,
  "epsilon_index": 6,
  "gamma": 0.9,
  "index": 456,
  "margin": -0.5359000000000002,
  "margin_region": "m<0",
  "mdp_seed": 20617211,
  "normal_minus_restricted_lower": 0.07095827754093964,
  "normal_minus_restricted_upper": 0.0718984005520249,
  "normal_minus_restricted_value": 0.07142833904648294,
  "normal_policy_horizon": 95,
  "normal_policy_interval_width": 0.00047006150549311343,
  "normal_policy_lower_bound": 3.969219953746076,
  "normal_policy_total_belief_nodes": 36319,
  "normal_policy_upper_bound": 3.9696900152515693,
  "normal_policy_value": 3.969454984498823,
  "point_id": "seed_20617211_e06",
  "restricted_policy_horizon": 95,
  "restricted_policy_interval_width": 0.0004700615055921453,
  "restricted_policy_lower_bound": 3.8977916146995444,
  "restricted_policy_status": "ok",
  "restricted_policy_total_belief_nodes": 20217,
  "restricted_policy_upper_bound": 3.8982616762051365,
  "restricted_policy_value": 3.8980266454523402,
  "reused_solver_checkpoint": false,
  "root_gap": 0.08405705005359593,
  "sampled_belief_count": 4737139,
  "sarsop_gap": 0.08405149461358663,
  "sarsop_gap_within_acceptance_threshold": true,
  "sarsop_lower_bound": 3.969426008979801,
  "sarsop_upper_bound": 4.053477503593387,
  "solver_elapsed_seconds": 604.552549123764,
  "solver_iterations": 195,
  "solver_stop_reason": "max_time",
  "status": "ok",
  "violation_count": 115,
  "violation_discounted_event_occupancy": 0.8024803817584792,
  "violation_first_depth_max": 39,
  "violation_first_depth_min": 1
}