{
  "horizon": 95,
  "lower_objective": 2.8160679172056526,
  "lower_values": [
    3.052078390244299,
    2.792691062935532,
    3.052078390244299,
    2.580775275063546,
    2.792691062935532,
    2.626093321810708
  ],
  "method": "deterministic_joint_state_belief_propagation",
  "objective_estimate": 2.8163029479583983,
  "status": "same_as_normal_no_violations",
  "tail_interval_width": 0.00047006150549178116,
  "total_belief_nodes": 64157,
  "unrestricted_upper_minus_restricted_lower": 0.08346137027733347,
  "upper_objective": 2.8165379787111444,
  "upper_values": [
    3.0525484517497907,
    2.7931611244410246,
    3.0525484517497907,
    2.581245336569038,
    2.7931611244410246,
    2.6265633833162005
  ]
}