{
  "horizon": 95,
  "lower_objective": 1.6535934210515977,
  "lower_values": [
    1.6012148737591978,
    1.5987275616310592,
    1.5008769471210275,
    1.6012148737591978,
    1.5987275616310592,
    2.0207987084080448
  ],
  "method": "deterministic_joint_state_belief_propagation",
  "objective_estimate": 1.6538284518043438,
  "status": "same_as_normal_no_violations",
  "tail_interval_width": 0.0004700615054920032,
  "total_belief_nodes": 26609,
  "unrestricted_upper_minus_restricted_lower": 0.01113974013176855,
  "upper_objective": 1.6540634825570897,
  "upper_values": [
    1.60168493526469,
    1.5991976231365503,
    1.5013470086265202,
    1.60168493526469,
    1.5991976231365503,
    2.0212687699135374
  ]
}