{
  "horizon": 94,
  "lower_objective": 5.0758315284009,
  "lower_values": [
    5.251540324019045,
    4.892257717478549,
    5.251540324019045,
    5.251540324019045,
    5.251540324019045,
    4.556570156850673
  ],
  "method": "deterministic_joint_state_belief_propagation",
  "objective_estimate": 5.076081428191167,
  "status": "ok",
  "tail_interval_width": 0.0004997995805338107,
  "total_belief_nodes": 21088,
  "upper_objective": 5.076331327981434,
  "upper_values": [
    5.252040123599579,
    4.892757517059083,
    5.252040123599579,
    5.252040123599579,
    5.252040123599579,
    4.5570699564312065
  ]
}