{
  "horizon": 94,
  "lower_objective": 5.032992901780684,
  "lower_values": [
    5.207168983537003,
    4.85237701155913,
    5.207168983537003,
    5.207168983537003,
    5.207168983537003,
    4.516904464976966
  ],
  "method": "deterministic_joint_state_belief_propagation",
  "objective_estimate": 5.033242801570969,
  "status": "ok",
  "tail_interval_width": 0.0004997995805711142,
  "total_belief_nodes": 12683,
  "unrestricted_upper_minus_restricted_lower": 0.05310758295786666,
  "upper_objective": 5.033492701361255,
  "upper_values": [
    5.207668783117537,
    4.852876811139666,
    5.207668783117537,
    5.207668783117537,
    5.207668783117537,
    4.517404264557716
  ]
}