iteration	elapsed_seconds	root_lower	root_upper	root_gap
0.0	7.867813110351562e-6	-99.00000000000004	5.587913460823229	104.58791346082327
1.0	0.0003669261932373047	5.503497889717095	5.587913460823229	0.08441557110613385
2.0	0.006726980209350586	5.5859344579018915	5.587913460823229	0.0019790029213373472
