{
  "horizon": 95,
  "lower_objective": 4.0147938124081115,
  "lower_values": [
    4.503733523248918,
    3.4185683262611364,
    4.503733523248918,
    4.503733523248918,
    3.4185683262611364,
    3.7404256521796433
  ],
  "method": "deterministic_joint_state_belief_propagation",
  "objective_estimate": 4.015028843160858,
  "status": "same_as_normal_no_violations",
  "tail_interval_width": 0.00047006150549311343,
  "total_belief_nodes": 49658,
  "unrestricted_upper_minus_restricted_lower": 0.1580886046696488,
  "upper_objective": 4.015263873913605,
  "upper_values": [
    4.504203584754411,
    3.41903838776663,
    4.504203584754411,
    4.504203584754411,
    3.41903838776663,
    3.7408957136851373
  ]
}