{
  "horizon": 95,
  "lower_objective": 2.592755033264938,
  "lower_values": [
    2.314273743860766,
    2.285318722252022,
    2.596480879244363,
    2.786818951410826,
    2.786818951410826,
    2.786818951410826
  ],
  "method": "deterministic_joint_state_belief_propagation",
  "objective_estimate": 2.5929900640176844,
  "status": "same_as_normal_no_violations",
  "tail_interval_width": 0.00047006150549311343,
  "total_belief_nodes": 48585,
  "unrestricted_upper_minus_restricted_lower": 0.030678531503680162,
  "upper_objective": 2.593225094770431,
  "upper_values": [
    2.314743805366259,
    2.2857887837575146,
    2.596950940749856,
    2.787289012916319,
    2.787289012916319,
    2.787289012916319
  ]
}