{
  "horizon": 95,
  "lower_objective": 2.082232740493839,
  "lower_values": [
    1.9978672898929752,
    2.051047221823003,
    1.9680911671269545,
    1.9978672898929752,
    2.051047221823003,
    2.4274762524041225
  ],
  "method": "deterministic_joint_state_belief_propagation",
  "objective_estimate": 2.0824677712465856,
  "status": "same_as_normal_no_violations",
  "tail_interval_width": 0.00047006150549311343,
  "total_belief_nodes": 49423,
  "unrestricted_upper_minus_restricted_lower": 0.01951076489937975,
  "upper_objective": 2.082702801999332,
  "upper_values": [
    1.9983373513984677,
    2.051517283328496,
    1.9685612286324479,
    1.9983373513984677,
    2.051517283328496,
    2.427946313909617
  ]
}