{
  "analysis_discounted_tail_bound": 9.67774912024056e-09,
  "analysis_horizon": 197,
  "analysis_total_belief_nodes": 14204,
  "discounted_transmission_occupancy": 2.1019235292736234,
  "violation_count": 15,
  "violations": [
    {
      "action": 62,
      "belief": [
        0.9677419354838711,
        0.016129032258064523,
        0.0,
        0.0,
        0.0,
        0.016129032258064523
      ],
      "common_next_receiver_action": 0,
      "discounted_event_occupancy": 0.0017764336919665435,
      "first_depth": 1,
      "no_reception_next_action": 62,
      "null_probability_given_belief": 0.6474999999999999,
      "prescription": [
        0,
        1,
        1,
        1,
        1,
        1
      ],
      "prescription_index": 31,
      "reached_state": 4,
      "receiver_action": 0,
      "success_next_action": 64,
      "success_probability_given_belief": 0.002707373271889401
    },
    {
      "action": 62,
      "belief": [
        0.9652509652509651,
        0.016280269736490938,
        0.0009608028041207767,
        0.0002668896678113269,
        0.0002668896678113269,
        0.01697418287280039
      ],
      "common_next_receiver_action": 0,
      "discounted_event_occupancy": 0.0011853888248946304,
      "first_depth": 2,
      "no_reception_next_action": 62,
      "null_probability_given_belief": 0.6463426837916634,
      "prescription": [
        0,
        1,
        1,
        1,
        1,
        1
      ],
      "prescription_index": 31,
      "reached_state": 4,
      "receiver_action": 0,
      "success_next_action": 64,
      "success_probability_given_belief": 0.0031001141271055697
    },
    {
      "action": 62,
      "belief": [
        0.9650744538254619,
        0.016270635303641943,
        0.0009759726678102274,
        0.00028580160625811746,
        0.00030615280422696174,
        0.017086983792600888
      ],
      "common_next_receiver_action": 0,
      "discounted_event_occupancy": 0.0006965006051707639,
      "first_depth": 3,
      "no_reception_next_action": 62,
      "null_probability_given_belief": 0.6462640918668074,
      "prescription": [
        0,
        1,
        1,
        1,
        1,
        1
      ],
      "prescription_index": 31,
      "reached_state": 4,
      "receiver_action": 0,
      "success_next_action": 64,
      "success_probability_given_belief": 0.0031313600390432896
    },
    {
      "action": 62,
      "belief": [
        0.9650624442277759,
        0.01626952789357107,
        0.0009758298742415878,
        0.00028680536946148105,
        0.00030927611105230595,
        0.017096116523897892
      ],
      "common_next_receiver_action": 0,
      "discounted_event_occupancy": 0.0004053958475326413,
      "first_depth": 4,
      "no_reception_next_action": 62,
      "null_probability_given_belief": 0.646258867933113,
      "prescription": [
        0,
        1,
        1,
        1,
        1,
        1
      ],
      "prescription_index": 31,
      "reached_state": 4,
      "receiver_action": 0,
      "success_next_action": 64,
      "success_probability_given_belief": 0.0031335618224882264
    },
    {
      "action": 62,
      "belief": [
        0.9650616458572209,
        0.016269441939727146,
        0.0009757883086809889,
        0.00028684923690599736,
        0.0003094960770965288,
        0.01709677858036865
      ],
      "common_next_receiver_action": 0,
      "discounted_event_occupancy": 0.00023580276500595855,
      "first_depth": 5,
      "no_reception_next_action": 62,
      "null_probability_given_belief": 0.6462585265658951,
      "prescription": [
        0,
        1,
        1,
        1,
        1,
        1
      ],
      "prescription_index": 31,
      "reached_state": 4,
      "receiver_action": 0,
      "success_next_action": 64,
      "success_probability_given_belief": 0.003133710262655184
    },
    {
      "action": 62,
      "belief": [
        0.9650615936858308,
        0.016269435872418195,
        0.0009757844213015984,
        0.00028685058159523704,
        0.0003095109017459452,
        0.01709682453710836
      ],
      "common_next_receiver_action": 0,
      "discounted_event_occupancy": 0.00013715102055143622,
      "first_depth": 6,
      "no_reception_next_action": 62,
      "null_probability_given_belief": 0.646258504589535,
      "prescription": [
        0,
        1,
        1,
        1,
        1,
        1
      ],
      "prescription_index": 31,
      "reached_state": 4,
      "receiver_action": 0,
      "success_next_action": 64,
      "success_probability_given_belief": 0.0031337200384367976
    },
    {
      "action": 62,
      "belief": [
        0.9650615903271665,
        0.016269435460132587,
        0.0009757841146546483,
        0.0002868505710168617,
        0.0003095118778073494,
        0.01709682764922218
      ],
      "common_next_receiver_action": 0,
      "discounted_event_occupancy": 7.977152819824758e-05,
      "first_depth": 7,
      "no_reception_next_action": 62,
      "null_probability_given_belief": 0.6462585031946988,
      "prescription": [
        0,
        1,
        1,
        1,
        1,
        1
      ],
      "prescription_index": 31,
      "reached_state": 4,
      "receiver_action": 0,
      "success_next_action": 64,
      "success_probability_given_belief": 0.0031337206714176736
    },
    {
      "action": 62,
      "belief": [
        0.9650615901139925,
        0.01626943543272895,
        0.0009757840919783889,
        0.00028685056416935523,
        0.00030951194099375676,
        0.017096827856137118
      ],
      "common_next_receiver_action": 0,
      "discounted_event_occupancy": 4.6397726158152214e-05,
      "first_depth": 8,
      "no_reception_next_action": 62,
      "null_probability_given_belief": 0.6462585031074128,
      "prescription": [
        0,
        1,
        1,
        1,
        1,
        1
      ],
      "prescription_index": 31,
      "reached_state": 4,
      "receiver_action": 0,
      "success_next_action": 64,
      "success_probability_given_belief": 0.0031337207118003396
    },
    {
      "action": 62,
      "belief": [
        0.9650615901006526,
        0.01626943543093783,
        0.0009757840903610929,
        0.0002868505633450868,
        0.0003095119450240836,
        0.01709682786967944
      ],
      "common_next_receiver_action": 0,
      "discounted_event_occupancy": 2.6986432564761712e-05,
      "first_depth": 9,
      "no_reception_next_action": 62,
      "null_probability_given_belief": 0.64625850310203,
      "prescription": [
        0,
        1,
        1,
        1,
        1,
        1
      ],
      "prescription_index": 31,
      "reached_state": 4,
      "receiver_action": 0,
      "success_next_action": 64,
      "success_probability_given_belief": 0.0031337207143402
    },
    {
      "action": 62,
      "belief": [
        0.9650615900998298,
        0.01626943543082248,
        0.0009757840902486531,
        0.0002868505632685853,
        0.00030951194527751896,
        0.01709682787055297
      ],
      "common_next_receiver_action": 0,
      "discounted_event_occupancy": 1.5696190358805355e-05,
      "first_depth": 10,
      "no_reception_next_action": 62,
      "null_probability_given_belief": 0.6462585031017032,
      "prescription": [
        0,
        1,
        1,
        1,
        1,
        1
      ],
      "prescription_index": 31,
      "reached_state": 4,
      "receiver_action": 0,
      "success_next_action": 64,
      "success_probability_given_belief": 0.003133720714497654
    },
    {
      "action": 62,
      "belief": [
        0.9650615900997801,
        0.016269435430815167,
        0.0009757840902409942,
        0.00028685056326225217,
        0.00030951194529322705,
        0.017096827870608528
      ],
      "common_next_receiver_action": 0,
      "discounted_event_occupancy": 9.129416834547134e-06,
      "first_depth": 11,
      "no_reception_next_action": 62,