iteration	elapsed_seconds	root_lower	root_upper	root_gap
0.0	7.152557373046875e-6	-99.00000000000004	4.835702909804177	103.83570290980423
1.0	0.0006000995635986328	4.835702760202054	4.835702909804177	1.4960212357806313e-7
