{
  "horizon": 95,
  "lower_objective": 3.101390810552707,
  "lower_values": [
    3.167666990000302,
    2.779197754921825,
    2.879056909396931,
    3.167666990000302,
    3.167666990000302,
    3.4470892289965795
  ],
  "method": "deterministic_joint_state_belief_propagation",
  "objective_estimate": 3.1016258413054536,
  "status": "ok",
  "tail_interval_width": 0.0004700615054940016,
  "total_belief_nodes": 57821,
  "upper_objective": 3.101860872058201,
  "upper_values": [
    3.1681370515057967,
    2.7796678164273185,
    2.8795269709024236,
    3.1681370515057967,
    3.1681370515057967,
    3.447559290502073
  ]
}