{
  "horizon": 95,
  "lower_objective": 3.0505902458445657,
  "lower_values": [
    3.1137794772153637,
    2.731444934696381,
    2.831379416249065,
    3.1137794772153637,
    3.1137794772153637,
    3.3993786924758576
  ],
  "method": "deterministic_joint_state_belief_propagation",
  "objective_estimate": 3.0508252765973123,
  "status": "ok",
  "tail_interval_width": 0.00047006150549266934,
  "total_belief_nodes": 57723,
  "unrestricted_upper_minus_restricted_lower": 0.1327856517410515,
  "upper_objective": 3.0510603073500584,
  "upper_values": [
    3.114249538720856,
    2.731914996201875,
    2.831849477754558,
    3.114249538720856,
    3.114249538720856,
    3.399848753981351
  ]
}