iteration	elapsed_seconds	root_lower	root_upper	root_gap
0.0	8.821487426757812e-6	-99.00000000000004	2.23832164152778	101.23832164152782
1.0	0.0003459453582763672	1.9925757577732692	2.23832164152778	0.24574588375451056
2.0	0.014367818832397461	2.227303815829929	2.23832164152778	0.011017825697850814
3.0	0.03278398513793945	2.230557744893291	2.236684203405375	0.006126458512083932
