{
  "horizon": 1220,
  "lower_objective": 49.14595372755708,
  "lower_values": [
    49.30467974585288,
    48.972228880067945,
    49.32988518946944,
    49.30467974585288,
    49.32988518946944,
    48.634363614629926
  ],
  "method": "deterministic_joint_state_belief_propagation",
  "objective_estimate": 49.14620197789957,
  "status": "ok",
  "tail_interval_width": 0.0004965006849815268,
  "total_belief_nodes": 972489,
  "upper_objective": 49.14645022824206,
  "upper_values": [
    49.30517624653785,
    48.97272538075293,
    49.33038169015442,
    49.30517624653785,
    49.33038169015442,
    48.63486011531492
  ]
}