{
  "analysis_discounted_tail_bound": 9.90526314525898e-09,
  "analysis_horizon": 2292,
  "analysis_total_belief_nodes": 307012,
  "discounted_transmission_occupancy": 37.532415603693245,
  "violation_count": 16,
  "violations": [
    {
      "action": 106,
      "belief": [
        0.0,
        0.0,
        0.0,
        0.0,
        1.0,
        0.0
      ],
      "common_next_receiver_action": 0,
      "discounted_event_occupancy": 2.930521737180563,
      "first_depth": 0,
      "no_reception_next_action": 106,
      "null_probability_given_belief": 0.657142857142857,
      "prescription": [
        1,
        1,
        0,
        1,
        0,
        1
      ],
      "prescription_index": 53,
      "reached_state": 5,
      "receiver_action": 0,
      "success_next_action": 0,
      "success_probability_given_belief": 0.17142857142857143
    },
    {
      "action": 106,
      "belief": [
        0.0,
        0.0,
        1.0,
        0.0,
        0.0,
        0.0
      ],
      "common_next_receiver_action": 0,
      "discounted_event_occupancy": 0.1994903599530442,
      "first_depth": 0,
      "no_reception_next_action": 106,
      "null_probability_given_belief": 0.657142857142857,
      "prescription": [
        1,
        1,
        0,
        1,
        0,
        1
      ],
      "prescription_index": 53,
      "reached_state": 5,
      "receiver_action": 0,
      "success_next_action": 0,
      "success_probability_given_belief": 0.17142857142857143
    },
    {
      "action": 106,
      "belief": [
        0.0,
        0.0,
        0.0,
        0.01086956521739131,
        0.9782608695652175,
        0.01086956521739131
      ],
      "common_next_receiver_action": 0,
      "discounted_event_occupancy": 2.0141627845034806,
      "first_depth": 1,
      "no_reception_next_action": 106,
      "null_probability_given_belief": 0.6504347826086955,
      "prescription": [
        1,
        1,
        0,
        1,
        0,
        1
      ],
      "prescription_index": 53,
      "reached_state": 5,
      "receiver_action": 0,
      "success_next_action": 0,
      "success_probability_given_belief": 0.1695652173913043
    },
    {
      "action": 106,
      "belief": [
        0.00042971734148204764,
        0.0002387318563789154,
        0.010742933537051188,
        0.010862299465240645,
        0.9668640183346066,
        0.010862299465240645
      ],
      "common_next_receiver_action": 0,
      "discounted_event_occupancy": 1.298142206629708,
      "first_depth": 2,
      "no_reception_next_action": 106,
      "null_probability_given_belief": 0.6501413292589763,
      "prescription": [
        1,
        1,
        0,
        1,
        0,
        1
      ],
      "prescription_index": 53,
      "reached_state": 5,
      "receiver_action": 0,
      "success_next_action": 0,
      "success_probability_given_belief": 0.16971706864564007
    },
    {
      "action": 106,
      "belief": [
        0.0004369679272885371,
        0.0002481222444267444,
        0.010806169630424805,
        0.010859938192906288,
        0.9667718677005898,
        0.010876934304363848
      ],
      "common_next_receiver_action": 0,
      "discounted_event_occupancy": 0.8355461184500214,
      "first_depth": 3,
      "no_reception_next_action": 106,
      "null_probability_given_belief": 0.6501248803527709,
      "prescription": [
        1,
        1,
        0,
        1,
        0,
        1
      ],
      "prescription_index": 53,
      "reached_state": 5,
      "receiver_action": 0,
      "success_next_action": 0,
      "success_probability_given_belief": 0.16971909534404866
    },
    {
      "action": 106,
      "belief": [
        0.0004377406652550248,
        0.0002486347871781942,
        0.01080668744462179,
        0.01085986933758211,
        0.9667697283704586,
        0.010877339394904387
      ],
      "common_next_receiver_action": 0,
      "discounted_event_occupancy": 0.5377780774158962,
      "first_depth": 4,
      "no_reception_next_action": 106,
      "null_probability_given_belief": 0.6501240574860602,
      "prescription": [
        1,
        1,
        0,
        1,
        0,
        1
      ],
      "prescription_index": 53,
      "reached_state": 5,
      "receiver_action": 0,
      "success_next_action": 0,
      "success_probability_given_belief": 0.1697193637036976
    },
    {
      "action": 106,
      "belief": [
        0.0004377713630771524,
        0.0002486590686118316,
        0.010806773818625432,
        0.01085986451103336,
        0.966769560876962,
        0.010877370361690336
      ],
      "common_next_receiver_action": 0,
      "discounted_event_occupancy": 0.3461262621615436,
      "first_depth": 5,
      "no_reception_next_action": 106,
      "null_probability_given_belief": 0.6501240138700897,
      "prescription": [
        1,
        1,
        0,
        1,
        0,
        1
      ],
      "prescription_index": 53,
      "reached_state": 5,
      "receiver_action": 0,
      "success_next_action": 0,
      "success_probability_given_belief": 0.16971937405103235
    },
    {
      "action": 106,
      "belief": [
        0.00043777322132503797,
        0.0002486603328955546,
        0.010806776440489637,
        0.010859864295325638,
        0.966769553955361,
        0.01087737175460306
      ],
      "common_next_receiver_action": 0,
      "discounted_event_occupancy": 0.22277474576467293,
      "first_depth": 6,
      "no_reception_next_action": 106,
      "null_probability_given_belief": 0.6501240116187067,
      "prescription": [
        1,
        1,
        0,
        1,
        0,
        1
      ],
      "prescription_index": 53,
      "reached_state": 5,
      "receiver_action": 0,
      "success_next_action": 0,
      "success_probability_given_belief": 0.1697193746995241
    },
    {
      "action": 106,
      "belief": [
        0.0004377733122417665,
        0.00024866039669659717,
        0.01080677661188139,
        0.010859864283322607,
        0.9667695535620241,
        0.010877371833833513
      ],
      "common_next_receiver_action": 0,
      "discounted_event_occupancy": 0.14338289931641074,
      "first_depth": 7,
      "no_reception_next_action": 106,
      "null_probability_given_belief": 0.6501240115008501,
      "prescription": [
        1,
        1,
        0,
        1,
        0,
        1
      ],
      "prescription_index": 53,
      "reached_state": 5,
      "receiver_action": 0,
      "success_next_action": 0,
      "success_probability_given_belief": 0.16971937473116733
    },
    {
      "action": 106,
      "belief": [
        0.00043777331715479193,
        0.0002486604000038129,
        0.010806776619496028,
        0.01085986428272095,
        0.966769553542791,
        0.010877371837833424
      ],
      "common_next_receiver_action": 0,
      "discounted_event_occupancy": 0.09228449902820625,
      "first_depth": 8,
      "no_reception_next_action": 106,
      "null_probability_given_belief": 0.6501240114947178,
      "prescription": [
        1,
        1,
        0,
        1,
        0,
        1
      ],
      "prescription_index": 53,
      "reached_state": 5,
      "receiver_action": 0,
      "success_next_action": 0,
      "success_probability_given_belief": 0.16971937473289334
    },
    {
      "action": 106,
      "belief": [
        0.00043777331740744443,
        0.00024866040017430466,
        0.010806776619911432,
        0.010859864282689124,
        0.9667695535417711,
        0.010877371838046646
      ],
      "common_next_receiver_action": 0,
      "discounted_event_occupancy": 0.05939640501989559,
      "first_depth": 9,
      "no_reception_next_action": 106,
      "null_probability_given_belief": 0.6501240114943976,
      "prescription": [
        1,
        1,
        0,
        1,
        0,
        1
      ],
      "prescription_index": 53,
      "reached_state": 5,
      "receiver_action": 0,
      "success_next_action": 0,