{
  "action_encoding": {
    "formula": "action = prescription_index * n_receiver_actions + receiver_action",
    "solver_jpo_action_offset": 1,
    "state_zero_bit": "most_significant"
  },
  "bounds": {
    "gap": 9.524571534418058,
    "lower_objective": 42.05078952896689,
    "lower_values": [
      42.22936398746967,
      41.91461958623043,
      42.14444884277808,
      42.22936398746967,
      42.14444884277808,
      41.642491927075426
    ],
    "root_gap": 9.52512059229929,
    "root_lower_objective": 42.05078952896689,
    "root_upper_objective": 51.575910121266176,
    "upper_objective": 51.575361063384946,
    "upper_values": [
      51.80710840167803,
      51.41654608113214,
      51.749523026230506,
      51.71306901674614,
      51.691361132926644,
      51.074558721596226
    ]
  },
  "initialization": {
    "initial_beliefs": [
      [
        1.0,
        0.0,
        0.0,
        0.0,
        0.0,
        0.0
      ],
      [
        0.0,
        1.0,
        0.0,
        0.0,
        0.0,
        0.0
      ],
      [
        0.0,
        0.0,
        1.0,
        0.0,
        0.0,
        0.0
      ],
      [
        0.0,
        0.0,
        0.0,
        1.0,
        0.0,
        0.0
      ],
      [
        0.0,
        0.0,
        0.0,
        0.0,
        1.0,
        0.0
      ],
      [
        0.0,
        0.0,
        0.0,
        0.0,
        0.0,
        1.0
      ]
    ],
    "initial_weights": [
      0.16666666666666666,
      0.16666666666666666,
      0.16666666666666666,
      0.16666666666666666,
      0.16666666666666666,
      0.16666666666666666
    ],
    "kind": "single synthetic root revealing a uniformly sampled physical state",
    "root_value_scale": "V_root / gamma, gamma=0.99"
  },
  "model": {
    "beta": 0.05,
    "epsilon": 0.04000000000000001,
    "gamma": 0.99,
    "mdp_density": 0.5,
    "mdp_seed": 1111,
    "mdp_sha256": "580f9fa806b22e34e0f0d1010a1012409199158e69e3f71c129e1c5119fb8d6a",
    "n_jpo_actions": 128,
    "n_prescriptions": 64,
    "n_receiver_actions": 2,
    "n_states": 6
  },
  "runtime": {
    "julia": "1.12.6",
    "native_sarsop": "0.1.4",
    "pomdp_tools": "1.1.0",
    "pomdps": "1.0.0"
  },
  "solver": {
    "delta": 0.0001,
    "export_beliefs": false,
    "initial_bound_max_time": 30.0,
    "initial_bound_residual": 1e-08,
    "initial_upper_bound": "fully_observable",
    "kappa": 0.5,
    "max_steps": 1000000,
    "max_time": 500.0,
    "precision": 0.01,
    "prune_threshold": 0.1,
    "search_epsilon": 0.01,
    "use_binning": true
  },
  "training": {
    "alpha_count": 4,
    "belief_count": 6212641,
    "elapsed_seconds": 565.5960729122162,
    "history": [
      {
        "elapsed_seconds": 1.0967254638671875e-05,
        "initial_gap": 10151.685969110493,
        "initial_lower_objective": -10099.999999999984,
        "initial_upper_objective": 51.68596911050958,
        "iteration": 0,
        "root_gap": 10050.169109419388,
        "root_lower": -9998.999999999984,
        "root_upper": 51.169109419404485
      },
      {
        "elapsed_seconds": 0.00045490264892578125,
        "initial_gap": 26.711134436216597,
        "initial_lower_objective": 24.974834674292985,
        "initial_upper_objective": 51.68596911050958,
        "iteration": 1,
        "root_gap": 26.44402309185443,
        "root_lower": 24.725086327550056,
        "root_upper": 51.169109419404485
      },
      {
        "elapsed_seconds": 2.174422025680542,
        "initial_gap": 20.45689277146763,
        "initial_lower_objective": 31.22907633904195,
        "initial_upper_objective": 51.68596911050958,
        "iteration": 2,
        "root_gap": 20.252323843752954,
        "root_lower": 30.91678557565153,
        "root_upper": 51.169109419404485
      },
      {
        "elapsed_seconds": 8.620934009552002,
        "initial_gap": 19.470448072384166,
        "initial_lower_objective": 32.207083550405,
        "initial_upper_objective": 51.67753162278917,
        "iteration": 3,
        "root_gap": 19.275743591660323,
        "root_lower": 31.885012714900952,
        "root_upper": 51.160756306561275
      },
      {
        "elapsed_seconds": 17.60519003868103,
        "initial_gap": 16.45287541288346,
        "initial_lower_objective": 35.205167031364375,
        "initial_upper_objective": 51.65804244424784,
        "iteration": 4,
        "root_gap": 16.288346658754627,
        "root_lower": 34.85311536105073,
        "root_upper": 51.14146201980536
      },
      {
        "elapsed_seconds": 29.406639099121094,
        "initial_gap": 16.209053839554493,
        "initial_lower_objective": 35.43290359910378,
        "initial_upper_objective": 51.641957438658274,
        "iteration": 5,
        "root_gap": 16.046963301158947,
        "root_lower": 35.078574563112745,
        "root_upper": 51.12553786427169
      },
      {
        "elapsed_seconds": 39.85741591453552,
        "initial_gap": 15.013981762741246,
        "initial_lower_objective": 36.60867806537126,
        "initial_upper_objective": 51.6226598281125,
        "iteration": 6,
        "root_gap": 14.863841945113833,
        "root_lower": 36.24259128471755,
        "root_upper": 51.10643322983138
      },
      {
        "elapsed_seconds": 59.92200803756714,
        "initial_gap": 14.622520419993535,
        "initial_lower_objective": 36.98408869275319,
        "initial_upper_objective": 51.606609112746725,
        "iteration": 7,
        "root_gap": 14.476295215793598,
        "root_lower": 36.614247805825656,
        "root_upper": 51.090543021619254
      },
      {
        "elapsed_seconds": 82.86542296409607,
        "initial_gap": 13.969433342306932,
        "initial_lower_objective": 37.633683826873344,
        "initial_upper_objective": 51.60311716918027,
        "iteration": 8,
        "root_gap": 13.829739008883863,
        "root_lower": 37.25734698860461,
        "root_upper": 51.08708599748847
      },
      {
        "elapsed_seconds": 116.53247809410095,
        "initial_gap": 13.458732776443892,
        "initial_lower_objective": 38.14243672439801,
        "initial_upper_objective": 51.6011695008419,
        "iteration": 9,
        "root_gap": 13.324145448679452,
        "root_lower": 37.76101235715403,
        "root_upper": 51.08515780583348
      },
      {
        "elapsed_seconds": 160.0764799118042,
        "initial_gap": 12.607511051114916,
        "initial_lower_objective": 38.98246283550831,
        "initial_upper_objective": 51.58997388662322,
        "iteration": 10,
        "root_gap": 12.481435940603767,
        "root_lower": 38.59263820715322,
        "root_upper": 51.07407414775699
      },
      {
        "elapsed_seconds": 216.29171299934387,
        "initial_gap": 12.135030342050433,
        "initial_lower_objective": 39.45441059810893,
        "initial_upper_objective": 51.58944094015936,
        "iteration": 11,
        "root_gap": 12.013680038629929,
        "root_lower": 39.05986649212784,
        "root_upper": 51.07354653075777
      },
      {
        "elapsed_seconds": 283.4768190383911,
        "initial_gap": 11.999560786121688,
        "initial_lower_objective": 39.58970706198483,
        "initial_upper_objective": 51.58926784810652,
        "iteration": 12,
        "root_gap": 11.87956517826047,
        "root_lower": 39.193809991364986,
        "root_upper": 51.07337516962546
      },
      {
        "elapsed_seconds": 352.19333696365356,
        "initial_gap": 11.46232367936193,
        "initial_lower_objective": 40.12691844230432,
        "initial_upper_objective": 51.58924212166625,
        "iteration": 13,
        "root_gap": 11.34770044256831,
        "root_lower": 39.72564925788128,
        "root_upper": 51.07334970044959
      },
      {
        "elapsed_seconds": 427.75486993789673,
        "initial_gap": 10.739891864153225,
        "initial_lower_objective": 40.84471953610227,
        "initial_upper_objective": 51.5846114002555,
        "iteration": 14,