{
  "horizon": 1220,
  "lower_objective": 48.68703080694516,
  "lower_values": [
    48.86252784807651,
    48.51561639658342,
    48.86252784807651,
    48.86252784807651,
    48.86252784807651,
    48.15645705278148
  ],
  "method": "deterministic_joint_state_belief_propagation",
  "objective_estimate": 48.68727905728802,
  "status": "ok",
  "tail_interval_width": 0.0004965006857347021,
  "total_belief_nodes": 654023,
  "upper_objective": 48.687527307630894,
  "upper_values": [
    48.86302434876197,
    48.516112897268854,
    48.86302434876197,
    48.86302434876197,
    48.86302434876197,
    48.156953553468675
  ]
}