{
  "horizon": 95,
  "lower_objective": 2.748268915726508,
  "lower_values": [
    2.26961124230751,
    3.1912526470013725,
    2.8473169846312394,
    2.486798651156448,
    2.8473169846312394,
    2.8473169846312394
  ],
  "method": "deterministic_joint_state_belief_propagation",
  "objective_estimate": 2.7485039464792544,
  "status": "ok",
  "tail_interval_width": 0.00047006150549266934,
  "total_belief_nodes": 51593,
  "unrestricted_upper_minus_restricted_lower": 0.0179963599766495,
  "upper_objective": 2.7487389772320006,
  "upper_values": [
    2.2700813038130043,
    3.1917227085068647,
    2.8477870461367307,
    2.4872687126619417,
    2.8477870461367307,
    2.8477870461367307
  ]
}