{
  "alpha_vector_count": 4,
  "analysis_discounted_tail_bound": 9.67774912024056e-09,
  "analysis_horizon": 197,
  "analysis_total_belief_nodes": 24572,
  "beta": 0.05,
  "candidate_index": 47,
  "discounted_transmission_occupancy": 1.009435642856946,
  "epsilon": 0.1,
  "epsilon_index": 9,
  "gamma": 0.9,
  "index": 479,
  "margin": -0.7600000000000003,
  "margin_region": "m<0",
  "mdp_seed": 622777685,
  "normal_minus_restricted_lower": 0.00632615675886683,
  "normal_minus_restricted_upper": 0.007266279769852613,
  "normal_minus_restricted_value": 0.006796218264359499,
  "normal_policy_horizon": 95,
  "normal_policy_interval_width": 0.00047006150549311343,
  "normal_policy_lower_bound": 2.7550651339908674,
  "normal_policy_total_belief_nodes": 51664,
  "normal_policy_upper_bound": 2.7555351954963605,
  "normal_policy_value": 2.755300164743614,
  "point_id": "seed_622777685_e09",
  "restricted_policy_horizon": 95,
  "restricted_policy_interval_width": 0.00047006150549266934,
  "restricted_policy_lower_bound": 2.748268915726508,
  "restricted_policy_status": "ok",
  "restricted_policy_total_belief_nodes": 51593,
  "restricted_policy_upper_bound": 2.7487389772320006,
  "restricted_policy_value": 2.7485039464792544,
  "reused_solver_checkpoint": false,
  "root_gap": 0.011110743688476829,
  "sampled_belief_count": 4505971,
  "sarsop_gap": 0.011052839696792383,
  "sarsop_gap_within_acceptance_threshold": true,
  "sarsop_lower_bound": 2.755212436006365,
  "sarsop_upper_bound": 2.7662652757031574,
  "solver_elapsed_seconds": 403.7718698978424,
  "solver_iterations": 544,
  "solver_stop_reason": "precision",
  "status": "ok",
  "violation_count": 1,
  "violation_discounted_event_occupancy": 0.11141514324909582,
  "violation_first_depth_max": 0,
  "violation_first_depth_min": 0
}