{
  "horizon": 95,
  "lower_objective": 2.508726283196693,
  "lower_values": [
    2.5542786248625022,
    2.5542786248625022,
    2.5542786248625022,
    2.774915406916765,
    2.293078672705238,
    2.321527744970648
  ],
  "method": "deterministic_joint_state_belief_propagation",
  "objective_estimate": 2.508961313949439,
  "status": "same_as_normal_no_violations",
  "tail_interval_width": 0.00047006150549311343,
  "total_belief_nodes": 68188,
  "unrestricted_upper_minus_restricted_lower": 0.04183223204564479,
  "upper_objective": 2.509196344702186,
  "upper_values": [
    2.5547486863679945,
    2.5547486863679945,
    2.5547486863679945,
    2.7753854684222596,
    2.2935487342107317,
    2.3219978064761406
  ]
}