{
  "horizon": 95,
  "lower_objective": 4.841398140958289,
  "lower_values": [
    5.015853138789984,
    4.656322119950404,
    5.015853138789984,
    5.015853138789984,
    5.015853138789984,
    4.328654170639399
  ],
  "method": "deterministic_joint_state_belief_propagation",
  "objective_estimate": 4.841643292652543,
  "status": "ok",
  "tail_interval_width": 0.000490303388506419,
  "total_belief_nodes": 31770,
  "upper_objective": 4.841888444346796,
  "upper_values": [
    5.01634344217849,
    4.656812423338911,
    5.01634344217849,
    5.01634344217849,
    5.01634344217849,
    4.329144474027903
  ]
}