{
  "horizon": 95,
  "lower_objective": 2.4751775637689186,
  "lower_values": [
    2.716215299532253,
    2.716215299532253,
    2.3748095658403923,
    2.3748095658403923,
    2.2943211630534446,
    2.3746944888147774
  ],
  "method": "deterministic_joint_state_belief_propagation",
  "objective_estimate": 2.475412594521666,
  "status": "ok",
  "tail_interval_width": 0.0004700615054944457,
  "total_belief_nodes": 98270,
  "upper_objective": 2.475647625274413,
  "upper_values": [
    2.7166853610377473,
    2.7166853610377473,
    2.3752796273458854,
    2.3752796273458854,
    2.294791224558942,
    2.3751645503202714
  ]
}