{
  "horizon": 95,
  "lower_objective": 2.2511539842690658,
  "lower_values": [
    2.1748642362352824,
    2.1748642362352824,
    2.489348108857731,
    2.489348108857731,
    2.1748642362352824,
    2.003634979193084
  ],
  "method": "deterministic_joint_state_belief_propagation",
  "objective_estimate": 2.2513890150218123,
  "status": "ok",
  "tail_interval_width": 0.0004700615054940016,
  "total_belief_nodes": 34202,
  "upper_objective": 2.2516240457745598,
  "upper_values": [
    2.1753342977407777,
    2.1753342977407777,
    2.489818170363223,
    2.489818170363223,
    2.1753342977407777,
    2.004105040698578
  ]
}