{
  "horizon": 95,
  "lower_objective": 4.447862046306944,
  "lower_values": [
    4.883794975560356,
    4.514634469171223,
    4.514634469171223,
    3.9451566941892526,
    3.9451566941892526,
    4.883794975560356
  ],
  "method": "deterministic_joint_state_belief_propagation",
  "objective_estimate": 4.448097077059705,
  "status": "ok",
  "tail_interval_width": 0.0004700615055241997,
  "total_belief_nodes": 18106,
  "upper_objective": 4.448332107812468,
  "upper_values": [
    4.884265037065849,
    4.515104530676715,
    4.515104530676715,
    3.945626755694841,
    3.945626755694841,
    4.884265037065849
  ]
}