{
  "horizon": 95,
  "lower_objective": 2.856803993763035,
  "lower_values": [
    3.0940396670401396,
    2.8330890145561454,
    3.0940396670401396,
    2.6215426106071535,
    2.8330890145561454,
    2.665023988778488
  ],
  "method": "deterministic_joint_state_belief_propagation",
  "objective_estimate": 2.8570390245157817,
  "status": "ok",
  "tail_interval_width": 0.00047006150549266934,
  "total_belief_nodes": 56377,
  "upper_objective": 2.857274055268528,
  "upper_values": [
    3.094509728545633,
    2.833559076061637,
    3.094509728545633,
    2.622012672112646,
    2.833559076061637,
    2.6654940502839826
  ]
}