{
  "horizon": 95,
  "lower_objective": 3.9284068508000725,
  "lower_values": [
    3.807949390248174,
    4.171166462031695,
    3.8042600099925257,
    4.171166462031695,
    3.807949390248174,
    3.807949390248174
  ],
  "method": "deterministic_joint_state_belief_propagation",
  "objective_estimate": 3.9286418815528195,
  "status": "ok",
  "tail_interval_width": 0.0004700615054935575,
  "total_belief_nodes": 42225,
  "upper_objective": 3.928876912305566,
  "upper_values": [
    3.8084194517536667,
    4.171636523537188,
    3.8047300714980197,
    4.171636523537188,
    3.8084194517536667,
    3.8084194517536667
  ]
}