{
  "horizon": 95,
  "lower_objective": 2.4418680287772636,
  "lower_values": [
    2.6840487005882494,
    2.6840487005882494,
    2.3403971291935433,
    2.3403971291935433,
    2.2624228506477806,
    2.339893662452218
  ],
  "method": "deterministic_joint_state_belief_propagation",
  "objective_estimate": 2.4421030595300106,
  "status": "ok",
  "tail_interval_width": 0.0004700615054935575,
  "total_belief_nodes": 99795,
  "upper_objective": 2.442338090282757,
  "upper_values": [
    2.684518762093742,
    2.684518762093742,
    2.340867190699037,
    2.340867190699037,
    2.262892912153275,
    2.3403637239577106
  ]
}