{
  "horizon": 95,
  "lower_objective": 2.7781814915034966,
  "lower_values": [
    2.3036396193633464,
    3.220326009455529,
    2.873874915431616,
    2.5234985739072577,
    2.873874915431616,
    2.873874915431616
  ],
  "method": "deterministic_joint_state_belief_propagation",
  "objective_estimate": 2.7784165222562427,
  "status": "same_as_normal_no_violations",
  "tail_interval_width": 0.00047006150549222525,
  "total_belief_nodes": 51666,
  "unrestricted_upper_minus_restricted_lower": 0.011071570884828574,
  "upper_objective": 2.778651553008989,
  "upper_values": [
    2.3041096808688413,
    3.2207960709610197,
    2.874344976937108,
    2.5239686354127486,
    2.874344976937108,
    2.874344976937108
  ]
}