{
  "horizon": 95,
  "lower_objective": 3.2564361761197964,
  "lower_values": [
    3.0349616770677867,
    3.0349616770677867,
    3.426119713028157,
    3.426119713028157,
    3.190334563498737,
    3.426119713028157
  ],
  "method": "deterministic_joint_state_belief_propagation",
  "objective_estimate": 3.256671206872543,
  "status": "ok",
  "tail_interval_width": 0.00047006150549311343,
  "total_belief_nodes": 35558,
  "upper_objective": 3.2569062376252895,
  "upper_values": [
    3.035431738573279,
    3.035431738573279,
    3.4265897745336504,
    3.4265897745336504,
    3.1908046250042292,
    3.4265897745336504
  ]
}