{
  "horizon": 1215,
  "lower_objective": 50.45610629307113,
  "lower_values": [
    50.62072024175297,
    50.283433543417345,
    50.639192333833535,
    50.62072024175297,
    50.639192333833535,
    49.93337906383647
  ],
  "method": "deterministic_joint_state_belief_propagation",
  "objective_estimate": 50.45635502494475,
  "status": "ok",
  "tail_interval_width": 0.0004974637472301424,
  "total_belief_nodes": 1195819,
  "upper_objective": 50.45660375681836,
  "upper_values": [
    50.62121770550014,
    50.2839310071647,
    50.63968979758074,
    50.62121770550014,
    50.63968979758074,
    49.933876527583685
  ]
}