{
  "alpha_vector_count": 4,
  "analysis_discounted_tail_bound": 9.90526314525898e-09,
  "analysis_horizon": 2292,
  "analysis_total_belief_nodes": 379399,
  "beta": 0.0,
  "beta_index": 0,
  "discounted_transmission_occupancy": 68.80919988833708,
  "epsilon": 0.07,
  "epsilon_index": 6,
  "gamma": 0.99,
  "gamma_index": 1,
  "index": 46,
  "margin": -6.444899999999993,
  "margin_region": "m<0",
  "mdp_seed": 1111,
  "normal_minus_restricted_lower": 0.2274009453552992,
  "normal_minus_restricted_upper": 0.22839587284973817,
  "normal_minus_restricted_value": 0.22789840910251513,
  "normal_policy_horizon": 1215,
  "normal_policy_interval_width": 0.0004974637472301424,
  "normal_policy_lower_bound": 50.45610629307113,
  "normal_policy_total_belief_nodes": 1195819,
  "normal_policy_upper_bound": 50.45660375681836,
  "normal_policy_value": 50.45635502494475,
  "point_id": "g1_b00_e06",
  "restricted_lower_bound_status": "ok",
  "restricted_policy_horizon": 1215,
  "restricted_policy_interval_width": 0.0004974637472088261,
  "restricted_policy_lower_bound": 50.22820788396862,
  "restricted_policy_total_belief_nodes": 1195651,
  "restricted_policy_upper_bound": 50.22870534771583,
  "reused_solver_checkpoint": false,
  "root_gap": 10.020610025545558,
  "sampled_belief_count": 8280511,
  "sarsop_gap": 10.020318781474707,
  "sarsop_lower_bound": 41.62664184511634,
  "sarsop_upper_bound": 51.646960626591046,
  "solver_elapsed_seconds": 501.41282391548157,
  "solver_iterations": 21,
  "solver_stop_reason": "max_time",
  "status": "ok",
  "unrestricted_upper_minus_restricted_lower": 1.4187527426224236,
  "violation_count": 4,
  "violation_discounted_event_occupancy": 28.347085346308504,
  "violation_first_depth_max": 2,
  "violation_first_depth_min": 0
}