{
  "analysis_discounted_tail_bound": 9.90526314525898e-09,
  "analysis_horizon": 2292,
  "analysis_total_belief_nodes": 379399,
  "discounted_transmission_occupancy": 68.80919988833708,
  "violation_count": 4,
  "violations": [
    {
      "action": 14,
      "belief": [
        0.0,
        0.0,
        0.0,
        0.0,
        1.0,
        0.0
      ],
      "common_next_receiver_action": 0,
      "discounted_event_occupancy": 26.861602807087603,
      "first_depth": 0,
      "no_reception_next_action": 106,
      "null_probability_given_belief": 0.07,
      "prescription": [
        0,
        0,
        0,
        1,
        1,
        1
      ],
      "prescription_index": 7,
      "reached_state": 4,
      "receiver_action": 0,
      "success_next_action": 14,
      "success_probability_given_belief": 0.5978571428571428
    },
    {
      "action": 14,
      "belief": [
        0.0,
        0.0,
        1.0,
        0.0,
        0.0,
        0.0
      ],
      "common_next_receiver_action": 0,
      "discounted_event_occupancy": 0.9005419450048893,
      "first_depth": 0,
      "no_reception_next_action": 106,
      "null_probability_given_belief": 0.07,
      "prescription": [
        0,
        0,
        0,
        1,
        1,
        1
      ],
      "prescription_index": 7,
      "reached_state": 4,
      "receiver_action": 0,
      "success_next_action": 14,
      "success_probability_given_belief": 0.5978571428571428
    },
    {
      "action": 14,
      "belief": [
        0.014321436690156853,
        0.00795635371675381,
        0.20459195271652647,
        0.01829961354853376,
        0.7365310297794952,
        0.01829961354853376
      ],
      "common_next_receiver_action": 1,
      "discounted_event_occupancy": 0.2848175751504048,
      "first_depth": 2,
      "no_reception_next_action": 21,
      "null_probability_given_belief": 0.10773698567856332,
      "prescription": [
        0,
        0,
        0,
        1,
        1,
        1
      ],
      "prescription_index": 7,
      "reached_state": 3,
      "receiver_action": 0,
      "success_next_action": 21,
      "success_probability_given_belief": 0.15933268112882798
    },
    {
      "action": 14,
      "belief": [
        0.014321436690156853,
        0.00795635371675381,
        0.20459195271652647,
        0.01829961354853376,
        0.7365310297794952,
        0.01829961354853376
      ],
      "common_next_receiver_action": 1,
      "discounted_event_occupancy": 0.30012301906560673,
      "first_depth": 2,
      "no_reception_next_action": 21,
      "null_probability_given_belief": 0.10773698567856332,
      "prescription": [
        0,
        0,
        0,
        1,
        1,
        1
      ],
      "prescription_index": 7,
      "reached_state": 5,
      "receiver_action": 0,
      "success_next_action": 21,
      "success_probability_given_belief": 0.1678948543500146
    }
  ]
}