{
  "horizon": 95,
  "lower_objective": 2.6163428642196442,
  "lower_values": [
    2.813776059677327,
    3.134610790486656,
    2.354174836612472,
    2.813776059677327,
    2.2728576779343066,
    2.308861760929777
  ],
  "method": "deterministic_joint_state_belief_propagation",
  "objective_estimate": 2.616577894972391,
  "status": "ok",
  "tail_interval_width": 0.0004700615054935575,
  "total_belief_nodes": 121156,
  "unrestricted_upper_minus_restricted_lower": 0.06523771593971972,
  "upper_objective": 2.616812925725138,
  "upper_values": [
    2.8142461211828205,
    3.135080851992151,
    2.3546448981179684,
    2.8142461211828205,
    2.273327739439799,
    2.3093318224352686
  ]
}