{
  "horizon": 95,
  "lower_objective": 3.2796394749542497,
  "lower_values": [
    3.471275713731416,
    3.053156416569573,
    3.471275713731416,
    3.053156416569573,
    3.157696875392106,
    3.471275713731416
  ],
  "method": "deterministic_joint_state_belief_propagation",
  "objective_estimate": 3.2798745057069967,
  "status": "same_as_normal_no_violations",
  "tail_interval_width": 0.0004700615054935575,
  "total_belief_nodes": 26890,
  "unrestricted_upper_minus_restricted_lower": 0.011181764972949981,
  "upper_objective": 3.2801095364597432,
  "upper_values": [
    3.4717457752369114,
    3.0536264780750644,
    3.4717457752369114,
    3.0536264780750644,
    3.1581669368975986,
    3.4717457752369114
  ]
}