iteration	elapsed_seconds	root_lower	root_upper	root_gap
0.0	1.1205673217773438e-5	-99.00000000000004	2.012065618567293	101.01206561856733
1.0	0.0003349781036376953	2.0120654645698925	2.012065618567293	1.539974006092848e-7
