{
  "horizon": 95,
  "lower_objective": 1.6542169057079212,
  "lower_values": [
    1.601792403554953,
    1.5993501395995424,
    1.5015503071074643,
    1.601792403554953,
    1.5993501395995424,
    2.0214660408310734
  ],
  "method": "deterministic_joint_state_belief_propagation",
  "objective_estimate": 1.654451936460668,
  "status": "same_as_normal_no_violations",
  "tail_interval_width": 0.0004700615054933355,
  "total_belief_nodes": 26610,
  "unrestricted_upper_minus_restricted_lower": 0.011027584046535255,
  "upper_objective": 1.6546869672134146,
  "upper_values": [
    1.6022624650604467,
    1.5998202011050362,
    1.5020203686129574,
    1.6022624650604467,
    1.5998202011050362,
    2.0219361023365656
  ]
}