{
  "action_encoding": {
    "formula": "action = prescription_index * n_receiver_actions + receiver_action",
    "solver_jpo_action_offset": 1,
    "state_zero_bit": "most_significant"
  },
  "bounds": {
    "gap": 4.923865588524478,
    "lower_objective": 46.49648014232122,
    "lower_values": [
      46.66702359817968,
      46.332339566246304,
      46.663022845474075,
      46.66702359817968,
      46.663022845474075,
      45.986448400373526
    ],
    "root_gap": 4.931346647347701,
    "root_lower_objective": 46.49648014232122,
    "root_upper_objective": 51.42782678966892,
    "upper_objective": 51.420345730845696,
    "upper_values": [
      51.576187339228724,
      51.32383789574296,
      51.65108323931113,
      51.535586528678635,
      51.49127044433757,
      50.94410893777516
    ]
  },
  "initialization": {
    "initial_beliefs": [
      [
        1.0,
        0.0,
        0.0,
        0.0,
        0.0,
        0.0
      ],
      [
        0.0,
        1.0,
        0.0,
        0.0,
        0.0,
        0.0
      ],
      [
        0.0,
        0.0,
        1.0,
        0.0,
        0.0,
        0.0
      ],
      [
        0.0,
        0.0,
        0.0,
        1.0,
        0.0,
        0.0
      ],
      [
        0.0,
        0.0,
        0.0,
        0.0,
        1.0,
        0.0
      ],
      [
        0.0,
        0.0,
        0.0,
        0.0,
        0.0,
        1.0
      ]
    ],
    "initial_weights": [
      0.16666666666666666,
      0.16666666666666666,
      0.16666666666666666,
      0.16666666666666666,
      0.16666666666666666,
      0.16666666666666666
    ],
    "kind": "single synthetic root revealing a uniformly sampled physical state",
    "root_value_scale": "V_root / gamma, gamma=0.99"
  },
  "model": {
    "beta": 0.1,
    "epsilon": 0.04000000000000001,
    "gamma": 0.99,
    "mdp_density": 0.5,
    "mdp_seed": 1111,
    "mdp_sha256": "580f9fa806b22e34e0f0d1010a1012409199158e69e3f71c129e1c5119fb8d6a",
    "n_jpo_actions": 128,
    "n_prescriptions": 64,
    "n_receiver_actions": 2,
    "n_states": 6
  },
  "runtime": {
    "julia": "1.12.6",
    "native_sarsop": "0.1.4",
    "pomdp_tools": "1.1.0",
    "pomdps": "1.0.0"
  },
  "solver": {
    "delta": 0.0001,
    "export_beliefs": false,
    "initial_bound_max_time": 30.0,
    "initial_bound_residual": 1e-08,
    "initial_upper_bound": "fully_observable",
    "kappa": 0.5,
    "max_steps": 1000000,
    "max_time": 500.0,
    "precision": 0.01,
    "prune_threshold": 0.1,
    "search_epsilon": 0.01,
    "use_binning": true
  },
  "training": {
    "alpha_count": 4,
    "belief_count": 7438915,
    "elapsed_seconds": 544.6233170032501,
    "history": [
      {
        "elapsed_seconds": 7.152557373046875e-06,
        "initial_gap": 10151.685969110493,
        "initial_lower_objective": -10099.999999999984,
        "initial_upper_objective": 51.68596911050958,
        "iteration": 0,
        "root_gap": 10050.169109419388,
        "root_lower": -9998.999999999984,
        "root_upper": 51.169109419404485
      },
      {
        "elapsed_seconds": 0.0003039836883544922,
        "initial_gap": 26.711134436216597,
        "initial_lower_objective": 24.974834674292985,
        "initial_upper_objective": 51.68596911050958,
        "iteration": 1,
        "root_gap": 26.44402309185443,
        "root_lower": 24.725086327550056,
        "root_upper": 51.169109419404485
      },
      {
        "elapsed_seconds": 1.4311800003051758,
        "initial_gap": 20.310752076720174,
        "initial_lower_objective": 31.375217033789408,
        "initial_upper_objective": 51.68596911050958,
        "iteration": 2,
        "root_gap": 20.107644555952973,
        "root_lower": 31.061464863451512,
        "root_upper": 51.169109419404485
      },
      {
        "elapsed_seconds": 4.929748058319092,
        "initial_gap": 19.39378849015264,
        "initial_lower_objective": 32.274231752152154,
        "initial_upper_objective": 51.66802024230479,
        "iteration": 3,
        "root_gap": 19.199850605251115,
        "root_lower": 31.95148943463063,
        "root_upper": 51.151340039881745
      },
      {
        "elapsed_seconds": 11.266494989395142,
        "initial_gap": 14.020085955975626,
        "initial_lower_objective": 37.60671713497754,
        "initial_upper_objective": 51.62680309095317,
        "iteration": 4,
        "root_gap": 13.879885096415869,
        "root_lower": 37.23064996362777,
        "root_upper": 51.11053506004364
      },
      {
        "elapsed_seconds": 22.012996196746826,
        "initial_gap": 13.826401302224362,
        "initial_lower_objective": 37.77290439232554,
        "initial_upper_objective": 51.599305694549905,
        "iteration": 5,
        "root_gap": 13.688137289202118,
        "root_lower": 37.39517534840229,
        "root_upper": 51.08331263760441
      },
      {
        "elapsed_seconds": 35.036373138427734,
        "initial_gap": 13.137557323974866,
        "initial_lower_objective": 38.42680004855151,
        "initial_upper_objective": 51.56435737252638,
        "iteration": 6,
        "root_gap": 13.006181750735117,
        "root_lower": 38.042532048066,
        "root_upper": 51.04871379880112
      },
      {
        "elapsed_seconds": 48.059609174728394,
        "initial_gap": 11.04512567506808,
        "initial_lower_objective": 40.484619709292986,
        "initial_upper_objective": 51.529745384361064,
        "iteration": 7,
        "root_gap": 10.9346744183174,
        "root_lower": 40.079773512200056,
        "root_upper": 51.014447930517456
      },
      {
        "elapsed_seconds": 61.20654010772705,
        "initial_gap": 10.48385283039836,
        "initial_lower_objective": 41.03730766827306,
        "initial_upper_objective": 51.52116049867142,
        "iteration": 8,
        "root_gap": 10.379014302094376,
        "root_lower": 40.62693459159033,
        "root_upper": 51.0059488936847
      },
      {
        "elapsed_seconds": 77.0923900604248,
        "initial_gap": 10.246532239571126,
        "initial_lower_objective": 41.274528370111184,
        "initial_upper_objective": 51.52106060968231,
        "iteration": 9,
        "root_gap": 10.144066917175415,
        "root_lower": 40.86178308641007,
        "root_upper": 51.005850003585486
      },
      {
        "elapsed_seconds": 93.21862816810608,
        "initial_gap": 9.418664721147488,
        "initial_lower_objective": 42.10226921690747,
        "initial_upper_objective": 51.52093393805496,
        "iteration": 10,
        "root_gap": 9.324478073936014,
        "root_lower": 41.6812465247384,
        "root_upper": 51.00572459867441
      },
      {
        "elapsed_seconds": 111.44110798835754,
        "initial_gap": 9.089635162107124,
        "initial_lower_objective": 42.431174512845836,
        "initial_upper_objective": 51.520809674952964,
        "iteration": 11,
        "root_gap": 8.998738810486053,
        "root_lower": 42.00686276771738,
        "root_upper": 51.00560157820343
      },
      {
        "elapsed_seconds": 128.25716018676758,
        "initial_gap": 8.845979978259734,
        "initial_lower_objective": 42.67471199308434,
        "initial_upper_objective": 51.52069197134407,
        "iteration": 12,
        "root_gap": 8.757520178477137,
        "root_lower": 42.24796487315349,
        "root_upper": 51.00548505163063
      },
      {
        "elapsed_seconds": 161.35977411270142,
        "initial_gap": 8.27936059563602,
        "initial_lower_objective": 43.2412813896751,
        "initial_upper_objective": 51.52064198531112,
        "iteration": 13,
        "root_gap": 8.19656698967966,
        "root_lower": 42.80886857577835,
        "root_upper": 51.00543556545801
      },
      {
        "elapsed_seconds": 200.17393112182617,
        "initial_gap": 8.102790157007304,
        "initial_lower_objective": 43.417059193203336,
        "initial_upper_objective": 51.51984935021064,
        "iteration": 14,