{
  "horizon": 1229,
  "lower_objective": 46.32470336111835,
  "lower_values": [
    46.502021772235594,
    46.15004488251021,
    46.502021772235594,
    46.502021772235594,
    46.502021772235594,
    45.79008819525753
  ],
  "method": "deterministic_joint_state_belief_propagation",
  "objective_estimate": 46.32495153448074,
  "status": "ok",
  "tail_interval_width": 0.0004963467247733888,
  "total_belief_nodes": 580642,
  "upper_objective": 46.325199707843126,
  "upper_values": [
    46.50251811895998,
    46.15054122923466,
    46.50251811895998,
    46.50251811895998,
    46.50251811895998,
    45.790584541984174
  ]
}