{
  "horizon": 95,
  "lower_objective": 3.641710703451021,
  "lower_values": [
    3.385282446010673,
    3.385282446010673,
    4.138142656619178,
    3.465864987944662,
    3.3375490275017654,
    4.138142656619178
  ],
  "method": "deterministic_joint_state_belief_propagation",
  "objective_estimate": 3.641945734203768,
  "status": "ok",
  "tail_interval_width": 0.00047006150549311343,
  "total_belief_nodes": 22514,
  "upper_objective": 3.6421807649565143,
  "upper_values": [
    3.3857525075161683,
    3.3857525075161683,
    4.138612718124671,
    3.4663350494501532,
    3.338019089007257,
    4.138612718124671
  ]
}