{
  "horizon": 95,
  "lower_objective": 3.876519080261117,
  "lower_values": [
    3.944477415314036,
    3.944477415314036,
    3.944477415314036,
    3.536727404996523,
    3.944477415314036,
    3.944477415314036
  ],
  "method": "deterministic_joint_state_belief_propagation",
  "objective_estimate": 3.876754111013863,
  "status": "same_as_normal_no_violations",
  "tail_interval_width": 0.00047006150549133707,
  "total_belief_nodes": 28469,
  "unrestricted_upper_minus_restricted_lower": 0.016288538718225887,
  "upper_objective": 3.8769891417666082,
  "upper_values": [
    3.9449474768195274,
    3.9449474768195274,
    3.9449474768195274,
    3.5371974665020156,
    3.9449474768195274,
    3.9449474768195274
  ]
}