{
  "horizon": 95,
  "lower_objective": 2.4860778962975196,
  "lower_values": [
    2.726757919237935,
    2.726757919237935,
    2.386077872849713,
    2.386077872849713,
    2.304745754601953,
    2.386050039007867
  ],
  "method": "deterministic_joint_state_belief_propagation",
  "objective_estimate": 2.4863129270502675,
  "status": "same_as_normal_no_violations",
  "tail_interval_width": 0.00047006150549577796,
  "total_belief_nodes": 96890,
  "unrestricted_upper_minus_restricted_lower": 0.01102452689119815,
  "upper_objective": 2.4865479578030154,
  "upper_values": [
    2.72722798074343,
    2.72722798074343,
    2.3865479343552103,
    2.3865479343552103,
    2.3052158161074496,
    2.386520100513364
  ]
}