{
  "horizon": 95,
  "lower_objective": 3.8861029181917384,
  "lower_values": [
    3.766294369593506,
    4.127467095635589,
    3.762800209098737,
    4.127467095635589,
    3.766294369593506,
    3.766294369593506
  ],
  "method": "deterministic_joint_state_belief_propagation",
  "objective_estimate": 3.8863379489444854,
  "status": "ok",
  "tail_interval_width": 0.0004700615054935575,
  "total_belief_nodes": 43017,
  "upper_objective": 3.886572979697232,
  "upper_values": [
    3.7667644310990003,
    4.127937157141083,
    3.7632702706042287,
    4.127937157141083,
    3.7667644310990003,
    3.7667644310990003
  ]
}