{
  "horizon": 95,
  "lower_objective": 3.8774408910471743,
  "lower_values": [
    3.757506120860663,
    4.1193027853334225,
    3.7535214130342127,
    4.1193027853334225,
    3.757506120860663,
    3.757506120860663
  ],
  "method": "deterministic_joint_state_belief_propagation",
  "objective_estimate": 3.8776759217999217,
  "status": "ok",
  "tail_interval_width": 0.0004700615054944457,
  "total_belief_nodes": 43008,
  "unrestricted_upper_minus_restricted_lower": 0.039316666797935884,
  "upper_objective": 3.8779109525526687,
  "upper_values": [
    3.7579761823661575,
    4.119772846838918,
    3.753991474539704,
    4.119772846838918,
    3.7579761823661575,
    3.7579761823661575
  ]
}