{
  "action_encoding": {
    "formula": "action = prescription_index * n_receiver_actions + receiver_action",
    "solver_jpo_action_offset": 1,
    "state_zero_bit": "most_significant"
  },
  "bounds": {
    "gap": 5.468330542963699,
    "lower_objective": 46.012566489401436,
    "lower_values": [
      46.16643222675237,
      45.8340752322974,
      46.20348972919252,
      46.16643222675237,
      46.20348972919252,
      45.50147979222146
    ],
    "root_gap": 5.479101945433843,
    "root_lower_objective": 46.012566489401436,
    "root_upper_objective": 51.491668434835276,
    "upper_objective": 51.480897032365135,
    "upper_values": [
      51.555376580350504,
      51.409428233862485,
      51.85979731282147,
      51.6080895332163,
      51.525627192919984,
      50.92706334102007
    ]
  },
  "initialization": {
    "initial_beliefs": [
      [
        1.0,
        0.0,
        0.0,
        0.0,
        0.0,
        0.0
      ],
      [
        0.0,
        1.0,
        0.0,
        0.0,
        0.0,
        0.0
      ],
      [
        0.0,
        0.0,
        1.0,
        0.0,
        0.0,
        0.0
      ],
      [
        0.0,
        0.0,
        0.0,
        1.0,
        0.0,
        0.0
      ],
      [
        0.0,
        0.0,
        0.0,
        0.0,
        1.0,
        0.0
      ],
      [
        0.0,
        0.0,
        0.0,
        0.0,
        0.0,
        1.0
      ]
    ],
    "initial_weights": [
      0.16666666666666666,
      0.16666666666666666,
      0.16666666666666666,
      0.16666666666666666,
      0.16666666666666666,
      0.16666666666666666
    ],
    "kind": "single synthetic root revealing a uniformly sampled physical state",
    "root_value_scale": "V_root / gamma, gamma=0.99"
  },
  "model": {
    "beta": 0.1,
    "epsilon": 0.06000000000000001,
    "gamma": 0.99,
    "mdp_density": 0.5,
    "mdp_seed": 1111,
    "mdp_sha256": "580f9fa806b22e34e0f0d1010a1012409199158e69e3f71c129e1c5119fb8d6a",
    "n_jpo_actions": 128,
    "n_prescriptions": 64,
    "n_receiver_actions": 2,
    "n_states": 6
  },
  "runtime": {
    "julia": "1.12.6",
    "native_sarsop": "0.1.4",
    "pomdp_tools": "1.1.0",
    "pomdps": "1.0.0"
  },
  "solver": {
    "delta": 0.0001,
    "export_beliefs": false,
    "initial_bound_max_time": 30.0,
    "initial_bound_residual": 1e-08,
    "initial_upper_bound": "fully_observable",
    "kappa": 0.5,
    "max_steps": 1000000,
    "max_time": 500.0,
    "precision": 0.01,
    "prune_threshold": 0.1,
    "search_epsilon": 0.01,
    "use_binning": true
  },
  "training": {
    "alpha_count": 8,
    "belief_count": 7026244,
    "elapsed_seconds": 572.9196012020111,
    "history": [
      {
        "elapsed_seconds": 8.106231689453125e-06,
        "initial_gap": 10151.685969110493,
        "initial_lower_objective": -10099.999999999984,
        "initial_upper_objective": 51.68596911050958,
        "iteration": 0,
        "root_gap": 10050.169109419388,
        "root_lower": -9998.999999999984,
        "root_upper": 51.169109419404485
      },
      {
        "elapsed_seconds": 0.0002841949462890625,
        "initial_gap": 26.711134436216597,
        "initial_lower_objective": 24.974834674292985,
        "initial_upper_objective": 51.68596911050958,
        "iteration": 1,
        "root_gap": 26.44402309185443,
        "root_lower": 24.725086327550056,
        "root_upper": 51.169109419404485
      },
      {
        "elapsed_seconds": 1.610530138015747,
        "initial_gap": 19.714653776989657,
        "initial_lower_objective": 31.971315333519925,
        "initial_upper_objective": 51.68596911050958,
        "iteration": 2,
        "root_gap": 19.51750723921976,
        "root_lower": 31.651602180184724,
        "root_upper": 51.169109419404485
      },
      {
        "elapsed_seconds": 6.5322630405426025,
        "initial_gap": 17.925312243032177,
        "initial_lower_objective": 33.744496612036656,
        "initial_upper_objective": 51.66980885506884,
        "iteration": 3,
        "root_gap": 17.746059120601856,
        "root_lower": 33.40705164591629,
        "root_upper": 51.15311076651815
      },
      {
        "elapsed_seconds": 14.56854510307312,
        "initial_gap": 14.307736420411793,
        "initial_lower_objective": 37.316390838497725,
        "initial_upper_objective": 51.624127258909525,
        "iteration": 4,
        "root_gap": 14.164659056207675,
        "root_lower": 36.94322693011275,
        "root_upper": 51.107885986320426
      },
      {
        "elapsed_seconds": 23.85794711112976,
        "initial_gap": 13.45149995557827,
        "initial_lower_objective": 38.135341160079406,
        "initial_upper_objective": 51.58684111565768,
        "iteration": 5,
        "root_gap": 13.316984956022488,
        "root_lower": 37.753987748478615,
        "root_upper": 51.0709727045011
      },
      {
        "elapsed_seconds": 33.1483211517334,
        "initial_gap": 12.605037025153681,
        "initial_lower_objective": 38.977620625310166,
        "initial_upper_objective": 51.582657650463844,
        "iteration": 6,
        "root_gap": 12.478986654902144,
        "root_lower": 38.58784441905706,
        "root_upper": 51.06683107395921
      },
      {
        "elapsed_seconds": 45.43779802322388,
        "initial_gap": 11.723244627912349,
        "initial_lower_objective": 39.858226349819105,
        "initial_upper_objective": 51.581470977731456,
        "iteration": 7,
        "root_gap": 11.606012181633226,
        "root_lower": 39.459644086320914,
        "root_upper": 51.06565626795414
      },
      {
        "elapsed_seconds": 54.710801124572754,
        "initial_gap": 11.164562002523496,
        "initial_lower_objective": 40.40892263825435,
        "initial_upper_objective": 51.57348464077785,
        "iteration": 8,
        "root_gap": 11.05291638249826,
        "root_lower": 40.00483341187181,
        "root_upper": 51.05774979437007
      },
      {
        "elapsed_seconds": 74.43892908096313,
        "initial_gap": 10.80782055677121,
        "initial_lower_objective": 40.765228633744066,
        "initial_upper_objective": 51.57304919051528,
        "iteration": 9,
        "root_gap": 10.699742351203497,
        "root_lower": 40.35757634740663,
        "root_upper": 51.057318698610125
      },
      {
        "elapsed_seconds": 99.27080512046814,
        "initial_gap": 10.453276768636384,
        "initial_lower_objective": 41.117304595533284,
        "initial_upper_objective": 51.57058136416967,
        "iteration": 10,
        "root_gap": 10.34874400095002,
        "root_lower": 40.706131549577954,
        "root_upper": 51.054875550527974
      },
      {
        "elapsed_seconds": 127.27803707122803,
        "initial_gap": 9.256951466697593,
        "initial_lower_objective": 42.29485893740284,
        "initial_upper_objective": 51.551810404100436,
        "iteration": 11,
        "root_gap": 9.164381952030617,
        "root_lower": 41.87191034802881,
        "root_upper": 51.03629230005943
      },
      {
        "elapsed_seconds": 163.32564115524292,
        "initial_gap": 9.184218836607666,
        "initial_lower_objective": 42.35954294263904,
        "initial_upper_objective": 51.5437617792467,
        "iteration": 12,
        "root_gap": 9.09237664824159,
        "root_lower": 41.935947513212646,
        "root_upper": 51.028324161454236
      },
      {
        "elapsed_seconds": 198.70948719978333,
        "initial_gap": 8.557310095332452,
        "initial_lower_objective": 42.98066619078156,
        "initial_upper_objective": 51.53797628611401,
        "iteration": 13,
        "root_gap": 8.471736994379128,
        "root_lower": 42.550859528873744,
        "root_upper": 51.02259652325287
      },
      {
        "elapsed_seconds": 240.36005210876465,
        "initial_gap": 8.262052960898915,
        "initial_lower_objective": 43.27345548378351,
        "initial_upper_objective": 51.53550844468242,
        "iteration": 14,