{
  "horizon": 95,
  "lower_objective": 3.097147500298502,
  "lower_values": [
    3.160984381949834,
    2.7765725866045012,
    2.8758538557915934,
    3.160984381949834,
    3.160984381949834,
    3.4475054135454157
  ],
  "method": "deterministic_joint_state_belief_propagation",
  "objective_estimate": 3.097382531051248,
  "status": "ok",
  "tail_interval_width": 0.00047006150549222525,
  "total_belief_nodes": 57492,
  "unrestricted_upper_minus_restricted_lower": 0.1082180938304953,
  "upper_objective": 3.097617561803994,
  "upper_values": [
    3.161454443455326,
    2.7770426481099935,
    2.8763239172970856,
    3.161454443455326,
    3.161454443455326,
    3.4479754750509084
  ]
}