{
  "horizon": 96,
  "lower_objective": 4.645701520983481,
  "lower_values": [
    4.819748381960633,
    4.45449870838449,
    4.819748381960633,
    4.819748381960633,
    4.819748381960633,
    4.140716889673865
  ],
  "method": "deterministic_joint_state_belief_propagation",
  "objective_estimate": 4.645931266355664,
  "status": "ok",
  "tail_interval_width": 0.00045949074436624215,
  "total_belief_nodes": 38544,
  "upper_objective": 4.646161011727847,
  "upper_values": [
    4.820207872705,
    4.454958199128855,
    4.820207872705,
    4.820207872705,
    4.820207872705,
    4.14117638041823
  ]
}