{
  "horizon": 95,
  "lower_objective": 3.83340466719866,
  "lower_values": [
    3.723492657231711,
    4.003023363204458,
    3.5443725991151647,
    3.723492657231711,
    4.003023363204458,
    4.003023363204458
  ],
  "method": "deterministic_joint_state_belief_propagation",
  "objective_estimate": 3.8336396979514067,
  "status": "ok",
  "tail_interval_width": 0.00047006150549311343,
  "total_belief_nodes": 49988,
  "upper_objective": 3.8338747287041532,
  "upper_values": [
    3.723962718737205,
    4.003493424709951,
    3.5448426606206573,
    3.723962718737205,
    4.003493424709951,
    4.003493424709951
  ]
}