{
  "horizon": 95,
  "lower_objective": 2.2901561338487735,
  "lower_values": [
    2.6347418789259143,
    2.232109213360051,
    2.177758070726525,
    2.232109213360051,
    2.232109213360051,
    2.232109213360051
  ],
  "method": "deterministic_joint_state_belief_propagation",
  "objective_estimate": 2.29039116460152,
  "status": "same_as_normal_no_violations",
  "tail_interval_width": 0.00047006150549266934,
  "total_belief_nodes": 27260,
  "unrestricted_upper_minus_restricted_lower": 0.042767215259732705,
  "upper_objective": 2.290626195354266,
  "upper_values": [
    2.6352119404314065,
    2.232579274865543,
    2.178228132232019,
    2.232579274865543,
    2.232579274865543,
    2.232579274865543
  ]
}