{
  "horizon": 95,
  "lower_objective": 1.9252235376961444,
  "lower_values": [
    1.9060282227828664,
    1.774889376059302,
    1.774889376059302,
    1.9266916572533734,
    2.2421509367686485,
    1.9266916572533734
  ],
  "method": "deterministic_joint_state_belief_propagation",
  "objective_estimate": 1.9254585684488912,
  "status": "same_as_normal_no_violations",
  "tail_interval_width": 0.0004700615054940016,
  "total_belief_nodes": 78657,
  "unrestricted_upper_minus_restricted_lower": 0.09363607776232019,
  "upper_objective": 1.9256935992016384,
  "upper_values": [
    1.9064982842883593,
    1.7753594375647965,
    1.7753594375647965,
    1.9271617187588677,
    2.2426209982741425,
    1.9271617187588677
  ]
}