{
  "horizon": 95,
  "lower_objective": 3.6405847667471294,
  "lower_values": [
    3.3841602427694353,
    3.3841602427694353,
    4.137216348917845,
    3.464558168877069,
    3.336197248231146,
    4.137216348917845
  ],
  "method": "deterministic_joint_state_belief_propagation",
  "objective_estimate": 3.640819797499876,
  "status": "same_as_normal_no_violations",
  "tail_interval_width": 0.00047006150549311343,
  "total_belief_nodes": 21427,
  "unrestricted_upper_minus_restricted_lower": 0.010729784444126977,
  "upper_objective": 3.6410548282526225,
  "upper_values": [
    3.3846303042749275,
    3.3846303042749275,
    4.137686410423339,
    3.4650282303825626,
    3.3366673097366393,
    4.137686410423339
  ]
}