{
  "action_encoding": {
    "formula": "action = prescription_index * n_receiver_actions + receiver_action",
    "solver_jpo_action_offset": 1,
    "state_zero_bit": "most_significant"
  },
  "bounds": {
    "gap": 0.009905055942781793,
    "lower_objective": 7.3497785162144185,
    "lower_values": [
      7.40888825631453,
      7.379292575950002,
      7.259016516443966,
      7.091599229740529,
      7.494674549053472,
      7.465199969784016
    ],
    "root_gap": 0.010082120613564961,
    "root_lower_objective": 7.349778516214514,
    "root_upper_objective": 7.3598606368280794,
    "upper_objective": 7.3596835721572,
    "upper_values": [
      7.4217616918451235,
      7.389044651305955,
      7.268357448929625,
      7.100702543387643,
      7.504066108808232,
      7.474168988666628
    ]
  },
  "initialization": {
    "initial_beliefs": [
      [
        1.0,
        0.0,
        0.0,
        0.0,
        0.0,
        0.0
      ],
      [
        0.0,
        1.0,
        0.0,
        0.0,
        0.0,
        0.0
      ],
      [
        0.0,
        0.0,
        1.0,
        0.0,
        0.0,
        0.0
      ],
      [
        0.0,
        0.0,
        0.0,
        1.0,
        0.0,
        0.0
      ],
      [
        0.0,
        0.0,
        0.0,
        0.0,
        1.0,
        0.0
      ],
      [
        0.0,
        0.0,
        0.0,
        0.0,
        0.0,
        1.0
      ]
    ],
    "initial_weights": [
      0.16666666666666666,
      0.16666666666666666,
      0.16666666666666666,
      0.16666666666666666,
      0.16666666666666666,
      0.16666666666666666
    ],
    "kind": "single synthetic root revealing a uniformly sampled physical state",
    "root_value_scale": "V_root / gamma, gamma=0.9"
  },
  "model": {
    "beta": 0.0,
    "epsilon": 0.030000000000000006,
    "gamma": 0.9,
    "mdp_density": 0.5,
    "mdp_seed": 1111,
    "mdp_sha256": "d7da316d329b4889e7e777d11e05e73cfbc4247cc4fc4b11b7ce59a173551948",
    "n_jpo_actions": 128,
    "n_prescriptions": 64,
    "n_receiver_actions": 2,
    "n_states": 6
  },
  "runtime": {
    "julia": "1.12.6",
    "native_sarsop": "0.1.4",
    "pomdp_tools": "1.1.0",
    "pomdps": "1.0.0"
  },
  "solver": {
    "delta": 0.0001,
    "export_beliefs": false,
    "initial_bound_max_time": 30.0,
    "initial_bound_residual": 1e-08,
    "initial_upper_bound": "fully_observable",
    "kappa": 0.5,
    "max_steps": 1000000,
    "max_time": 500.0,
    "precision": 0.01,
    "prune_threshold": 0.1,
    "search_epsilon": 0.01,
    "use_binning": true
  },
  "training": {
    "alpha_count": 4,
    "belief_count": 856045,
    "elapsed_seconds": 4.031233072280884,
    "history": [
      {
        "elapsed_seconds": 1.811981201171875e-05,
        "initial_gap": 117.37377851153757,
        "initial_lower_objective": -110.00000000000004,
        "initial_upper_objective": 7.373778511537526,
        "iteration": 0,
        "root_gap": 105.63640066038381,
        "root_lower": -99.00000000000004,
        "root_upper": 6.6364006603837735
      },
      {
        "elapsed_seconds": 0.03874397277832031,
        "initial_gap": 1.075079598679927,
        "initial_lower_objective": 6.298698912857599,
        "initial_upper_objective": 7.373778511537526,
        "iteration": 1,
        "root_gap": 0.9675716388119344,
        "root_lower": 5.668829021571839,
        "root_upper": 6.6364006603837735
      },
      {
        "elapsed_seconds": 0.058238983154296875,
        "initial_gap": 0.1327739624566377,
        "initial_lower_objective": 7.241004547584998,
        "initial_upper_objective": 7.373778510041636,
        "iteration": 2,
        "root_gap": 0.11949656621097393,
        "root_lower": 6.516904092826499,
        "root_upper": 6.636400659037473
      },
      {
        "elapsed_seconds": 0.08004212379455566,
        "initial_gap": 0.052266833458509195,
        "initial_lower_objective": 7.319832205408771,
        "initial_upper_objective": 7.3720990388672805,
        "iteration": 3,
        "root_gap": 0.047040150112658274,
        "root_lower": 6.587848984867894,
        "root_upper": 6.634889134980552
      },
      {
        "elapsed_seconds": 0.08843398094177246,
        "initial_gap": 0.04250552029665597,
        "initial_lower_objective": 7.32920845759182,
        "initial_upper_objective": 7.371713977888476,
        "iteration": 4,
        "root_gap": 0.038254968266990375,
        "root_lower": 6.596287611832638,
        "root_upper": 6.6345425800996285
      },
      {
        "elapsed_seconds": 0.09681105613708496,
        "initial_gap": 0.03382444335119336,
        "initial_lower_objective": 7.33775690254528,
        "initial_upper_objective": 7.371581345896473,
        "iteration": 5,
        "root_gap": 0.03044199901607403,
        "root_lower": 6.603981212290752,
        "root_upper": 6.634423211306826
      },
      {
        "elapsed_seconds": 0.11495399475097656,
        "initial_gap": 0.027496158878326484,
        "initial_lower_objective": 7.343943842300206,
        "initial_upper_objective": 7.371440001178533,
        "iteration": 6,
        "root_gap": 0.024746542990493836,
        "root_lower": 6.609549458070186,
        "root_upper": 6.6342960010606795
      },
      {
        "elapsed_seconds": 0.11668610572814941,
        "initial_gap": 0.02660476669858506,
        "initial_lower_objective": 7.343998841894949,
        "initial_upper_objective": 7.370603608593535,
        "iteration": 7,
        "root_gap": 0.023944290028726556,
        "root_lower": 6.609598957705455,
        "root_upper": 6.633543247734181
      },
      {
        "elapsed_seconds": 0.11854696273803711,
        "initial_gap": 0.026381406956162853,
        "initial_lower_objective": 7.344222201637372,
        "initial_upper_objective": 7.370603608593535,
        "iteration": 8,
        "root_gap": 0.02374326626054657,
        "root_lower": 6.609799981473635,
        "root_upper": 6.633543247734181
      },
      {
        "elapsed_seconds": 0.11978507041931152,
        "initial_gap": 0.026361894383719116,
        "initial_lower_objective": 7.344241714209815,
        "initial_upper_objective": 7.370603608593535,
        "iteration": 9,
        "root_gap": 0.023725704945347204,
        "root_lower": 6.609817542788834,
        "root_upper": 6.633543247734181
      },
      {
        "elapsed_seconds": 0.12579917907714844,
        "initial_gap": 0.02505800287130692,
        "initial_lower_objective": 7.3455456057222275,
        "initial_upper_objective": 7.370603608593535,
        "iteration": 10,
        "root_gap": 0.02255220258417623,
        "root_lower": 6.610991045150005,
        "root_upper": 6.633543247734181
      },
      {
        "elapsed_seconds": 0.12659215927124023,
        "initial_gap": 0.024900418715057486,
        "initial_lower_objective": 7.345592905001002,
        "initial_upper_objective": 7.370493323716059,
        "iteration": 11,
        "root_gap": 0.022410376843551738,
        "root_lower": 6.611033614500902,
        "root_upper": 6.633443991344453
      },
      {
        "elapsed_seconds": 0.13193011283874512,
        "initial_gap": 0.024034984786730124,
        "initial_lower_objective": 7.346458338929329,
        "initial_upper_objective": 7.370493323716059,
        "iteration": 12,
        "root_gap": 0.021631486308057113,
        "root_lower": 6.611812505036396,
        "root_upper": 6.633443991344453
      },
      {
        "elapsed_seconds": 0.13437104225158691,
        "initial_gap": 0.023665697097918523,
        "initial_lower_objective": 7.3464939136919885,
        "initial_upper_objective": 7.370159610789907,
        "iteration": 13,
        "root_gap": 0.02129912738812667,
        "root_lower": 6.61184452232279,
        "root_upper": 6.633143649710917
      },
      {
        "elapsed_seconds": 0.17844796180725098,
        "initial_gap": 0.02127710054368157,
        "initial_lower_objective": 7.348882510246225,