{
  "horizon": 95,
  "lower_objective": 2.5800735264331225,
  "lower_values": [
    2.302639933491309,
    2.272144667750157,
    2.5830083099997787,
    2.774216082452497,
    2.774216082452497,
    2.774216082452497
  ],
  "method": "deterministic_joint_state_belief_propagation",
  "objective_estimate": 2.5803085571858686,
  "status": "same_as_normal_no_violations",
  "tail_interval_width": 0.00047006150549222525,
  "total_belief_nodes": 49540,
  "unrestricted_upper_minus_restricted_lower": 0.04723165340382529,
  "upper_objective": 2.5805435879386147,
  "upper_values": [
    2.303109994996803,
    2.272614729255649,
    2.583478371505272,
    2.7746861439579886,
    2.7746861439579886,
    2.7746861439579886
  ]
}