{
  "horizon": 1224,
  "lower_objective": 47.41903146174359,
  "lower_values": [
    47.590231424137045,
    47.24512845289274,
    47.597244813401176,
    47.590231424137045,
    47.597244813401176,
    46.89410784249239
  ],
  "method": "deterministic_joint_state_belief_propagation",
  "objective_estimate": 47.41928117746471,
  "status": "ok",
  "tail_interval_width": 0.0004994314422290813,
  "total_belief_nodes": 1211640,
  "upper_objective": 47.41953089318582,
  "upper_values": [
    47.59073085557929,
    47.24562788433491,
    47.59774424484338,
    47.59073085557929,
    47.59774424484338,
    46.89460727393467
  ]
}