{
  "horizon": 95,
  "lower_objective": 3.2136074379925588,
  "lower_values": [
    3.4259366075736026,
    3.0067511284421164,
    3.141006761455344,
    3.4259366075736026,
    3.141006761455344,
    3.141006761455344
  ],
  "method": "deterministic_joint_state_belief_propagation",
  "objective_estimate": 3.2138424687453053,
  "status": "same_as_normal_no_violations",
  "tail_interval_width": 0.0004700615054935575,
  "total_belief_nodes": 29223,
  "unrestricted_upper_minus_restricted_lower": 0.039177013123659954,
  "upper_objective": 3.2140774994980523,
  "upper_values": [
    3.426406669079096,
    3.0072211899476096,
    3.141476822960837,
    3.426406669079096,
    3.141476822960837,
    3.141476822960837
  ]
}