{
  "horizon": 95,
  "lower_objective": 2.7702304327348095,
  "lower_values": [
    2.2937645379652936,
    3.2124697172287924,
    2.866568173286805,
    2.5154438213543555,
    2.866568173286805,
    2.866568173286805
  ],
  "method": "deterministic_joint_state_belief_propagation",
  "objective_estimate": 2.770465463487556,
  "status": "ok",
  "tail_interval_width": 0.00047006150549311343,
  "total_belief_nodes": 52585,
  "upper_objective": 2.7707004942403026,
  "upper_values": [
    2.294234599470787,
    3.2129397787342846,
    2.867038234792298,
    2.515913882859851,
    2.867038234792298,
    2.867038234792298
  ]
}