{
  "horizon": 1220,
  "lower_objective": 49.260689179218716,
  "lower_values": [
    49.43848038473148,
    49.064553274428135,
    49.43848038473148,
    49.43848038473148,
    49.43848038473148,
    48.745660261958314
  ],
  "method": "deterministic_joint_state_belief_propagation",
  "objective_estimate": 49.260937429561274,
  "status": "ok",
  "tail_interval_width": 0.000496500685102319,
  "total_belief_nodes": 399464,
  "upper_objective": 49.26118567990382,
  "upper_values": [
    49.43897688541656,
    49.06504977511327,
    49.43897688541656,
    49.43897688541656,
    49.43897688541656,
    48.74615676264345
  ]
}