{
  "horizon": 1220,
  "lower_objective": 47.94988901653082,
  "lower_values": [
    48.12225195183865,
    47.762196022612095,
    48.12225195183865,
    48.12225195183865,
    48.12225195183865,
    47.44813026921824
  ],
  "method": "deterministic_joint_state_belief_propagation",
  "objective_estimate": 47.950137266875316,
  "status": "ok",
  "tail_interval_width": 0.0004965006889889878,
  "total_belief_nodes": 261836,
  "unrestricted_upper_minus_restricted_lower": 3.6105177811758296,
  "upper_objective": 47.95038551721981,
  "upper_values": [
    48.1227484525236,
    47.762692523297055,
    48.1227484525236,
    48.1227484525236,
    48.1227484525236,
    47.44862676992741
  ]
}