{
  "alpha_vector_count": 6,
  "analysis_discounted_tail_bound": 9.90526314525898e-09,
  "analysis_horizon": 2292,
  "analysis_total_belief_nodes": 125583,
  "beta": 0.05,
  "beta_index": 1,
  "discounted_transmission_occupancy": 34.29462122519163,
  "epsilon": 0.07,
  "epsilon_index": 6,
  "gamma": 0.99,
  "gamma_index": 1,
  "index": 56,
  "margin": -6.394899999999994,
  "margin_region": "m<0",
  "mdp_seed": 1111,
  "normal_minus_restricted_lower": 1.3103036619989084,
  "normal_minus_restricted_upper": 1.3112966633729997,
  "normal_minus_restricted_value": 1.3108001626859576,
  "normal_policy_horizon": 1220,
  "normal_policy_interval_width": 0.000496500685102319,
  "normal_policy_lower_bound": 49.260689179218716,
  "normal_policy_total_belief_nodes": 399464,
  "normal_policy_upper_bound": 49.26118567990382,
  "normal_policy_value": 49.260937429561274,
  "point_id": "g1_b01_e06",
  "restricted_lower_bound_status": "ok",
  "restricted_policy_horizon": 1220,
  "restricted_policy_interval_width": 0.0004965006889889878,
  "restricted_policy_lower_bound": 47.94988901653082,
  "restricted_policy_total_belief_nodes": 261836,
  "restricted_policy_upper_bound": 47.95038551721981,
  "reused_solver_checkpoint": false,
  "root_gap": 10.609838090606312,
  "sampled_belief_count": 6209932,
  "sarsop_gap": 10.609794255218034,
  "sarsop_lower_bound": 40.950612542488614,
  "sarsop_upper_bound": 51.56040679770665,
  "solver_elapsed_seconds": 543.216628074646,
  "solver_iterations": 16,
  "solver_stop_reason": "max_time",
  "status": "ok",
  "unrestricted_upper_minus_restricted_lower": 3.6105177811758296,
  "violation_count": 55,
  "violation_discounted_event_occupancy": 13.106438516026728,
  "violation_first_depth_max": 18,
  "violation_first_depth_min": 0
}