{
  "horizon": 95,
  "lower_objective": 1.410689074989774,
  "lower_values": [
    1.3830621993157703,
    1.2905469267696053,
    1.3731772970642204,
    1.3830621993157703,
    1.820505637483484,
    1.2137801899897935
  ],
  "method": "deterministic_joint_state_belief_propagation",
  "objective_estimate": 1.4109241057425204,
  "status": "same_as_normal_no_violations",
  "tail_interval_width": 0.00047006150549266934,
  "total_belief_nodes": 105389,
  "unrestricted_upper_minus_restricted_lower": 0.07458265401696895,
  "upper_objective": 1.4111591364952667,
  "upper_values": [
    1.3835322608212626,
    1.2910169882750973,
    1.3736473585697135,
    1.3835322608212626,
    1.8209756989889787,
    1.2142502514952862
  ]
}