{
  "horizon": 95,
  "lower_objective": 2.04288684676548,
  "lower_values": [
    2.377438474953492,
    3.174743896612685,
    2.0740546206763506,
    1.278514733837002,
    1.278514733837002,
    2.0740546206763506
  ],
  "method": "deterministic_joint_state_belief_propagation",
  "objective_estimate": 2.0431218775182267,
  "status": "ok",
  "tail_interval_width": 0.00047006150549311343,
  "total_belief_nodes": 77919,
  "unrestricted_upper_minus_restricted_lower": 0.010208508421998275,
  "upper_objective": 2.0433569082709733,
  "upper_values": [
    2.3779085364589854,
    3.175213958118178,
    2.074524682181843,
    1.2789847953424958,
    1.2789847953424958,
    2.074524682181843
  ]
}