{
  "alpha_vector_count": 9,
  "analysis_discounted_tail_bound": 9.67774912024056e-09,
  "analysis_horizon": 197,
  "analysis_total_belief_nodes": 50518,
  "beta": 0.05,
  "candidate_index": 32,
  "discounted_transmission_occupancy": 1.3953692405648923,
  "epsilon": 0.04000000000000001,
  "epsilon_index": 3,
  "gamma": 0.9,
  "index": 323,
  "margin": -0.29560000000000014,
  "margin_region": "m<0",
  "mdp_seed": 1755395082,
  "normal_minus_restricted_lower": -0.00046925263526809147,
  "normal_minus_restricted_upper": 0.0004708703757172472,
  "normal_minus_restricted_value": 8.088702245778734e-07,
  "normal_policy_horizon": 95,
  "normal_policy_interval_width": 0.00047006150549222525,
  "normal_policy_lower_bound": 2.042887655635705,
  "normal_policy_total_belief_nodes": 77919,
  "normal_policy_upper_bound": 2.0433577171411974,
  "normal_policy_value": 2.0431226863884513,
  "point_id": "seed_1755395082_e03",
  "restricted_policy_horizon": 95,
  "restricted_policy_interval_width": 0.00047006150549311343,
  "restricted_policy_lower_bound": 2.04288684676548,
  "restricted_policy_status": "ok",
  "restricted_policy_total_belief_nodes": 77919,
  "restricted_policy_upper_bound": 2.0433569082709733,
  "restricted_policy_value": 2.0431218775182267,
  "reused_solver_checkpoint": false,
  "root_gap": 0.010800337595569963,
  "sampled_belief_count": 6504310,
  "sarsop_gap": 0.010095775897604575,
  "sarsop_gap_within_acceptance_threshold": true,
  "sarsop_lower_bound": 2.042999579289874,
  "sarsop_upper_bound": 2.0530953551874784,
  "solver_elapsed_seconds": 383.2944588661194,
  "solver_iterations": 501,
  "solver_stop_reason": "precision",
  "status": "ok",
  "violation_count": 1,
  "violation_discounted_event_occupancy": 1.5425707007674738e-05,
  "violation_first_depth_max": 19,
  "violation_first_depth_min": 19
}