{
  "horizon": 95,
  "lower_objective": 2.003189040880889,
  "lower_values": [
    1.7774106881104932,
    1.9529309353250892,
    2.31091415109074,
    1.964076454036165,
    1.702887865632105,
    2.31091415109074
  ],
  "method": "deterministic_joint_state_belief_propagation",
  "objective_estimate": 2.003424071633635,
  "status": "ok",
  "tail_interval_width": 0.00047006150549266934,
  "total_belief_nodes": 75805,
  "upper_objective": 2.0036591023863815,
  "upper_values": [
    1.777880749615986,
    1.9534009968305819,
    2.311384212596232,
    1.9645465155416588,
    1.7033579271375976,
    2.311384212596232
  ]
}