{
  "horizon": 95,
  "lower_objective": 2.5863636239228804,
  "lower_values": [
    2.308377158037754,
    2.278719292445755,
    2.5896779933252994,
    2.780469099909492,
    2.780469099909492,
    2.780469099909492
  ],
  "method": "deterministic_joint_state_belief_propagation",
  "objective_estimate": 2.586598654675628,
  "status": "same_as_normal_no_violations",
  "tail_interval_width": 0.0004700615054944457,
  "total_belief_nodes": 49216,
  "unrestricted_upper_minus_restricted_lower": 0.039148272503688464,
  "upper_objective": 2.586833685428375,
  "upper_values": [
    2.3088472195432486,
    2.279189353951246,
    2.590148054830794,
    2.7809391614149863,
    2.7809391614149863,
    2.7809391614149863
  ]
}