{
  "horizon": 95,
  "lower_objective": 4.672338667603007,
  "lower_values": [
    4.30065633528455,
    5.0440209999214645,
    4.30065633528455,
    4.30065633528455,
    5.0440209999214645,
    5.0440209999214645
  ],
  "method": "deterministic_joint_state_belief_propagation",
  "objective_estimate": 4.6725736983557535,
  "status": "same_as_normal_no_violations",
  "tail_interval_width": 0.00047006150549133707,
  "total_belief_nodes": 8826,
  "unrestricted_upper_minus_restricted_lower": 0.01798846116660968,
  "upper_objective": 4.672808729108499,
  "upper_values": [
    4.301126396790042,
    5.044491061426957,
    4.301126396790042,
    4.301126396790042,
    5.044491061426957,
    5.044491061426957
  ]
}