{
  "horizon": 95,
  "lower_objective": 3.1948000518712165,
  "lower_values": [
    3.1308383483672273,
    2.9924712384413663,
    3.447336961913177,
    3.0199784522251236,
    3.1308383483672273,
    3.447336961913177
  ],
  "method": "deterministic_joint_state_belief_propagation",
  "objective_estimate": 3.195035082623963,
  "status": "same_as_normal_no_violations",
  "tail_interval_width": 0.00047006150549311343,
  "total_belief_nodes": 73992,
  "unrestricted_upper_minus_restricted_lower": 0.011219674935786017,
  "upper_objective": 3.1952701133767096,
  "upper_values": [
    3.13130840987272,
    2.9929412999468616,
    3.4478070234186693,
    3.020448513730618,
    3.13130840987272,
    3.4478070234186693
  ]
}