{
  "horizon": 95,
  "lower_objective": 3.824743594609933,
  "lower_values": [
    4.335337195973097,
    3.148790792680292,
    4.335337195973097,
    4.335337195973097,
    3.5411018615868834,
    3.252557325473134
  ],
  "method": "deterministic_joint_state_belief_propagation",
  "objective_estimate": 3.8249786253626805,
  "status": "ok",
  "tail_interval_width": 0.0004700615054948898,
  "total_belief_nodes": 34161,
  "unrestricted_upper_minus_restricted_lower": 0.0750492344508582,
  "upper_objective": 3.825213656115428,
  "upper_values": [
    4.335807257478593,
    3.149260854185785,
    4.335807257478593,
    4.335807257478593,
    3.5415719230923783,
    3.2530273869786277
  ]
}