{
  "horizon": 95,
  "lower_objective": 4.440751457176433,
  "lower_values": [
    4.877139091387865,
    4.508771670591285,
    4.508771670591285,
    3.936343609550151,
    3.936343609550151,
    4.877139091387865
  ],
  "method": "deterministic_joint_state_belief_propagation",
  "objective_estimate": 4.440986487929196,
  "status": "ok",
  "tail_interval_width": 0.00047006150552508785,
  "total_belief_nodes": 19164,
  "upper_objective": 4.441221518681958,
  "upper_values": [
    4.877609152893357,
    4.509241732096781,
    4.509241732096781,
    3.9368136710557367,
    3.9368136710557367,
    4.877609152893357
  ]
}