{
  "horizon": 95,
  "lower_objective": 1.871873466408979,
  "lower_values": [
    1.89288656979511,
    2.230203125478924,
    1.8801304830727665,
    1.7426735400356912,
    1.7426735400356912,
    1.7426735400356912
  ],
  "method": "deterministic_joint_state_belief_propagation",
  "objective_estimate": 1.8721084971617417,
  "status": "same_as_normal_no_violations",
  "tail_interval_width": 0.00047006150552553194,
  "total_belief_nodes": 28268,
  "unrestricted_upper_minus_restricted_lower": 0.011059405033943204,
  "upper_objective": 1.8723435279145044,
  "upper_values": [
    1.8933566313006982,
    2.2306731869844176,
    1.8806005445783613,
    1.7431436015411836,
    1.7431436015411836,
    1.7431436015411836
  ]
}