{
  "horizon": 95,
  "lower_objective": 3.402106608345668,
  "lower_values": [
    3.606525647006383,
    3.606525647006383,
    3.1491556151834024,
    3.294751478688055,
    3.606525647006383,
    3.1491556151834024
  ],
  "method": "deterministic_joint_state_belief_propagation",
  "objective_estimate": 3.402341639098415,
  "status": "same_as_normal_no_violations",
  "tail_interval_width": 0.0004700615054940016,
  "total_belief_nodes": 31294,
  "unrestricted_upper_minus_restricted_lower": 0.07111160884353485,
  "upper_objective": 3.402576669851162,
  "upper_values": [
    3.6069957085118776,
    3.6069957085118776,
    3.1496256766888964,
    3.2952215401935465,
    3.6069957085118776,
    3.1496256766888964
  ]
}