{
  "horizon": 95,
  "lower_objective": 2.479411801811508,
  "lower_values": [
    2.8187465098035984,
    2.3949977911921776,
    2.422576239560365,
    2.3949977911921776,
    2.422576239560365,
    2.422576239560365
  ],
  "method": "deterministic_joint_state_belief_propagation",
  "objective_estimate": 2.4796468325642538,
  "status": "same_as_normal_no_violations",
  "tail_interval_width": 0.00047006150549178116,
  "total_belief_nodes": 38828,
  "unrestricted_upper_minus_restricted_lower": 0.005681393389061373,
  "upper_objective": 2.479881863317,
  "upper_values": [
    2.819216571309089,
    2.3954678526976703,
    2.4230463010658565,
    2.3954678526976703,
    2.4230463010658565,
    2.4230463010658565
  ]
}