{
  "horizon": 1229,
  "lower_objective": 46.92543120744071,
  "lower_values": [
    47.09785152082157,
    46.74748439801354,
    47.09785152082157,
    47.09785152082157,
    47.09785152082157,
    46.41369676334446
  ],
  "method": "deterministic_joint_state_belief_propagation",
  "objective_estimate": 46.92567938080289,
  "status": "ok",
  "tail_interval_width": 0.000496346724361274,
  "total_belief_nodes": 487638,
  "upper_objective": 46.92592755416507,
  "upper_values": [
    47.09834786754593,
    46.74798074473791,
    47.09834786754593,
    47.09834786754593,
    47.09834786754593,
    46.414193110068815
  ]
}