{
  "horizon": 95,
  "lower_objective": 2.312385072685055,
  "lower_values": [
    2.077565500675095,
    2.278536058429664,
    2.278536058429664,
    2.278536058429664,
    2.6826007017165794,
    2.278536058429664
  ],
  "method": "deterministic_joint_state_belief_propagation",
  "objective_estimate": 2.3126201034378018,
  "status": "same_as_normal_no_violations",
  "tail_interval_width": 0.00047006150549311343,
  "total_belief_nodes": 13467,
  "unrestricted_upper_minus_restricted_lower": 0.02727876764834658,
  "upper_objective": 2.3128551341905483,
  "upper_values": [
    2.0780355621805886,
    2.2790061199351572,
    2.2790061199351572,
    2.2790061199351572,
    2.6830707632220743,
    2.2790061199351572
  ]
}