{
  "horizon": 95,
  "lower_objective": 3.870435426474704,
  "lower_values": [
    3.9384023631429024,
    3.9384023631429024,
    3.9384023631429024,
    3.5306007431337165,
    3.9384023631429024,
    3.9384023631429024
  ],
  "method": "deterministic_joint_state_belief_propagation",
  "objective_estimate": 3.870670457227451,
  "status": "ok",
  "tail_interval_width": 0.0004700615054940016,
  "total_belief_nodes": 28469,
  "upper_objective": 3.870905487980198,
  "upper_values": [
    3.938872424648395,
    3.938872424648395,
    3.938872424648395,
    3.531070804639212,
    3.938872424648395,
    3.938872424648395
  ]
}