{
  "horizon": 95,
  "lower_objective": 3.0796544517057622,
  "lower_values": [
    2.947353013000177,
    2.947353013000177,
    2.947353013000177,
    2.9443672886831305,
    3.744147369550737,
    2.947353013000177
  ],
  "method": "deterministic_joint_state_belief_propagation",
  "objective_estimate": 3.0798894824585084,
  "status": "same_as_normal_no_violations",
  "tail_interval_width": 0.00047006150549222525,
  "total_belief_nodes": 24304,
  "unrestricted_upper_minus_restricted_lower": 0.02769073599243166,
  "upper_objective": 3.0801245132112545,
  "upper_values": [
    2.9478230745056693,
    2.9478230745056693,
    2.9478230745056693,
    2.9448373501886227,
    3.7446174310562284,
    2.9478230745056693
  ]
}