{
  "horizon": 95,
  "lower_objective": 3.225669218573083,
  "lower_values": [
    2.8081218629232136,
    3.5741075347657754,
    3.203493036802072,
    3.203493036802072,
    2.9906923053795906,
    3.5741075347657754
  ],
  "method": "deterministic_joint_state_belief_propagation",
  "objective_estimate": 3.22590424932583,
  "status": "same_as_normal_no_violations",
  "tail_interval_width": 0.0004700615054935575,
  "total_belief_nodes": 48702,
  "unrestricted_upper_minus_restricted_lower": 0.02594986433951174,
  "upper_objective": 3.2261392800785766,
  "upper_values": [
    2.8085919244287068,
    3.5745775962712694,
    3.203963098307564,
    3.203963098307564,
    2.9911623668850855,
    3.5745775962712694
  ]
}