iteration	elapsed_seconds	root_lower	root_upper	root_gap
0.0	7.867813110351562e-6	-99.00000000000004	5.587913460823229	104.58791346082327
1.0	0.0003838539123535156	5.503497889717095	5.587913460823229	0.08441557110613385
2.0	0.0072247982025146484	5.585713718433002	5.587913460823229	0.002199742390226689
