{
  "horizon": 95,
  "lower_objective": 2.0113176304501583,
  "lower_values": [
    2.336754974951378,
    3.140750746288626,
    2.0385629256259583,
    1.2566371051045158,
    1.2566371051045158,
    2.0385629256259583
  ],
  "method": "deterministic_joint_state_belief_propagation",
  "objective_estimate": 2.011552661202905,
  "status": "ok",
  "tail_interval_width": 0.0004700615054935575,
  "total_belief_nodes": 77762,
  "upper_objective": 2.011787691955652,
  "upper_values": [
    2.3372250364568714,
    3.1412208077941193,
    2.0390329871314505,
    1.2571071666100095,
    1.2571071666100095,
    2.0390329871314505
  ]
}