{
  "alpha_vector_count": 21,
  "analysis_discounted_tail_bound": 9.67774912024056e-09,
  "analysis_horizon": 197,
  "analysis_total_belief_nodes": 50388,
  "beta": 0.05,
  "candidate_index": 32,
  "discounted_transmission_occupancy": 1.3867240482669938,
  "epsilon": 0.06000000000000001,
  "epsilon_index": 5,
  "gamma": 0.9,
  "index": 325,
  "margin": -0.4576000000000002,
  "margin_region": "m<0",
  "mdp_seed": 1755395082,
  "normal_minus_restricted_lower": -0.00046682442690837433,
  "normal_minus_restricted_upper": 0.0004732985840791848,
  "normal_minus_restricted_value": 3.237078585183184e-06,
  "normal_policy_horizon": 95,
  "normal_policy_interval_width": 0.0004700615054935575,
  "normal_policy_lower_bound": 2.0113176304501583,
  "normal_policy_total_belief_nodes": 77762,
  "normal_policy_upper_bound": 2.011787691955652,
  "normal_policy_value": 2.011552661202905,
  "point_id": "seed_1755395082_e05",
  "restricted_policy_horizon": 95,
  "restricted_policy_interval_width": 0.0004700615054940016,
  "restricted_policy_lower_bound": 2.0113143933715727,
  "restricted_policy_status": "ok",
  "restricted_policy_total_belief_nodes": 77762,
  "restricted_policy_upper_bound": 2.0117844548770667,
  "restricted_policy_value": 2.0115494241243197,
  "reused_solver_checkpoint": false,
  "root_gap": 0.017817784647085794,
  "sampled_belief_count": 7532827,
  "sarsop_gap": 0.01781621136057643,
  "sarsop_gap_within_acceptance_threshold": true,
  "sarsop_lower_bound": 2.0114279906358377,
  "sarsop_upper_bound": 2.029244201996414,
  "solver_elapsed_seconds": 600.1430070400238,
  "solver_iterations": 611,
  "solver_stop_reason": "max_time",
  "status": "ok",
  "violation_count": 1,
  "violation_discounted_event_occupancy": 4.504078788171339e-05,
  "violation_first_depth_max": 17,
  "violation_first_depth_min": 17
}