{
  "horizon": 95,
  "lower_objective": 2.804359926175727,
  "lower_values": [
    2.748042501048441,
    2.748042501048441,
    2.3852933814518997,
    2.593524783869164,
    3.1756281948182092,
    3.1756281948182092
  ],
  "method": "deterministic_joint_state_belief_propagation",
  "objective_estimate": 2.8045949569284745,
  "status": "ok",
  "tail_interval_width": 0.0004700615054940016,
  "total_belief_nodes": 66025,
  "upper_objective": 2.804829987681221,
  "upper_values": [
    2.7485125625539353,
    2.7485125625539353,
    2.3857634429573906,
    2.593994845374659,
    3.176098256323704,
    3.176098256323704
  ]
}