{
  "alpha_vector_count": 5,
  "analysis_discounted_tail_bound": 9.67774912024056e-09,
  "analysis_horizon": 197,
  "analysis_total_belief_nodes": 26165,
  "beta": 0.05,
  "candidate_index": 10,
  "discounted_transmission_occupancy": 1.4684618776121399,
  "epsilon": 0.09000000000000001,
  "epsilon_index": 8,
  "gamma": 0.9,
  "index": 108,
  "margin": -0.6871000000000003,
  "margin_region": "m<0",
  "mdp_seed": 1690525620,
  "normal_minus_restricted_lower": 0.04051456241718476,
  "normal_minus_restricted_upper": 0.04145468542817188,
  "normal_minus_restricted_value": 0.04098462392267921,
  "normal_policy_horizon": 95,
  "normal_policy_interval_width": 0.0004700615054940016,
  "normal_policy_lower_bound": 2.804359926175727,
  "normal_policy_total_belief_nodes": 66025,
  "normal_policy_upper_bound": 2.804829987681221,
  "normal_policy_value": 2.8045949569284745,
  "point_id": "seed_1690525620_e08",
  "restricted_policy_horizon": 95,
  "restricted_policy_interval_width": 0.00047006150549311343,
  "restricted_policy_lower_bound": 2.763375302253049,
  "restricted_policy_status": "ok",
  "restricted_policy_total_belief_nodes": 65673,
  "restricted_policy_upper_bound": 2.7638453637585423,
  "restricted_policy_value": 2.7636103330057953,
  "reused_solver_checkpoint": false,
  "root_gap": 0.025577869879257104,
  "sampled_belief_count": 7408213,
  "sarsop_gap": 0.02557786987925903,
  "sarsop_gap_within_acceptance_threshold": true,
  "sarsop_lower_bound": 2.804511086590168,
  "sarsop_upper_bound": 2.830088956469427,
  "solver_elapsed_seconds": 600.3673141002655,
  "solver_iterations": 427,
  "solver_stop_reason": "max_time",
  "status": "ok",
  "violation_count": 72,
  "violation_discounted_event_occupancy": 0.5989712532635507,
  "violation_first_depth_max": 38,
  "violation_first_depth_min": 0
}