{
  "horizon": 95,
  "lower_objective": 3.8756976484233077,
  "lower_values": [
    3.7560603273279485,
    4.116696858406001,
    3.752611191743999,
    4.116696858406001,
    3.7560603273279485,
    3.7560603273279485
  ],
  "method": "deterministic_joint_state_belief_propagation",
  "objective_estimate": 3.8759326791760538,
  "status": "ok",
  "tail_interval_width": 0.00047006150549222525,
  "total_belief_nodes": 44541,
  "upper_objective": 3.8761677099288,
  "upper_values": [
    3.7565303888334403,
    4.117166919911493,
    3.7530812532494924,
    4.117166919911493,
    3.7565303888334403,
    3.7565303888334403
  ]
}