{
  "horizon": 95,
  "lower_objective": 3.8659893813987556,
  "lower_values": [
    3.7462403602009675,
    4.107503392180118,
    3.7422084234293957,
    4.107503392180118,
    3.7462403602009675,
    3.7462403602009675
  ],
  "method": "deterministic_joint_state_belief_propagation",
  "objective_estimate": 3.8662244121515017,
  "status": "ok",
  "tail_interval_width": 0.00047006150549178116,
  "total_belief_nodes": 44532,
  "unrestricted_upper_minus_restricted_lower": 0.04360646979331939,
  "upper_objective": 3.8664594429042474,
  "upper_values": [
    3.7467104217064597,
    4.107973453685609,
    3.742678484934889,
    4.107973453685609,
    3.7467104217064597,
    3.7467104217064597
  ]
}