{
  "alpha_vector_count": 7,
  "analysis_discounted_tail_bound": 9.67774912024056e-09,
  "analysis_horizon": 197,
  "analysis_total_belief_nodes": 17148,
  "beta": 0.05,
  "candidate_index": 51,
  "discounted_transmission_occupancy": 2.205047075551919,
  "epsilon": 0.06000000000000001,
  "epsilon_index": 5,
  "gamma": 0.9,
  "index": 515,
  "margin": -0.4576000000000002,
  "margin_region": "m<0",
  "mdp_seed": 1063508366,
  "normal_minus_restricted_lower": 0.009238205519060294,
  "normal_minus_restricted_upper": 0.0101783285300443,
  "normal_minus_restricted_value": 0.009708267024552075,
  "normal_policy_horizon": 95,
  "normal_policy_interval_width": 0.00047006150549222525,
  "normal_policy_lower_bound": 3.8756976484233077,
  "normal_policy_total_belief_nodes": 44541,
  "normal_policy_upper_bound": 3.8761677099288,
  "normal_policy_value": 3.8759326791760538,
  "point_id": "seed_1063508366_e05",
  "restricted_policy_horizon": 95,
  "restricted_policy_interval_width": 0.00047006150549178116,
  "restricted_policy_lower_bound": 3.8659893813987556,
  "restricted_policy_status": "ok",
  "restricted_policy_total_belief_nodes": 44532,
  "restricted_policy_upper_bound": 3.8664594429042474,
  "restricted_policy_value": 3.8662244121515017,
  "reused_solver_checkpoint": false,
  "root_gap": 0.03370160290537753,
  "sampled_belief_count": 5182318,
  "sarsop_gap": 0.033701602905378714,
  "sarsop_gap_within_acceptance_threshold": true,
  "sarsop_lower_bound": 3.8758942482866963,
  "sarsop_upper_bound": 3.909595851192075,
  "solver_elapsed_seconds": 602.1466670036316,
  "solver_iterations": 326,
  "solver_stop_reason": "max_time",
  "status": "ok",
  "violation_count": 45,
  "violation_discounted_event_occupancy": 0.14635199956511083,
  "violation_first_depth_max": 31,
  "violation_first_depth_min": 1
}