{
  "horizon": 95,
  "lower_objective": 1.8521187447677048,
  "lower_values": [
    1.6428025223070424,
    1.6428025223070424,
    1.8005998325613561,
    1.8005998325613561,
    2.0281082816798377,
    2.1977994771895943
  ],
  "method": "deterministic_joint_state_belief_propagation",
  "objective_estimate": 1.8523537755204513,
  "status": "ok",
  "tail_interval_width": 0.0004700615054935575,
  "total_belief_nodes": 66300,
  "upper_objective": 1.8525888062731983,
  "upper_values": [
    1.6432725838125366,
    1.6432725838125366,
    1.8010698940668493,
    1.8010698940668493,
    2.0285783431853313,
    2.1982695386950875
  ]
}