{
  "horizon": 95,
  "lower_objective": 3.1173308504702737,
  "lower_values": [
    3.4622778794798776,
    2.9257078340988296,
    2.78081638946383,
    3.147197286200399,
    3.4622778794798776,
    2.9257078340988296
  ],
  "method": "deterministic_joint_state_belief_propagation",
  "objective_estimate": 3.1175658812230487,
  "status": "ok",
  "tail_interval_width": 0.00047006150554906867,
  "total_belief_nodes": 48825,
  "upper_objective": 3.1178009119758228,
  "upper_values": [
    3.462747940985371,
    2.926177895604324,
    2.781286450969657,
    3.1476673477058914,
    3.462747940985371,
    2.926177895604324
  ]
}