{
  "horizon": 95,
  "lower_objective": 3.0984013007107625,
  "lower_values": [
    3.449947071010239,
    2.9017544034392757,
    2.7527864153896497,
    3.134218439975895,
    3.449947071010239,
    2.9017544034392757
  ],
  "method": "deterministic_joint_state_belief_propagation",
  "objective_estimate": 3.0986363314635295,
  "status": "ok",
  "tail_interval_width": 0.0004700615055353019,
  "total_belief_nodes": 49226,
  "unrestricted_upper_minus_restricted_lower": 0.04895756617042979,
  "upper_objective": 3.0988713622162978,
  "upper_values": [
    3.4504171325157325,
    2.9022244649447697,
    2.7532564768953947,
    3.1346885014813863,
    3.4504171325157325,
    2.9022244649447697
  ]
}