{
  "alpha_vector_count": 7,
  "analysis_discounted_tail_bound": 9.67774912024056e-09,
  "analysis_horizon": 197,
  "analysis_total_belief_nodes": 22077,
  "beta": 0.05,
  "candidate_index": 24,
  "discounted_transmission_occupancy": 1.7486095186451667,
  "epsilon": 0.09000000000000001,
  "epsilon_index": 8,
  "gamma": 0.9,
  "index": 248,
  "margin": -0.6871000000000003,
  "margin_region": "m<0",
  "mdp_seed": 1513036094,
  "normal_minus_restricted_lower": 0.01845948825397592,
  "normal_minus_restricted_upper": 0.01939961126506029,
  "normal_minus_restricted_value": 0.018929549759519215,
  "normal_policy_horizon": 95,
  "normal_policy_interval_width": 0.00047006150554906867,
  "normal_policy_lower_bound": 3.1173308504702737,
  "normal_policy_total_belief_nodes": 48825,
  "normal_policy_upper_bound": 3.1178009119758228,
  "normal_policy_value": 3.1175658812230487,
  "point_id": "seed_1513036094_e08",
  "restricted_policy_horizon": 95,
  "restricted_policy_interval_width": 0.0004700615055353019,
  "restricted_policy_lower_bound": 3.0984013007107625,
  "restricted_policy_status": "ok",
  "restricted_policy_total_belief_nodes": 49226,
  "restricted_policy_upper_bound": 3.0988713622162978,
  "restricted_policy_value": 3.0986363314635295,
  "reused_solver_checkpoint": false,
  "root_gap": 0.02989350254661972,
  "sampled_belief_count": 5411680,
  "sarsop_gap": 0.02986340753192529,
  "sarsop_gap_within_acceptance_threshold": true,
  "sarsop_lower_bound": 3.117495459349267,
  "sarsop_upper_bound": 3.1473588668811923,
  "solver_elapsed_seconds": 600.4390070438385,
  "solver_iterations": 282,
  "solver_stop_reason": "max_time",
  "status": "ok",
  "violation_count": 253,
  "violation_discounted_event_occupancy": 0.30168676262479044,
  "violation_first_depth_max": 71,
  "violation_first_depth_min": 0
}