{
  "horizon": 95,
  "lower_objective": 2.4638439804112227,
  "lower_values": [
    2.295968875783013,
    2.7829394745900364,
    2.0946678848945957,
    2.7829394745900364,
    2.485713476646025,
    2.340834695963631
  ],
  "method": "deterministic_joint_state_belief_propagation",
  "objective_estimate": 2.464079011163969,
  "status": "ok",
  "tail_interval_width": 0.0004700615054935575,
  "total_belief_nodes": 27172,
  "upper_objective": 2.464314041916716,
  "upper_values": [
    2.296438937288507,
    2.7834095360955287,
    2.095137946400089,
    2.7834095360955287,
    2.486183538151518,
    2.3413047574691257
  ]
}