{
  "alpha_vector_count": 8,
  "analysis_discounted_tail_bound": 9.67774912024056e-09,
  "analysis_horizon": 197,
  "analysis_total_belief_nodes": 8301,
  "beta": 0.1,
  "beta_index": 2,
  "discounted_transmission_occupancy": 3.1032622915458115,
  "epsilon": 0.08,
  "epsilon_index": 7,
  "gamma": 0.9,
  "gamma_index": 0,
  "index": 27,
  "margin": -0.5624000000000002,
  "margin_region": "m<0",
  "mdp_seed": 1111,
  "normal_minus_restricted_lower": 0.15378577806165694,
  "normal_minus_restricted_upper": 0.1547663848387124,
  "normal_minus_restricted_value": 0.1542760814501838,
  "normal_policy_horizon": 95,
  "normal_policy_interval_width": 0.0004903033885046426,
  "normal_policy_lower_bound": 4.743780430910917,
  "normal_policy_total_belief_nodes": 22679,
  "normal_policy_upper_bound": 4.7442707342994215,
  "normal_policy_value": 4.744025582605168,
  "point_id": "g0_b02_e07",
  "restricted_lower_bound_status": "ok",
  "restricted_policy_horizon": 95,
  "restricted_policy_interval_width": 0.0004903033885508279,
  "restricted_policy_lower_bound": 4.589504349460709,
  "restricted_policy_total_belief_nodes": 12864,
  "restricted_policy_upper_bound": 4.58999465284926,
  "reused_solver_checkpoint": false,
  "root_gap": 0.04408744960479814,
  "sampled_belief_count": 7834429,
  "sarsop_gap": 0.044087449604798934,
  "sarsop_lower_bound": 4.74403587590734,
  "sarsop_upper_bound": 4.788123325512139,
  "solver_elapsed_seconds": 500.21650195121765,
  "solver_iterations": 583,
  "solver_stop_reason": "max_time",
  "status": "ok",
  "unrestricted_upper_minus_restricted_lower": 0.19861897605142964,
  "violation_count": 42,
  "violation_discounted_event_occupancy": 1.1649982662883416,
  "violation_first_depth_max": 19,
  "violation_first_depth_min": 0
}