{
  "horizon": 95,
  "lower_objective": 2.6091908502658043,
  "lower_values": [
    2.6507004777945693,
    2.5203015017447123,
    2.3853117796048413,
    2.3853117796048413,
    2.8567597814229306,
    2.8567597814229306
  ],
  "method": "deterministic_joint_state_belief_propagation",
  "objective_estimate": 2.609425881018551,
  "status": "ok",
  "tail_interval_width": 0.0004700615054935575,
  "total_belief_nodes": 68835,
  "unrestricted_upper_minus_restricted_lower": 0.05561657702543332,
  "upper_objective": 2.609660911771298,
  "upper_values": [
    2.6511705393000633,
    2.520771563250206,
    2.385781841110335,
    2.385781841110335,
    2.857229842928424,
    2.857229842928424
  ]
}