{
  "horizon": 95,
  "lower_objective": 4.8247600563015745,
  "lower_values": [
    4.999193995085639,
    4.6391185424935815,
    4.999193995085639,
    4.999193995085639,
    4.999193995085639,
    4.312665814973313
  ],
  "method": "deterministic_joint_state_belief_propagation",
  "objective_estimate": 4.825005207995826,
  "status": "ok",
  "tail_interval_width": 0.0004903033885037544,
  "total_belief_nodes": 34282,
  "upper_objective": 4.825250359690078,
  "upper_values": [
    4.9996842984741425,
    4.639608845882088,
    4.9996842984741425,
    4.9996842984741425,
    4.9996842984741425,
    4.313156118361816
  ]
}