{
  "action_encoding": {
    "formula": "action = prescription_index * n_receiver_actions + receiver_action",
    "solver_jpo_action_offset": 1,
    "state_zero_bit": "most_significant"
  },
  "bounds": {
    "gap": 11.433374382130019,
    "lower_objective": 40.23107220594693,
    "lower_values": [
      40.27556540068175,
      39.988609121344595,
      40.593289133803815,
      40.27556540068175,
      40.593289133803815,
      39.66011504536584
    ],
    "root_gap": 11.433374828986478,
    "root_lower_objective": 40.23107220594692,
    "root_upper_objective": 51.6644470349334,
    "upper_objective": 51.66444658807695,
    "upper_values": [
      51.8398108042109,
      51.500093673893815,
      51.85979731282147,
      51.82305028109147,
      51.822389536579855,
      51.14153791986419
    ]
  },
  "initialization": {
    "initial_beliefs": [
      [
        1.0,
        0.0,
        0.0,
        0.0,
        0.0,
        0.0
      ],
      [
        0.0,
        1.0,
        0.0,
        0.0,
        0.0,
        0.0
      ],
      [
        0.0,
        0.0,
        1.0,
        0.0,
        0.0,
        0.0
      ],
      [
        0.0,
        0.0,
        0.0,
        1.0,
        0.0,
        0.0
      ],
      [
        0.0,
        0.0,
        0.0,
        0.0,
        1.0,
        0.0
      ],
      [
        0.0,
        0.0,
        0.0,
        0.0,
        0.0,
        1.0
      ]
    ],
    "initial_weights": [
      0.16666666666666666,
      0.16666666666666666,
      0.16666666666666666,
      0.16666666666666666,
      0.16666666666666666,
      0.16666666666666666
    ],
    "kind": "single synthetic root revealing a uniformly sampled physical state",
    "root_value_scale": "V_root / gamma, gamma=0.99"
  },
  "model": {
    "beta": 0.0,
    "epsilon": 0.05000000000000001,
    "gamma": 0.99,
    "mdp_density": 0.5,
    "mdp_seed": 1111,
    "mdp_sha256": "580f9fa806b22e34e0f0d1010a1012409199158e69e3f71c129e1c5119fb8d6a",
    "n_jpo_actions": 128,
    "n_prescriptions": 64,
    "n_receiver_actions": 2,
    "n_states": 6
  },
  "runtime": {
    "julia": "1.12.6",
    "native_sarsop": "0.1.4",
    "pomdp_tools": "1.1.0",
    "pomdps": "1.0.0"
  },
  "solver": {
    "delta": 0.0001,
    "export_beliefs": false,
    "initial_bound_max_time": 30.0,
    "initial_bound_residual": 1e-08,
    "initial_upper_bound": "fully_observable",
    "kappa": 0.5,
    "max_steps": 1000000,
    "max_time": 500.0,
    "precision": 0.01,
    "prune_threshold": 0.1,
    "search_epsilon": 0.01,
    "use_binning": true
  },
  "training": {
    "alpha_count": 4,
    "belief_count": 8698600,
    "elapsed_seconds": 502.7120270729065,
    "history": [
      {
        "elapsed_seconds": 1.4066696166992188e-05,
        "initial_gap": 10151.685969110493,
        "initial_lower_objective": -10099.999999999984,
        "initial_upper_objective": 51.68596911050958,
        "iteration": 0,
        "root_gap": 10050.169109419388,
        "root_lower": -9998.999999999984,
        "root_upper": 51.169109419404485
      },
      {
        "elapsed_seconds": 0.000431060791015625,
        "initial_gap": 26.711134436216597,
        "initial_lower_objective": 24.974834674292985,
        "initial_upper_objective": 51.68596911050958,
        "iteration": 1,
        "root_gap": 26.44402309185443,
        "root_lower": 24.725086327550056,
        "root_upper": 51.169109419404485
      },
      {
        "elapsed_seconds": 1.2733569145202637,
        "initial_gap": 23.715863047846625,
        "initial_lower_objective": 27.970106062662953,
        "initial_upper_objective": 51.68596911050958,
        "iteration": 2,
        "root_gap": 23.47870441736816,
        "root_lower": 27.690405002036325,
        "root_upper": 51.169109419404485
      },
      {
        "elapsed_seconds": 3.5008769035339355,
        "initial_gap": 22.349315706678535,
        "initial_lower_objective": 29.333575468047997,
        "initial_upper_objective": 51.682891174726535,
        "iteration": 3,
        "root_gap": 22.12582254961175,
        "root_lower": 29.040239713367516,
        "root_upper": 51.16606226297927
      },
      {
        "elapsed_seconds": 7.552386999130249,
        "initial_gap": 21.373293756453368,
        "initial_lower_objective": 30.30737202985489,
        "initial_upper_objective": 51.68066578630826,
        "iteration": 4,
        "root_gap": 21.159560818888835,
        "root_lower": 30.00429830955634,
        "root_upper": 51.163859128445175
      },
      {
        "elapsed_seconds": 13.335969924926758,
        "initial_gap": 19.92521630523841,
        "initial_lower_objective": 31.754605959309558,
        "initial_upper_objective": 51.679822264547965,
        "iteration": 5,
        "root_gap": 19.725964142186026,
        "root_lower": 31.437059899716463,
        "root_upper": 51.16302404190249
      },
      {
        "elapsed_seconds": 21.321135997772217,
        "initial_gap": 19.58106339094151,
        "initial_lower_objective": 32.09731263946028,
        "initial_upper_objective": 51.678376030401786,
        "iteration": 6,
        "root_gap": 19.385252757032095,
        "root_lower": 31.776339513065675,
        "root_upper": 51.16159227009777
      },
      {
        "elapsed_seconds": 32.254010915756226,
        "initial_gap": 18.963723888605593,
        "initial_lower_objective": 32.71380684353039,
        "initial_upper_objective": 51.677530732135985,
        "iteration": 7,
        "root_gap": 18.774086649719536,
        "root_lower": 32.38666877509509,
        "root_upper": 51.160755424814624
      },
      {
        "elapsed_seconds": 43.66705584526062,
        "initial_gap": 18.217580566988623,
        "initial_lower_objective": 33.45614380332424,
        "initial_upper_objective": 51.67372437031286,
        "iteration": 8,
        "root_gap": 18.035404761318738,
        "root_lower": 33.121582365291,
        "root_upper": 51.156987126609735
      },
      {
        "elapsed_seconds": 58.50556397438049,
        "initial_gap": 17.549711216989266,
        "initial_lower_objective": 34.12170434080369,
        "initial_upper_objective": 51.671415557792955,
        "iteration": 9,
        "root_gap": 17.374214104819373,
        "root_lower": 33.78048729739565,
        "root_upper": 51.154701402215025
      },
      {
        "elapsed_seconds": 80.14708399772644,
        "initial_gap": 17.28805528860118,
        "initial_lower_objective": 34.38239816939546,
        "initial_upper_objective": 51.670453457996636,
        "iteration": 10,
        "root_gap": 17.115174735715165,
        "root_lower": 34.038574187701506,
        "root_upper": 51.15374892341667
      },
      {
        "elapsed_seconds": 103.65423202514648,
        "initial_gap": 15.79209522353294,
        "initial_lower_objective": 35.87833212216717,
        "initial_upper_objective": 51.67042734570011,
        "iteration": 11,
        "root_gap": 15.63417427129761,
        "root_lower": 35.5195488009455,
        "root_upper": 51.15372307224311
      },
      {
        "elapsed_seconds": 124.4149968624115,
        "initial_gap": 15.115232259619624,
        "initial_lower_objective": 36.55358238874672,
        "initial_upper_objective": 51.66881464836634,
        "iteration": 12,
        "root_gap": 14.964079937023428,
        "root_lower": 36.18804656485925,
        "root_upper": 51.15212650188268
      },
      {
        "elapsed_seconds": 145.10259199142456,
        "initial_gap": 14.593883489997369,
        "initial_lower_objective": 37.074240339699344,
        "initial_upper_objective": 51.66812382969671,
        "iteration": 13,
        "root_gap": 14.447944655097395,
        "root_lower": 36.70349793630235,
        "root_upper": 51.15144259139974
      },
      {
        "elapsed_seconds": 167.77453088760376,
        "initial_gap": 14.391819022628788,
        "initial_lower_objective": 37.27443672614794,
        "initial_upper_objective": 51.66625574877673,
        "iteration": 14,