{
  "horizon": 95,
  "lower_objective": 2.2934870439609263,
  "lower_values": [
    2.637710724817431,
    2.235467475314735,
    2.181341637689185,
    2.235467475314735,
    2.235467475314735,
    2.235467475314735
  ],
  "method": "deterministic_joint_state_belief_propagation",
  "objective_estimate": 2.2937220747136733,
  "status": "same_as_normal_no_violations",
  "tail_interval_width": 0.0004700615054944457,
  "total_belief_nodes": 53586,
  "unrestricted_upper_minus_restricted_lower": 0.027005212875431894,
  "upper_objective": 2.2939571054664207,
  "upper_values": [
    2.6381807863229256,
    2.23593753682023,
    2.181811699194679,
    2.23593753682023,
    2.23593753682023,
    2.23593753682023
  ]
}