{
  "horizon": 95,
  "lower_objective": 3.7936851173427923,
  "lower_values": [
    4.3082624930542055,
    3.120901970006424,
    4.3082624930542055,
    4.3082624930542055,
    3.4949066317573,
    3.221514623130413
  ],
  "method": "deterministic_joint_state_belief_propagation",
  "objective_estimate": 3.7939201480955393,
  "status": "ok",
  "tail_interval_width": 0.0004700615054935575,
  "total_belief_nodes": 46693,
  "unrestricted_upper_minus_restricted_lower": 0.0867514393482196,
  "upper_objective": 3.794155178848286,
  "upper_values": [
    4.308732554559699,
    3.121372031511919,
    4.308732554559699,
    4.308732554559699,
    3.4953766932627954,
    3.2219846846359084
  ]
}