{
  "horizon": 95,
  "lower_objective": 2.4361040859154572,
  "lower_values": [
    2.300693563058459,
    2.303900731882925,
    2.7021143783927544,
    2.303900731882925,
    2.7021143783927544,
    2.303900731882925
  ],
  "method": "deterministic_joint_state_belief_propagation",
  "objective_estimate": 2.4363391166682042,
  "status": "same_as_normal_no_violations",
  "tail_interval_width": 0.0004700615054935575,
  "total_belief_nodes": 27078,
  "unrestricted_upper_minus_restricted_lower": 0.01914341356982785,
  "upper_objective": 2.436574147420951,
  "upper_values": [
    2.3011636245639533,
    2.3043707933884177,
    2.7025844398982493,
    2.3043707933884177,
    2.7025844398982493,
    2.3043707933884177
  ]
}