{
  "horizon": 95,
  "lower_objective": 2.6706436619749923,
  "lower_values": [
    2.6797228824928983,
    2.6797228824928983,
    2.6797228824928983,
    2.9145894669116545,
    2.3903809749667073,
    2.6797228824928983
  ],
  "method": "deterministic_joint_state_belief_propagation",
  "objective_estimate": 2.6708786927277384,
  "status": "same_as_normal_no_violations",
  "tail_interval_width": 0.00047006150549311343,
  "total_belief_nodes": 27509,
  "unrestricted_upper_minus_restricted_lower": 0.015157229244286086,
  "upper_objective": 2.6711137234804854,
  "upper_values": [
    2.680192943998391,
    2.680192943998391,
    2.680192943998391,
    2.915059528417148,
    2.3908510364721995,
    2.680192943998391
  ]
}