{
  "horizon": 95,
  "lower_objective": 3.9182607253673503,
  "lower_values": [
    3.9861467909096753,
    3.9861467909096753,
    3.9861467909096753,
    3.5788303976557256,
    3.9861467909096753,
    3.9861467909096753
  ],
  "method": "deterministic_joint_state_belief_propagation",
  "objective_estimate": 3.9184957561200973,
  "status": "ok",
  "tail_interval_width": 0.0004700615054935575,
  "total_belief_nodes": 28469,
  "upper_objective": 3.918730786872844,
  "upper_values": [
    3.986616852415169,
    3.986616852415169,
    3.986616852415169,
    3.579300459161221,
    3.986616852415169,
    3.986616852415169
  ]
}