{
  "horizon": 95,
  "lower_objective": 2.3225443253647593,
  "lower_values": [
    2.08708126270488,
    2.2888377778193694,
    2.2888377778193694,
    2.2888377778193694,
    2.6928335782062,
    2.2888377778193694
  ],
  "method": "deterministic_joint_state_belief_propagation",
  "objective_estimate": 2.3227793561175063,
  "status": "same_as_normal_no_violations",
  "tail_interval_width": 0.0004700615054935575,
  "total_belief_nodes": 13814,
  "unrestricted_upper_minus_restricted_lower": 0.016221499130103734,
  "upper_objective": 2.323014386870253,
  "upper_values": [
    2.0875513242103727,
    2.2893078393248634,
    2.2893078393248634,
    2.2893078393248634,
    2.6933036397116923,
    2.2893078393248634
  ]
}