{
  "action_encoding": {
    "formula": "action = prescription_index * n_receiver_actions + receiver_action",
    "solver_jpo_action_offset": 1,
    "state_zero_bit": "most_significant"
  },
  "bounds": {
    "gap": 16.079836252753054,
    "lower_objective": 35.570509184197746,
    "lower_values": [
      35.52766949212177,
      35.259777534260465,
      36.05237220209656,
      35.52766949212177,
      36.05237220209656,
      35.00319418248938
    ],
    "root_gap": 16.07996530782901,
    "root_lower_objective": 35.570509184197746,
    "root_upper_objective": 51.65047449202676,
    "upper_objective": 51.6503454369508,
    "upper_values": [
      51.82167610842927,
      51.48469707261141,
      51.85979731282147,
      51.80464126678139,
      51.79939195506321,
      51.131868905998026
    ]
  },
  "initialization": {
    "initial_beliefs": [
      [
        1.0,
        0.0,
        0.0,
        0.0,
        0.0,
        0.0
      ],
      [
        0.0,
        1.0,
        0.0,
        0.0,
        0.0,
        0.0
      ],
      [
        0.0,
        0.0,
        1.0,
        0.0,
        0.0,
        0.0
      ],
      [
        0.0,
        0.0,
        0.0,
        1.0,
        0.0,
        0.0
      ],
      [
        0.0,
        0.0,
        0.0,
        0.0,
        1.0,
        0.0
      ],
      [
        0.0,
        0.0,
        0.0,
        0.0,
        0.0,
        1.0
      ]
    ],
    "initial_weights": [
      0.16666666666666666,
      0.16666666666666666,
      0.16666666666666666,
      0.16666666666666666,
      0.16666666666666666,
      0.16666666666666666
    ],
    "kind": "single synthetic root revealing a uniformly sampled physical state",
    "root_value_scale": "V_root / gamma, gamma=0.99"
  },
  "model": {
    "beta": 0.0,
    "epsilon": 0.09000000000000001,
    "gamma": 0.99,
    "mdp_density": 0.5,
    "mdp_seed": 1111,
    "mdp_sha256": "580f9fa806b22e34e0f0d1010a1012409199158e69e3f71c129e1c5119fb8d6a",
    "n_jpo_actions": 128,
    "n_prescriptions": 64,
    "n_receiver_actions": 2,
    "n_states": 6
  },
  "runtime": {
    "julia": "1.12.6",
    "native_sarsop": "0.1.4",
    "pomdp_tools": "1.1.0",
    "pomdps": "1.0.0"
  },
  "solver": {
    "delta": 0.0001,
    "export_beliefs": false,
    "initial_bound_max_time": 30.0,
    "initial_bound_residual": 1e-08,
    "initial_upper_bound": "fully_observable",
    "kappa": 0.5,
    "max_steps": 1000000,
    "max_time": 500.0,
    "precision": 0.01,
    "prune_threshold": 0.1,
    "search_epsilon": 0.01,
    "use_binning": true
  },
  "training": {
    "alpha_count": 4,
    "belief_count": 4555636,
    "elapsed_seconds": 3785.1598529815674,
    "history": [
      {
        "elapsed_seconds": 9.059906005859375e-06,
        "initial_gap": 10151.685969110493,
        "initial_lower_objective": -10099.999999999984,
        "initial_upper_objective": 51.68596911050958,
        "iteration": 0,
        "root_gap": 10050.169109419388,
        "root_lower": -9998.999999999984,
        "root_upper": 51.169109419404485
      },
      {
        "elapsed_seconds": 0.0003380775451660156,
        "initial_gap": 26.711134436216597,
        "initial_lower_objective": 24.974834674292985,
        "initial_upper_objective": 51.68596911050958,
        "iteration": 1,
        "root_gap": 26.44402309185443,
        "root_lower": 24.725086327550056,
        "root_upper": 51.169109419404485
      },
      {
        "elapsed_seconds": 1.1892240047454834,
        "initial_gap": 25.18198448914204,
        "initial_lower_objective": 26.503984621367543,
        "initial_upper_objective": 51.68596911050958,
        "iteration": 2,
        "root_gap": 24.930164644250617,
        "root_lower": 26.23894477515387,
        "root_upper": 51.169109419404485
      },
      {
        "elapsed_seconds": 3.1688950061798096,
        "initial_gap": 23.222399780553776,
        "initial_lower_objective": 28.459496183925115,
        "initial_upper_objective": 51.68189596447889,
        "iteration": 3,
        "root_gap": 22.99017578274824,
        "root_lower": 28.174901222085865,
        "root_upper": 51.1650770048341
      },
      {
        "elapsed_seconds": 6.942284107208252,
        "initial_gap": 21.97162281742422,
        "initial_lower_objective": 29.704719244084394,
        "initial_upper_objective": 51.67634206150861,
        "iteration": 4,
        "root_gap": 21.751906589249977,
        "root_lower": 29.40767205164355,
        "root_upper": 51.15957864089353
      },
      {
        "elapsed_seconds": 12.71701693534851,
        "initial_gap": 21.296964258471384,
        "initial_lower_objective": 30.37709741172195,
        "initial_upper_objective": 51.67406167019333,
        "iteration": 5,
        "root_gap": 21.08399461588667,
        "root_lower": 30.07332643760473,
        "root_upper": 51.1573210534914
      },
      {
        "elapsed_seconds": 20.10703992843628,
        "initial_gap": 20.264565017769993,
        "initial_lower_objective": 31.401339594348762,
        "initial_upper_objective": 51.66590461211876,
        "iteration": 6,
        "root_gap": 20.061919367592292,
        "root_lower": 31.087326198405275,
        "root_upper": 51.14924556599757
      },
      {
        "elapsed_seconds": 33.62508487701416,
        "initial_gap": 18.820812571026377,
        "initial_lower_objective": 32.84035904957177,
        "initial_upper_objective": 51.66117162059814,
        "iteration": 7,
        "root_gap": 18.63260444531611,
        "root_lower": 32.51195545907605,
        "root_upper": 51.14455990439216
      },
      {
        "elapsed_seconds": 44.910309076309204,
        "initial_gap": 18.54801629248278,
        "initial_lower_objective": 33.11179826497824,
        "initial_upper_objective": 51.659814557461026,
        "iteration": 8,
        "root_gap": 18.362536129557952,
        "root_lower": 32.78068028232846,
        "root_upper": 51.143216411886414
      },
      {
        "elapsed_seconds": 57.64326190948486,
        "initial_gap": 17.97577342619205,
        "initial_lower_objective": 33.683658123229534,
        "initial_upper_objective": 51.65943154942158,
        "iteration": 9,
        "root_gap": 17.79601569193013,
        "root_lower": 33.34682154199724,
        "root_upper": 51.14283723392737
      },
      {
        "elapsed_seconds": 74.30655288696289,
        "initial_gap": 17.00308475019303,
        "initial_lower_objective": 34.65379147320666,
        "initial_upper_objective": 51.656876223399685,
        "iteration": 10,
        "root_gap": 16.8330539026911,
        "root_lower": 34.30725355847459,
        "root_upper": 51.14030746116569
      },
      {
        "elapsed_seconds": 94.85901308059692,
        "initial_gap": 16.311802041527724,
        "initial_lower_objective": 35.343981535482826,
        "initial_upper_objective": 51.65578357701055,
        "iteration": 11,
        "root_gap": 16.148684021112444,
        "root_lower": 34.990541720128,
        "root_upper": 51.139225741240445
      },
      {
        "elapsed_seconds": 3785.061271905899,
        "initial_gap": 16.07996530782901,
        "initial_lower_objective": 35.570509184197746,
        "initial_upper_objective": 51.65047449202676,
        "iteration": 12,
        "root_gap": 15.91916565475072,
        "root_lower": 35.21480409235577,
        "root_upper": 51.13396974710649
      }
    ],
    "initial_lower_residual": 9.844669079939194e-09,
    "initial_lower_subsolution_shift": 0.0,
    "initial_upper_bound": "fully_observable",
    "initial_upper_iterations": 1628,
    "initial_upper_residual": 9.941246048583707e-09,
    "initialization_seconds": 0.2947559356689453,
    "iterations": 12,
    "stop_reason": "max_time"
  }
}