{
  "horizon": 95,
  "lower_objective": 4.2716709184404005,
  "lower_values": [
    4.4668592936857054,
    3.934621828327395,
    4.147412900628947,
    4.4668592936857054,
    4.147412900628947,
    4.4668592936857054
  ],
  "method": "deterministic_joint_state_belief_propagation",
  "objective_estimate": 4.271905949193147,
  "status": "ok",
  "tail_interval_width": 0.00047006150549222525,
  "total_belief_nodes": 26123,
  "upper_objective": 4.272140979945893,
  "upper_values": [
    4.467329355191198,
    3.935091889832887,
    4.147882962134439,
    4.467329355191198,
    4.147882962134439,
    4.467329355191198
  ]
}