{
  "horizon": 96,
  "lower_objective": 4.730409344419112,
  "lower_values": [
    4.904534459093133,
    4.542207326248996,
    4.904534459093133,
    4.904534459093133,
    4.904534459093133,
    4.22211090389314
  ],
  "method": "deterministic_joint_state_belief_propagation",
  "objective_estimate": 4.730639089791293,
  "status": "ok",
  "tail_interval_width": 0.0004594907443635776,
  "total_belief_nodes": 31837,
  "upper_objective": 4.730868835163475,
  "upper_values": [
    4.904993949837497,
    4.54266681699336,
    4.904993949837497,
    4.904993949837497,
    4.904993949837497,
    4.222570394637504
  ]
}