{
  "horizon": 95,
  "lower_objective": 1.3913715502738333,
  "lower_values": [
    1.4849933614682345,
    1.2977497390794324,
    1.2977497390794324,
    1.4849933614682345,
    1.2977497390794324,
    1.4849933614682345
  ],
  "method": "deterministic_joint_state_belief_propagation",
  "objective_estimate": 1.3916065810265799,
  "status": "ok",
  "tail_interval_width": 0.00047006150549311343,
  "total_belief_nodes": 23310,
  "upper_objective": 1.3918416117793264,
  "upper_values": [
    1.4854634229737276,
    1.2982198005849257,
    1.2982198005849257,
    1.4854634229737276,
    1.2982198005849257,
    1.4854634229737276
  ]
}