iteration	elapsed_seconds	root_lower	root_upper	root_gap
0.0	9.059906005859375e-6	-99.00000000000004	2.23832164152778	101.23832164152782
1.0	0.00038313865661621094	1.9925757577732692	2.23832164152778	0.24574588375451056
2.0	0.014647960662841797	2.2270809241714393	2.23832164152778	0.011240717356340468
3.0	0.041509151458740234	2.2315360855052164	2.2366340144481245	0.005097928942908059
