{
  "horizon": 95,
  "lower_objective": 4.598283292380957,
  "lower_values": [
    4.162152818104713,
    4.991896229783413,
    4.991896229783413,
    4.225929123415398,
    4.225929123415398,
    4.991896229783413
  ],
  "method": "deterministic_joint_state_belief_propagation",
  "objective_estimate": 4.598518323133705,
  "status": "ok",
  "tail_interval_width": 0.00047006150549577796,
  "total_belief_nodes": 37481,
  "upper_objective": 4.598753353886453,
  "upper_values": [
    4.162622879610207,
    4.992366291288908,
    4.992366291288908,
    4.226399184920893,
    4.226399184920893,
    4.992366291288908
  ]
}