{
  "horizon": 95,
  "lower_objective": 4.597977070034651,
  "lower_values": [
    4.161693132321468,
    4.991620700124494,
    4.991620700124494,
    4.22565359375648,
    4.22565359375648,
    4.991620700124494
  ],
  "method": "deterministic_joint_state_belief_propagation",
  "objective_estimate": 4.598212100787398,
  "status": "ok",
  "tail_interval_width": 0.0004700615054940016,
  "total_belief_nodes": 36928,
  "unrestricted_upper_minus_restricted_lower": 0.01153343007489216,
  "upper_objective": 4.598447131540145,
  "upper_values": [
    4.162163193826962,
    4.992090761629988,
    4.992090761629988,
    4.226123655261973,
    4.226123655261973,
    4.992090761629988
  ]
}