{
  "alpha_vector_count": 4,
  "analysis_discounted_tail_bound": 9.67774912024056e-09,
  "analysis_horizon": 197,
  "analysis_total_belief_nodes": 14204,
  "beta": 0.05,
  "candidate_index": 46,
  "discounted_transmission_occupancy": 2.1019235292736234,
  "epsilon": 0.06000000000000001,
  "epsilon_index": 5,
  "gamma": 0.9,
  "index": 465,
  "margin": -0.4576000000000002,
  "margin_region": "m<0",
  "mdp_seed": 905932898,
  "normal_minus_restricted_lower": -0.0001638391591880506,
  "normal_minus_restricted_upper": 0.000776283851801729,
  "normal_minus_restricted_value": 0.0003062223463068392,
  "normal_policy_horizon": 95,
  "normal_policy_interval_width": 0.00047006150549577796,
  "normal_policy_lower_bound": 4.598283292380957,
  "normal_policy_total_belief_nodes": 37481,
  "normal_policy_upper_bound": 4.598753353886453,
  "normal_policy_value": 4.598518323133705,
  "point_id": "seed_905932898_e05",
  "restricted_policy_horizon": 95,
  "restricted_policy_interval_width": 0.0004700615054940016,
  "restricted_policy_lower_bound": 4.597977070034651,
  "restricted_policy_status": "ok",
  "restricted_policy_total_belief_nodes": 36928,
  "restricted_policy_upper_bound": 4.598447131540145,
  "restricted_policy_value": 4.598212100787398,
  "reused_solver_checkpoint": false,
  "root_gap": 0.011001308882469097,
  "sampled_belief_count": 5064025,
  "sarsop_gap": 0.010995081526353978,
  "sarsop_gap_within_acceptance_threshold": true,
  "sarsop_lower_bound": 4.598515418583189,
  "sarsop_upper_bound": 4.609510500109543,
  "solver_elapsed_seconds": 448.8451159000397,
  "solver_iterations": 320,
  "solver_stop_reason": "precision",
  "status": "ok",
  "violation_count": 15,
  "violation_discounted_event_occupancy": 0.004627346165298147,
  "violation_first_depth_max": 15,
  "violation_first_depth_min": 1
}