{
  "horizon": 95,
  "lower_objective": 1.9908751966606395,
  "lower_values": [
    1.7651757351458084,
    1.9409060446657702,
    2.298516238713874,
    1.952734648040864,
    1.689402274683649,
    2.298516238713874
  ],
  "method": "deterministic_joint_state_belief_propagation",
  "objective_estimate": 1.9911102274133863,
  "status": "same_as_normal_no_violations",
  "tail_interval_width": 0.0004700615054933355,
  "total_belief_nodes": 75987,
  "unrestricted_upper_minus_restricted_lower": 0.05117391172989749,
  "upper_objective": 1.9913452581661328,
  "upper_values": [
    1.7656457966513004,
    1.9413761061712627,
    2.298986300219368,
    1.9532047095463572,
    1.6898723361891415,
    2.298986300219368
  ]
}