{
  "horizon": 95,
  "lower_objective": 2.4791447625080667,
  "lower_values": [
    2.818580003527805,
    2.394433883771799,
    2.422473601325666,
    2.394433883771799,
    2.422473601325666,
    2.422473601325666
  ],
  "method": "deterministic_joint_state_belief_propagation",
  "objective_estimate": 2.479379793260813,
  "status": "same_as_normal_no_violations",
  "tail_interval_width": 0.00047006150549222525,
  "total_belief_nodes": 38255,
  "unrestricted_upper_minus_restricted_lower": 0.0058921785599515,
  "upper_objective": 2.479614824013559,
  "upper_values": [
    2.8190500650332972,
    2.394903945277292,
    2.4229436628311576,
    2.394903945277292,
    2.4229436628311576,
    2.4229436628311576
  ]
}