{
  "horizon": 95,
  "lower_objective": 2.4796751067741227,
  "lower_values": [
    2.818910687620192,
    2.3955538127859817,
    2.422677442484194,
    2.3955538127859817,
    2.422677442484194,
    2.422677442484194
  ],
  "method": "deterministic_joint_state_belief_propagation",
  "objective_estimate": 2.4799101375268693,
  "status": "ok",
  "tail_interval_width": 0.00047006150549311343,
  "total_belief_nodes": 37670,
  "upper_objective": 2.480145168279616,
  "upper_values": [
    2.8193807491256853,
    2.3960238742914757,
    2.4231475039896866,
    2.3960238742914757,
    2.4231475039896866,
    2.4231475039896866
  ]
}