{
  "horizon": 95,
  "lower_objective": 2.000761566655906,
  "lower_values": [
    1.7750027147736773,
    1.9505600863026864,
    2.3084692110246943,
    1.9618395016714476,
    1.700228675138238,
    2.3084692110246943
  ],
  "method": "deterministic_joint_state_belief_propagation",
  "objective_estimate": 2.0009965974086525,
  "status": "same_as_normal_no_violations",
  "tail_interval_width": 0.00047006150549266934,
  "total_belief_nodes": 75750,
  "unrestricted_upper_minus_restricted_lower": 0.06297152090289737,
  "upper_objective": 2.0012316281613987,
  "upper_values": [
    1.7754727762791709,
    1.9510301478081782,
    2.3089392725301874,
    1.9623095631769398,
    1.7006987366437298,
    2.3089392725301874
  ]
}