{
  "horizon": 95,
  "lower_objective": 4.267887012563849,
  "lower_values": [
    4.462835671409097,
    3.9310776388509012,
    4.143868711152452,
    4.462835671409097,
    4.143868711152452,
    4.462835671409097
  ],
  "method": "deterministic_joint_state_belief_propagation",
  "objective_estimate": 4.268122043316596,
  "status": "ok",
  "tail_interval_width": 0.00047006150549311343,
  "total_belief_nodes": 26227,
  "upper_objective": 4.268357074069342,
  "upper_values": [
    4.4633057329145895,
    3.9315477003563966,
    4.144338772657944,
    4.4633057329145895,
    4.144338772657944,
    4.4633057329145895
  ]
}