{
  "horizon": 95,
  "lower_objective": 2.438334321765647,
  "lower_values": [
    2.3039118368110083,
    2.305801912711006,
    2.7043441778249275,
    2.305801912711006,
    2.7043441778249275,
    2.305801912711006
  ],
  "method": "deterministic_joint_state_belief_propagation",
  "objective_estimate": 2.4385693525183934,
  "status": "same_as_normal_no_violations",
  "tail_interval_width": 0.00047006150549266934,
  "total_belief_nodes": 27078,
  "unrestricted_upper_minus_restricted_lower": 0.06718557323036922,
  "upper_objective": 2.4388043832711395,
  "upper_values": [
    2.3043818983165014,
    2.3062719742164983,
    2.70481423933042,
    2.3062719742164983,
    2.70481423933042,
    2.3062719742164983
  ]
}