{
  "horizon": 95,
  "lower_objective": 3.282363684298141,
  "lower_values": [
    3.010326327115198,
    3.500654078622563,
    3.010326327115198,
    3.500654078622563,
    3.1715672156907626,
    3.500654078622563
  ],
  "method": "deterministic_joint_state_belief_propagation",
  "objective_estimate": 3.2825987150508875,
  "status": "ok",
  "tail_interval_width": 0.00047006150549311343,
  "total_belief_nodes": 48806,
  "upper_objective": 3.282833745803634,
  "upper_values": [
    3.01079638862069,
    3.5011241401280566,
    3.01079638862069,
    3.5011241401280566,
    3.1720372771962544,
    3.5011241401280566
  ]
}