{
  "horizon": 95,
  "lower_objective": 5.244964648929406,
  "lower_values": [
    5.602530559521557,
    5.602530559521557,
    4.780040527346131,
    5.602530559521557,
    4.79349020307936,
    5.088665484586273
  ],
  "method": "deterministic_joint_state_belief_propagation",
  "objective_estimate": 5.245199679682151,
  "status": "same_as_normal_no_violations",
  "tail_interval_width": 0.00047006150549133707,
  "total_belief_nodes": 570,
  "unrestricted_upper_minus_restricted_lower": 0.000267439615185161,
  "upper_objective": 5.245434710434897,
  "upper_values": [
    5.603000621027048,
    5.603000621027048,
    4.780510588851625,
    5.603000621027048,
    4.79396026458485,
    5.0891355460917636
  ]
}