iteration	elapsed_seconds	root_lower	root_upper	root_gap
0.0	8.821487426757812e-6	-99.00000000000004	4.7207088796901315	103.72070887969018
1.0	0.0003478527069091797	4.720708725730566	4.7207088796901315	1.53959565096784e-7
