{
  "horizon": 95,
  "lower_objective": 2.847287987684278,
  "lower_values": [
    2.7937723245865564,
    2.7937723245865564,
    2.42519040518808,
    2.6337440016726235,
    3.218624435035926,
    3.218624435035926
  ],
  "method": "deterministic_joint_state_belief_propagation",
  "objective_estimate": 2.847523018437024,
  "status": "same_as_normal_no_violations",
  "tail_interval_width": 0.00047006150549222525,
  "total_belief_nodes": 54372,
  "unrestricted_upper_minus_restricted_lower": 0.011234218199325241,
  "upper_objective": 2.8477580491897703,
  "upper_values": [
    2.7942423860920487,
    2.7942423860920487,
    2.4256604666935715,
    2.6342140631781152,
    3.21909449654142,
    3.21909449654142
  ]
}