{
  "horizon": 95,
  "lower_objective": 1.6548390657428445,
  "lower_values": [
    1.6023687097431134,
    1.599971398515196,
    1.5022222185621017,
    1.6023687097431134,
    1.599971398515196,
    2.0221319593783473
  ],
  "method": "deterministic_joint_state_belief_propagation",
  "objective_estimate": 1.655074096495591,
  "status": "same_as_normal_no_violations",
  "tail_interval_width": 0.0004700615054933355,
  "total_belief_nodes": 26611,
  "unrestricted_upper_minus_restricted_lower": 0.010989133235575377,
  "upper_objective": 1.6553091272483378,
  "upper_values": [
    1.6028387712486052,
    1.6004414600206889,
    1.502692280067597,
    1.6028387712486052,
    1.6004414600206889,
    2.0226020208838422
  ]
}