{
  "horizon": 95,
  "lower_objective": 2.027049638706492,
  "lower_values": [
    2.357029389072051,
    3.157688960482625,
    2.056250030644062,
    1.2675397106980777,
    1.2675397106980777,
    2.056250030644062
  ],
  "method": "deterministic_joint_state_belief_propagation",
  "objective_estimate": 2.027284669459238,
  "status": "ok",
  "tail_interval_width": 0.00047006150549222525,
  "total_belief_nodes": 77917,
  "upper_objective": 2.0275197002119842,
  "upper_values": [
    2.357499450577543,
    3.1581590219881184,
    2.0567200921495528,
    1.2680097722035693,
    1.2680097722035693,
    2.0567200921495528
  ]
}