{
  "horizon": 95,
  "lower_objective": 2.027047998278516,
  "lower_values": [
    2.357027642021499,
    3.157685791453176,
    2.056248506615496,
    1.267538771482714,
    1.267538771482714,
    2.056248506615496
  ],
  "method": "deterministic_joint_state_belief_propagation",
  "objective_estimate": 2.0272830290312616,
  "status": "ok",
  "tail_interval_width": 0.00047006150549178116,
  "total_belief_nodes": 77917,
  "unrestricted_upper_minus_restricted_lower": 0.010943350344416292,
  "upper_objective": 2.0275180597840077,
  "upper_values": [
    2.357497703526993,
    3.1581558529586697,
    2.056718568120986,
    1.2680088329882062,
    1.2680088329882062,
    2.056718568120986
  ]
}