{
  "alpha_vector_count": 22,
  "analysis_discounted_tail_bound": 9.67774912024056e-09,
  "analysis_horizon": 197,
  "analysis_total_belief_nodes": 50518,
  "beta": 0.05,
  "candidate_index": 32,
  "discounted_transmission_occupancy": 1.3910229167005461,
  "epsilon": 0.05000000000000001,
  "epsilon_index": 4,
  "gamma": 0.9,
  "index": 324,
  "margin": -0.3775000000000002,
  "margin_region": "m<0",
  "mdp_seed": 1755395082,
  "normal_minus_restricted_lower": -0.0004684210775156572,
  "normal_minus_restricted_upper": 0.0004717019334683492,
  "normal_minus_restricted_value": 1.6404279765680485e-06,
  "normal_policy_horizon": 95,
  "normal_policy_interval_width": 0.00047006150549222525,
  "normal_policy_lower_bound": 2.027049638706492,
  "normal_policy_total_belief_nodes": 77917,
  "normal_policy_upper_bound": 2.0275197002119842,
  "normal_policy_value": 2.027284669459238,
  "point_id": "seed_1755395082_e04",
  "restricted_policy_horizon": 95,
  "restricted_policy_interval_width": 0.00047006150549178116,
  "restricted_policy_lower_bound": 2.027047998278516,
  "restricted_policy_status": "ok",
  "restricted_policy_total_belief_nodes": 77917,
  "restricted_policy_upper_bound": 2.0275180597840077,
  "restricted_policy_value": 2.0272830290312616,
  "reused_solver_checkpoint": false,
  "root_gap": 0.010833546535748972,
  "sampled_belief_count": 7033468,
  "sarsop_gap": 0.010830185960721828,
  "sarsop_gap_within_acceptance_threshold": true,
  "sarsop_lower_bound": 2.0271611626622104,
  "sarsop_upper_bound": 2.037991348622932,
  "solver_elapsed_seconds": 498.909451007843,
  "solver_iterations": 625,
  "solver_stop_reason": "precision",
  "status": "ok",
  "violation_count": 1,
  "violation_discounted_event_occupancy": 2.6380660047063966e-05,
  "violation_first_depth_max": 18,
  "violation_first_depth_min": 18
}