{
  "analysis_discounted_tail_bound": 9.67774912024056e-09,
  "analysis_horizon": 197,
  "analysis_total_belief_nodes": 50518,
  "discounted_transmission_occupancy": 1.3910229167005461,
  "violation_count": 1,
  "violations": [
    {
      "action": 114,
      "belief": [
        0.005011532801810365,
        0.35135589387081867,
        0.0051094975794289095,
        0.13763626836716913,
        0.49353127056943796,
        0.007355536811334834
      ],
      "common_next_receiver_action": 0,
      "discounted_event_occupancy": 2.6380660047063966e-05,
      "first_depth": 18,
      "no_reception_next_action": 32,
      "null_probability_given_belief": 0.5455008721403426,
      "prescription": [
        1,
        1,
        1,
        0,
        0,
        1
      ],
      "prescription_index": 57,
      "reached_state": 1,
      "receiver_action": 0,
      "success_next_action": 80,
      "success_probability_given_belief": 0.2154282344999857
    }
  ]
}