{
  "horizon": 95,
  "lower_objective": 2.6222824113959557,
  "lower_values": [
    2.818622661539027,
    3.139948690456717,
    2.3593179383848404,
    2.818622661539027,
    2.2802986527611866,
    2.316883863694939
  ],
  "method": "deterministic_joint_state_belief_propagation",
  "objective_estimate": 2.6225174421487027,
  "status": "ok",
  "tail_interval_width": 0.0004700615054935575,
  "total_belief_nodes": 120887,
  "unrestricted_upper_minus_restricted_lower": 0.07935976039063775,
  "upper_objective": 2.6227524729014493,
  "upper_values": [
    2.81909272304452,
    3.1404187519622107,
    2.359787999890335,
    2.81909272304452,
    2.2807687142666793,
    2.3173539252004325
  ]
}