{
  "alpha_vector_count": 8,
  "analysis_discounted_tail_bound": 9.67774912024056e-09,
  "analysis_horizon": 197,
  "analysis_total_belief_nodes": 54348,
  "beta": 0.05,
  "candidate_index": 8,
  "discounted_transmission_occupancy": 1.9378621458976473,
  "epsilon": 0.07,
  "epsilon_index": 6,
  "gamma": 0.9,
  "index": 86,
  "margin": -0.5359000000000002,
  "margin_region": "m<0",
  "mdp_seed": 826965060,
  "normal_minus_restricted_lower": 0.023887666103689753,
  "normal_minus_restricted_upper": 0.02482778911467909,
  "normal_minus_restricted_value": 0.024357727609183755,
  "normal_policy_horizon": 95,
  "normal_policy_interval_width": 0.00047006150549577796,
  "normal_policy_lower_bound": 2.646640139005139,
  "normal_policy_total_belief_nodes": 120051,
  "normal_policy_upper_bound": 2.647110200510635,
  "normal_policy_value": 2.6468751697578865,
  "point_id": "seed_826965060_e06",
  "restricted_policy_horizon": 95,
  "restricted_policy_interval_width": 0.0004700615054935575,
  "restricted_policy_lower_bound": 2.6222824113959557,
  "restricted_policy_status": "ok",
  "restricted_policy_total_belief_nodes": 120887,
  "restricted_policy_upper_bound": 2.6227524729014493,
  "restricted_policy_value": 2.6225174421487027,
  "reused_solver_checkpoint": false,
  "root_gap": 0.05517897150340802,
  "sampled_belief_count": 4372327,
  "sarsop_gap": 0.05485719451393045,
  "sarsop_gap_within_acceptance_threshold": true,
  "sarsop_lower_bound": 2.646784977272663,
  "sarsop_upper_bound": 2.7016421717865935,
  "solver_elapsed_seconds": 600.488981962204,
  "solver_iterations": 212,
  "solver_stop_reason": "max_time",
  "status": "ok",
  "violation_count": 77,
  "violation_discounted_event_occupancy": 0.3364816518217195,
  "violation_first_depth_max": 74,
  "violation_first_depth_min": 0
}