{
  "action_encoding": {
    "formula": "action = prescription_index * n_receiver_actions + receiver_action",
    "solver_jpo_action_offset": 1,
    "state_zero_bit": "most_significant"
  },
  "bounds": {
    "gap": 1.5901741939217118e-05,
    "lower_objective": 2.6170598554663886,
    "lower_values": [
      2.8586661565656,
      2.518059116287761,
      2.4308413630846792,
      2.518067224006933,
      2.518059116287761,
      2.8586661565656
    ],
    "root_gap": 1.5901741939513176e-05,
    "root_lower_objective": 2.617059855466389,
    "root_upper_objective": 2.6170757572083283,
    "upper_objective": 2.617075757208328,
    "upper_values": [
      2.8586793557344814,
      2.5180804231758147,
      2.4308545622535616,
      2.5180804231758147,
      2.5180804231758147,
      2.8586793557344814
    ]
  },
  "initialization": {
    "initial_beliefs": [
      [
        1.0,
        0.0,
        0.0,
        0.0,
        0.0,
        0.0
      ],
      [
        0.0,
        1.0,
        0.0,
        0.0,
        0.0,
        0.0
      ],
      [
        0.0,
        0.0,
        1.0,
        0.0,
        0.0,
        0.0
      ],
      [
        0.0,
        0.0,
        0.0,
        1.0,
        0.0,
        0.0
      ],
      [
        0.0,
        0.0,
        0.0,
        0.0,
        1.0,
        0.0
      ],
      [
        0.0,
        0.0,
        0.0,
        0.0,
        0.0,
        1.0
      ]
    ],
    "initial_weights": [
      0.16666666666666666,
      0.16666666666666666,
      0.16666666666666666,
      0.16666666666666666,
      0.16666666666666666,
      0.16666666666666666
    ],
    "kind": "single synthetic root revealing a uniformly sampled physical state",
    "root_value_scale": "V_root / gamma, gamma=0.9"
  },
  "model": {
    "beta": 0.05,
    "epsilon": 0.1,
    "gamma": 0.9,
    "mdp_density": 0.5,
    "mdp_seed": 2095406712,
    "mdp_sha256": "fa3d8ee93c73aef880913f5ef77792b73791c7d0171d59a72bd700bdebc1f07f",
    "n_jpo_actions": 128,
    "n_prescriptions": 64,
    "n_receiver_actions": 2,
    "n_states": 6
  },
  "runtime": {
    "julia": "1.12.6",
    "native_sarsop": "0.1.4",
    "pomdp_tools": "1.1.0",
    "pomdps": "1.0.0"
  },
  "solver": {
    "delta": 0.0001,
    "export_beliefs": false,
    "initial_bound_max_time": 30.0,
    "initial_bound_residual": 1e-08,
    "initial_upper_bound": "fully_observable",
    "kappa": 0.5,
    "max_steps": 1000000,
    "max_time": 600.0,
    "precision": 0.01,
    "prune_threshold": 0.1,
    "search_epsilon": 0.01,
    "use_binning": true
  },
  "training": {
    "alpha_count": 2,
    "belief_count": 904,
    "elapsed_seconds": 0.14250707626342773,
    "history": [
      {
        "elapsed_seconds": 1.4066696166992188e-05,
        "initial_gap": 112.61707575720837,
        "initial_lower_objective": -110.00000000000004,
        "initial_upper_objective": 2.6170757572083283,
        "iteration": 0,
        "root_gap": 101.35536818148753,
        "root_lower": -99.00000000000004,
        "root_upper": 2.3553681814874956
      },
      {
        "elapsed_seconds": 0.0264739990234375,
        "initial_gap": 1.5901741939513176e-05,
        "initial_lower_objective": 2.617059855466389,
        "initial_upper_objective": 2.6170757572083283,
        "iteration": 1,
        "root_gap": 1.431156774556186e-05,
        "root_lower": 2.35535386991975,
        "root_upper": 2.3553681814874956
      }
    ],
    "initial_lower_residual": 8.169955822978636e-09,
    "initial_lower_subsolution_shift": 5.032082528444449e-09,
    "initial_upper_bound": "fully_observable",
    "initial_upper_iterations": 167,
    "initial_upper_residual": 9.689597124662441e-09,
    "initialization_seconds": 0.22503113746643066,
    "iterations": 1,
    "stop_reason": "precision"
  }
}