{
  "horizon": 95,
  "lower_objective": 3.8888212331111505,
  "lower_values": [
    3.7687047351550915,
    4.131029017241041,
    3.7647551587195465,
    4.131029017241041,
    3.7687047351550915,
    3.7687047351550915
  ],
  "method": "deterministic_joint_state_belief_propagation",
  "objective_estimate": 3.889056263863897,
  "status": "ok",
  "tail_interval_width": 0.0004700615054935575,
  "total_belief_nodes": 43004,
  "unrestricted_upper_minus_restricted_lower": 0.09507065452494956,
  "upper_objective": 3.889291294616644,
  "upper_values": [
    3.7691747966605846,
    4.131499078746534,
    3.7652252202250405,
    4.131499078746534,
    3.7691747966605846,
    3.7691747966605846
  ]
}