{
  "horizon": 95,
  "lower_objective": 2.335525323160453,
  "lower_values": [
    2.099236461856264,
    2.3019881968938476,
    2.3019881968938476,
    2.3019881968938476,
    2.7059626895310656,
    2.3019881968938476
  ],
  "method": "deterministic_joint_state_belief_propagation",
  "objective_estimate": 2.3357603539131997,
  "status": "ok",
  "tail_interval_width": 0.00047006150549266934,
  "total_belief_nodes": 15845,
  "upper_objective": 2.335995384665946,
  "upper_values": [
    2.099706523361757,
    2.30245825839934,
    2.30245825839934,
    2.30245825839934,
    2.7064327510365582,
    2.30245825839934
  ]
}