{
  "horizon": 95,
  "lower_objective": 3.9068500429466346,
  "lower_values": [
    3.786701924150279,
    4.148946002887676,
    3.78310247945362,
    4.148946002887676,
    3.786701924150279,
    3.786701924150279
  ],
  "method": "deterministic_joint_state_belief_propagation",
  "objective_estimate": 3.9070850736993807,
  "status": "ok",
  "tail_interval_width": 0.00047006150549266934,
  "total_belief_nodes": 43398,
  "upper_objective": 3.9073201044521273,
  "upper_values": [
    3.7871719856557693,
    4.149416064393171,
    3.7835725409591143,
    4.149416064393171,
    3.7871719856557693,
    3.7871719856557693
  ]
}