{
  "horizon": 95,
  "lower_objective": 3.900131158342351,
  "lower_values": [
    3.7798369306313817,
    4.142682858315937,
    3.775910441528083,
    4.142682858315937,
    3.7798369306313817,
    3.7798369306313817
  ],
  "method": "deterministic_joint_state_belief_propagation",
  "objective_estimate": 3.900366189095096,
  "status": "ok",
  "tail_interval_width": 0.000470061505490893,
  "total_belief_nodes": 43389,
  "unrestricted_upper_minus_restricted_lower": 0.0777410195618593,
  "upper_objective": 3.9006012198478417,
  "upper_values": [
    3.780306992136874,
    4.1431529198214285,
    3.776380503033575,
    4.1431529198214285,
    3.780306992136874,
    3.780306992136874
  ]
}