{
  "alpha_vector_count": 6,
  "analysis_discounted_tail_bound": 9.67774912024056e-09,
  "analysis_horizon": 197,
  "analysis_total_belief_nodes": 16647,
  "beta": 0.05,
  "candidate_index": 51,
  "discounted_transmission_occupancy": 2.179720492936754,
  "epsilon": 0.030000000000000006,
  "epsilon_index": 2,
  "gamma": 0.9,
  "index": 512,
  "margin": -0.21190000000000014,
  "margin_region": "m<0",
  "mdp_seed": 1063508366,
  "normal_minus_restricted_lower": 0.006248823098792933,
  "normal_minus_restricted_upper": 0.007188946109776495,
  "normal_minus_restricted_value": 0.006718884604284714,
  "normal_policy_horizon": 95,
  "normal_policy_interval_width": 0.00047006150549266934,
  "normal_policy_lower_bound": 3.9068500429466346,
  "normal_policy_total_belief_nodes": 43398,
  "normal_policy_upper_bound": 3.9073201044521273,
  "normal_policy_value": 3.9070850736993807,
  "point_id": "seed_1063508366_e02",
  "restricted_policy_horizon": 95,
  "restricted_policy_interval_width": 0.000470061505490893,
  "restricted_policy_lower_bound": 3.900131158342351,
  "restricted_policy_status": "ok",
  "restricted_policy_total_belief_nodes": 43389,
  "restricted_policy_upper_bound": 3.9006012198478417,
  "restricted_policy_value": 3.900366189095096,
  "reused_solver_checkpoint": false,
  "root_gap": 0.07168633835149318,
  "sampled_belief_count": 1586572,
  "sarsop_gap": 0.07082682908406834,
  "sarsop_gap_within_acceptance_threshold": true,
  "sarsop_lower_bound": 3.9070453488201418,
  "sarsop_upper_bound": 3.97787217790421,
  "solver_elapsed_seconds": 944.5386409759521,
  "solver_iterations": 84,
  "solver_stop_reason": "max_time",
  "status": "ok",
  "violation_count": 43,
  "violation_discounted_event_occupancy": 0.12991667181999783,
  "violation_first_depth_max": 29,
  "violation_first_depth_min": 1
}