{
  "horizon": 1220,
  "lower_objective": 49.990298683614625,
  "lower_values": [
    50.16613092960491,
    49.80752628489355,
    50.16613092960491,
    50.16613092960491,
    50.16613092960491,
    49.4697420983746
  ],
  "method": "deterministic_joint_state_belief_propagation",
  "objective_estimate": 49.99054693395757,
  "status": "ok",
  "tail_interval_width": 0.000496500685883916,
  "total_belief_nodes": 462335,
  "upper_objective": 49.99079518430051,
  "upper_values": [
    50.16662743029015,
    49.8080227855788,
    50.16662743029015,
    50.16662743029015,
    50.16662743029015,
    49.47023859906369
  ]
}