{
  "action_encoding": {
    "formula": "action = prescription_index * n_receiver_actions + receiver_action",
    "solver_jpo_action_offset": 1,
    "state_zero_bit": "most_significant"
  },
  "bounds": {
    "gap": 0.006270572526082319,
    "lower_objective": 2.4791017330597134,
    "lower_values": [
      2.8185569915496327,
      2.394327926417221,
      2.422476827494937,
      2.394318458775796,
      2.4224650970603463,
      2.4224650970603463
    ],
    "root_gap": 0.006270572526450518,
    "root_lower_objective": 2.4791017330597134,
    "root_upper_objective": 2.485372305586164,
    "upper_objective": 2.4853723055857957,
    "upper_values": [
      2.8235427979335794,
      2.401014954190819,
      2.42558355829092,
      2.410925388538205,
      2.425583567280625,
      2.425583567280625
    ]
  },
  "initialization": {
    "initial_beliefs": [
      [
        1.0,
        0.0,
        0.0,
        0.0,
        0.0,
        0.0
      ],
      [
        0.0,
        1.0,
        0.0,
        0.0,
        0.0,
        0.0
      ],
      [
        0.0,
        0.0,
        1.0,
        0.0,
        0.0,
        0.0
      ],
      [
        0.0,
        0.0,
        0.0,
        1.0,
        0.0,
        0.0
      ],
      [
        0.0,
        0.0,
        0.0,
        0.0,
        1.0,
        0.0
      ],
      [
        0.0,
        0.0,
        0.0,
        0.0,
        0.0,
        1.0
      ]
    ],
    "initial_weights": [
      0.16666666666666666,
      0.16666666666666666,
      0.16666666666666666,
      0.16666666666666666,
      0.16666666666666666,
      0.16666666666666666
    ],
    "kind": "single synthetic root revealing a uniformly sampled physical state",
    "root_value_scale": "V_root / gamma, gamma=0.9"
  },
  "model": {
    "beta": 0.05,
    "epsilon": 0.01,
    "gamma": 0.9,
    "mdp_density": 0.5,
    "mdp_seed": 1682953351,
    "mdp_sha256": "54f7d69e33d59c5cd807e8ad4322b83bab80a0a6b6ffb356296f36bf8b20c221",
    "n_jpo_actions": 128,
    "n_prescriptions": 64,
    "n_receiver_actions": 2,
    "n_states": 6
  },
  "runtime": {
    "julia": "1.12.6",
    "native_sarsop": "0.1.4",
    "pomdp_tools": "1.1.0",
    "pomdps": "1.0.0"
  },
  "solver": {
    "delta": 0.0001,
    "export_beliefs": false,
    "initial_bound_max_time": 30.0,
    "initial_bound_residual": 1e-08,
    "initial_upper_bound": "fully_observable",
    "kappa": 0.5,
    "max_steps": 1000000,
    "max_time": 600.0,
    "precision": 0.01,
    "prune_threshold": 0.1,
    "search_epsilon": 0.01,
    "use_binning": true
  },
  "training": {
    "alpha_count": 3,
    "belief_count": 61405,
    "elapsed_seconds": 0.12348079681396484,
    "history": [
      {
        "elapsed_seconds": 7.867813110351562e-06,
        "initial_gap": 112.48702404614201,
        "initial_lower_objective": -110.00000000000004,
        "initial_upper_objective": 2.4870240461419777,
        "iteration": 0,
        "root_gap": 101.23832164152782,
        "root_lower": -99.00000000000004,
        "root_upper": 2.23832164152778
      },
      {
        "elapsed_seconds": 0.0003387928009033203,
        "initial_gap": 0.27305098194945615,
        "initial_lower_objective": 2.2139730641925213,
        "initial_upper_objective": 2.4870240461419777,
        "iteration": 1,
        "root_gap": 0.24574588375451056,
        "root_lower": 1.9925757577732692,
        "root_upper": 2.23832164152778
      },
      {
        "elapsed_seconds": 0.012050867080688477,
        "initial_gap": 0.011516988394064181,
        "initial_lower_objective": 2.4755070577479135,
        "initial_upper_objective": 2.4870240461419777,
        "iteration": 2,
        "root_gap": 0.010365289554657764,
        "root_lower": 2.227956351973122,
        "root_upper": 2.23832164152778
      },
      {
        "elapsed_seconds": 0.026770830154418945,
        "initial_gap": 0.006270572526450518,
        "initial_lower_objective": 2.4791017330597134,
        "initial_upper_objective": 2.485372305586164,
        "iteration": 3,
        "root_gap": 0.005643515273805466,
        "root_lower": 2.231191559753742,
        "root_upper": 2.2368350750275474
      }
    ],
    "initial_lower_residual": 8.468313161813512e-09,
    "initial_lower_subsolution_shift": 0.0,
    "initial_upper_bound": "fully_observable",
    "initial_upper_iterations": 167,
    "initial_upper_residual": 9.988561533447182e-09,
    "initialization_seconds": 0.18314599990844727,
    "iterations": 3,
    "stop_reason": "precision"
  }
}