{
  "horizon": 95,
  "lower_objective": 3.677065127815663,
  "lower_values": [
    3.469137534984894,
    4.124191788656257,
    3.469137534984894,
    4.124191788656257,
    3.388453813885439,
    3.487278305726237
  ],
  "method": "deterministic_joint_state_belief_propagation",
  "objective_estimate": 3.6773001585684097,
  "status": "ok",
  "tail_interval_width": 0.0004700615054935575,
  "total_belief_nodes": 67285,
  "upper_objective": 3.6775351893211567,
  "upper_values": [
    3.469607596490387,
    4.124661850161751,
    3.469607596490387,
    4.124661850161751,
    3.388923875390932,
    3.487748367231732
  ]
}