{
  "horizon": 95,
  "lower_objective": 3.642836458003494,
  "lower_values": [
    3.386404467704509,
    3.386404467704509,
    4.139068814465782,
    3.4671715955970384,
    3.338900588083345,
    4.139068814465782
  ],
  "method": "deterministic_joint_state_belief_propagation",
  "objective_estimate": 3.643071488756241,
  "status": "ok",
  "tail_interval_width": 0.0004700615054935575,
  "total_belief_nodes": 21845,
  "upper_objective": 3.6433065195089878,
  "upper_values": [
    3.386874529210005,
    3.386874529210005,
    4.139538875971273,
    3.4676416571025315,
    3.339370649588838,
    4.139538875971273
  ]
}