{
  "action_encoding": {
    "formula": "action = prescription_index * n_receiver_actions + receiver_action",
    "solver_jpo_action_offset": 1,
    "state_zero_bit": "most_significant"
  },
  "bounds": {
    "gap": 0.29333958918201564,
    "lower_objective": 7.021760259997114,
    "lower_values": [
      7.083531380529659,
      7.051757912756199,
      6.921279485307178,
      6.766242353955659,
      7.16790699614636,
      7.139843431287634
    ],
    "root_gap": 0.29333958918201514,
    "root_lower_objective": 7.021760259997114,
    "root_upper_objective": 7.315099849179129,
    "upper_objective": 7.31509984917913,
    "upper_values": [
      7.390721008499876,
      7.36052876807282,
      7.201173355749203,
      7.034877517386255,
      7.452237157450675,
      7.4510612879159535
    ]
  },
  "initialization": {
    "initial_beliefs": [
      [
        1.0,
        0.0,
        0.0,
        0.0,
        0.0,
        0.0
      ],
      [
        0.0,
        1.0,
        0.0,
        0.0,
        0.0,
        0.0
      ],
      [
        0.0,
        0.0,
        1.0,
        0.0,
        0.0,
        0.0
      ],
      [
        0.0,
        0.0,
        0.0,
        1.0,
        0.0,
        0.0
      ],
      [
        0.0,
        0.0,
        0.0,
        0.0,
        1.0,
        0.0
      ],
      [
        0.0,
        0.0,
        0.0,
        0.0,
        0.0,
        1.0
      ]
    ],
    "initial_weights": [
      0.16666666666666666,
      0.16666666666666666,
      0.16666666666666666,
      0.16666666666666666,
      0.16666666666666666,
      0.16666666666666666
    ],
    "kind": "single synthetic root revealing a uniformly sampled physical state",
    "root_value_scale": "V_root / gamma, gamma=0.9"
  },
  "model": {
    "beta": 0.1,
    "epsilon": 0.09000000000000001,
    "gamma": 0.9,
    "mdp_density": 0.5,
    "mdp_seed": 1111,
    "mdp_sha256": "d7da316d329b4889e7e777d11e05e73cfbc4247cc4fc4b11b7ce59a173551948",
    "n_jpo_actions": 128,
    "n_prescriptions": 64,
    "n_receiver_actions": 2,
    "n_states": 6
  },
  "runtime": {
    "julia": "1.12.6",
    "native_sarsop": "0.1.4",
    "pomdp_tools": "1.1.0",
    "pomdps": "1.0.0"
  },
  "solver": {
    "delta": 0.0001,
    "export_beliefs": false,
    "initial_bound_max_time": 30.0,
    "initial_bound_residual": 1e-08,
    "initial_upper_bound": "fully_observable",
    "kappa": 0.5,
    "max_steps": 1000000,
    "max_time": 500.0,
    "precision": 0.01,
    "prune_threshold": 0.1,
    "search_epsilon": 0.01,
    "use_binning": true
  },
  "training": {
    "alpha_count": 8,
    "belief_count": 981562,
    "elapsed_seconds": 979.2063429355621,
    "history": [
      {
        "elapsed_seconds": 1.0967254638671875e-05,
        "initial_gap": 117.37377851153757,
        "initial_lower_objective": -110.00000000000004,
        "initial_upper_objective": 7.373778511537526,
        "iteration": 0,
        "root_gap": 105.63640066038381,
        "root_lower": -99.00000000000004,
        "root_upper": 6.6364006603837735
      },
      {
        "elapsed_seconds": 0.03775787353515625,
        "initial_gap": 1.075079598679927,
        "initial_lower_objective": 6.298698912857599,
        "initial_upper_objective": 7.373778511537526,
        "iteration": 1,
        "root_gap": 0.9675716388119344,
        "root_lower": 5.668829021571839,
        "root_upper": 6.6364006603837735
      },
      {
        "elapsed_seconds": 0.06859397888183594,
        "initial_gap": 0.5902473550167,
        "initial_lower_objective": 6.783531155024936,
        "initial_upper_objective": 7.373778510041636,
        "iteration": 2,
        "root_gap": 0.53122261951503,
        "root_lower": 6.105178039522443,
        "root_upper": 6.636400659037473
      },
      {
        "elapsed_seconds": 0.1326608657836914,
        "initial_gap": 0.42579238216036547,
        "initial_lower_objective": 6.947986126385381,
        "initial_upper_objective": 7.373778508545747,
        "iteration": 3,
        "root_gap": 0.3832131439443289,
        "root_lower": 6.253187513746843,
        "root_upper": 6.636400657691172
      },
      {
        "elapsed_seconds": 0.2830629348754883,
        "initial_gap": 0.39277183883270517,
        "initial_lower_objective": 6.9810066673516715,
        "initial_upper_objective": 7.373778506184377,
        "iteration": 4,
        "root_gap": 0.35349465494943466,
        "root_lower": 6.282906000616505,
        "root_upper": 6.636400655565939
      },
      {
        "elapsed_seconds": 0.38359689712524414,
        "initial_gap": 0.37612486081275875,
        "initial_lower_objective": 6.994319044390003,
        "initial_upper_objective": 7.3704439052027615,
        "iteration": 5,
        "root_gap": 0.3385123747314829,
        "root_lower": 6.294887139951003,
        "root_upper": 6.633399514682486
      },
      {
        "elapsed_seconds": 0.5192859172821045,
        "initial_gap": 0.35993528707855366,
        "initial_lower_objective": 7.010508616387906,
        "initial_upper_objective": 7.37044390346646,
        "iteration": 6,
        "root_gap": 0.3239417583706983,
        "root_lower": 6.309457754749116,
        "root_upper": 6.633399513119814
      },
      {
        "elapsed_seconds": 0.6948099136352539,
        "initial_gap": 0.3562567604351003,
        "initial_lower_objective": 7.01418714303136,
        "initial_upper_objective": 7.37044390346646,
        "iteration": 7,
        "root_gap": 0.32063108439159027,
        "root_lower": 6.312768428728224,
        "root_upper": 6.633399513119814
      },
      {
        "elapsed_seconds": 0.954765796661377,
        "initial_gap": 0.3562499788172187,
        "initial_lower_objective": 7.014193924649241,
        "initial_upper_objective": 7.37044390346646,
        "iteration": 8,
        "root_gap": 0.32062498093549685,
        "root_lower": 6.312774532184317,
        "root_upper": 6.633399513119814
      },
      {
        "elapsed_seconds": 1.7074699401855469,
        "initial_gap": 0.3562499597937456,
        "initial_lower_objective": 7.014193943672714,
        "initial_upper_objective": 7.37044390346646,
        "iteration": 9,
        "root_gap": 0.320624963814371,
        "root_lower": 6.312774549305443,
        "root_upper": 6.633399513119814
      },
      {
        "elapsed_seconds": 2.090070962905884,
        "initial_gap": 0.3463109323913935,
        "initial_lower_objective": 7.01833434218409,
        "initial_upper_objective": 7.3646452745754845,
        "iteration": 10,
        "root_gap": 0.31167983915225417,
        "root_lower": 6.316500907965682,
        "root_upper": 6.628180747117936
      },
      {
        "elapsed_seconds": 2.536520004272461,
        "initial_gap": 0.3451664358331651,
        "initial_lower_objective": 7.0194788387423195,
        "initial_upper_objective": 7.3646452745754845,
        "iteration": 11,
        "root_gap": 0.31064979224984857,
        "root_lower": 6.317530954868087,
        "root_upper": 6.628180747117936
      },
      {
        "elapsed_seconds": 3.0861759185791016,
        "initial_gap": 0.33912794828133624,
        "initial_lower_objective": 7.019483832859793,
        "initial_upper_objective": 7.358611781141129,
        "iteration": 12,
        "root_gap": 0.3052151534532026,
        "root_lower": 6.317535449573814,
        "root_upper": 6.622750603027017
      },
      {
        "elapsed_seconds": 3.92933988571167,
        "initial_gap": 0.3367758579366213,
        "initial_lower_objective": 7.0200182033700775,
        "initial_upper_objective": 7.356794061306699,
        "iteration": 13,
        "root_gap": 0.30309827214295915,
        "root_lower": 6.31801638303307,
        "root_upper": 6.621114655176029
      },
      {
        "elapsed_seconds": 4.70350193977356,
        "initial_gap": 0.3331340515734886,
        "initial_lower_objective": 7.020857410844961,
        "initial_upper_objective": 7.353991462418449,
        "iteration": 14,