{
  "horizon": 95,
  "lower_objective": 2.823554406774257,
  "lower_values": [
    2.7687643141265776,
    2.7687643141265776,
    2.402811304641128,
    2.6116594021181503,
    3.1946635528165546,
    3.1946635528165546
  ],
  "method": "deterministic_joint_state_belief_propagation",
  "objective_estimate": 2.8237894375270036,
  "status": "ok",
  "tail_interval_width": 0.00047006150549311343,
  "total_belief_nodes": 58360,
  "upper_objective": 2.82402446827975,
  "upper_values": [
    2.769234375632072,
    2.769234375632072,
    2.4032813661466212,
    2.612129463623643,
    3.1951336143220472,
    3.1951336143220472
  ]
}