{
  "alpha_vector_count": 7,
  "analysis_discounted_tail_bound": 9.67774912024056e-09,
  "analysis_horizon": 197,
  "analysis_total_belief_nodes": 26491,
  "beta": 0.05,
  "candidate_index": 10,
  "discounted_transmission_occupancy": 1.464576657900999,
  "epsilon": 0.08,
  "epsilon_index": 7,
  "gamma": 0.9,
  "index": 107,
  "margin": -0.6124000000000002,
  "margin_region": "m<0",
  "mdp_seed": 1690525620,
  "normal_minus_restricted_lower": 0.03868957763229686,
  "normal_minus_restricted_upper": 0.03962970064328264,
  "normal_minus_restricted_value": 0.039159639137789526,
  "normal_policy_horizon": 95,
  "normal_policy_interval_width": 0.00047006150549311343,
  "normal_policy_lower_bound": 2.8091872221569703,
  "normal_policy_total_belief_nodes": 66767,
  "normal_policy_upper_bound": 2.8096572836624634,
  "normal_policy_value": 2.809422252909717,
  "point_id": "seed_1690525620_e07",
  "restricted_policy_horizon": 95,
  "restricted_policy_interval_width": 0.00047006150549266934,
  "restricted_policy_lower_bound": 2.7700275830191807,
  "restricted_policy_status": "ok",
  "restricted_policy_total_belief_nodes": 66413,
  "restricted_policy_upper_bound": 2.7704976445246734,
  "restricted_policy_value": 2.7702626137719273,
  "reused_solver_checkpoint": false,
  "root_gap": 0.021542044072363115,
  "sampled_belief_count": 7373899,
  "sarsop_gap": 0.021389121349856488,
  "sarsop_gap_within_acceptance_threshold": true,
  "sarsop_lower_bound": 2.8093386468789645,
  "sarsop_upper_bound": 2.830727768228821,
  "solver_elapsed_seconds": 600.3970859050751,
  "solver_iterations": 445,
  "solver_stop_reason": "max_time",
  "status": "ok",
  "violation_count": 72,
  "violation_discounted_event_occupancy": 0.6078927377671483,
  "violation_first_depth_max": 35,
  "violation_first_depth_min": 0
}