{
  "horizon": 95,
  "lower_objective": 6.205791572541758,
  "lower_values": [
    6.428343084587512,
    5.689607983414111,
    5.831769113486393,
    6.428343084587512,
    6.428343084587512,
    6.428343084587512
  ],
  "method": "deterministic_joint_state_belief_propagation",
  "objective_estimate": 6.206026603294525,
  "status": "ok",
  "tail_interval_width": 0.0004700615055348578,
  "total_belief_nodes": 3706,
  "upper_objective": 6.2062616340472925,
  "upper_values": [
    6.428813146093002,
    5.69007804491971,
    5.832239174992037,
    6.428813146093002,
    6.428813146093002,
    6.428813146093002
  ]
}