{
  "horizon": 95,
  "lower_objective": 1.189943599097039,
  "lower_values": [
    1.0974140003867479,
    1.0974140003867479,
    1.0974140003867479,
    1.7207564439240584,
    1.1662659547549394,
    0.9603971947429929
  ],
  "method": "deterministic_joint_state_belief_propagation",
  "objective_estimate": 1.1901786298497856,
  "status": "ok",
  "tail_interval_width": 0.00047006150549311343,
  "total_belief_nodes": 60962,
  "upper_objective": 1.1904136606025322,
  "upper_values": [
    1.0978840618922412,
    1.0978840618922412,
    1.0978840618922412,
    1.721226505429551,
    1.166736016260432,
    0.9608672562484876
  ]
}