{
  "alpha_vector_count": 4,
  "analysis_discounted_tail_bound": 9.90526314525898e-09,
  "analysis_horizon": 2292,
  "analysis_total_belief_nodes": 341125,
  "beta": 0.0,
  "beta_index": 0,
  "discounted_transmission_occupancy": 42.615283170446,
  "epsilon": 0.05000000000000001,
  "epsilon_index": 4,
  "gamma": 0.99,
  "gamma_index": 1,
  "index": 44,
  "margin": -4.702499999999996,
  "margin_region": "m<0",
  "mdp_seed": 1111,
  "normal_minus_restricted_lower": 4.155374286484282,
  "normal_minus_restricted_upper": 4.156369213982671,
  "normal_minus_restricted_value": 4.155871750233473,
  "normal_policy_horizon": 1215,
  "normal_policy_interval_width": 0.000497463746491178,
  "normal_policy_lower_bound": 50.517215559694115,
  "normal_policy_total_belief_nodes": 1075925,
  "normal_policy_upper_bound": 50.517713023440606,
  "normal_policy_value": 50.51746429156736,
  "point_id": "g1_b00_e04",
  "restricted_lower_bound_status": "ok",
  "restricted_policy_horizon": 1215,
  "restricted_policy_interval_width": 0.0004974637518984082,
  "restricted_policy_lower_bound": 46.361343809457935,
  "restricted_policy_total_belief_nodes": 803841,
  "restricted_policy_upper_bound": 46.36184127320983,
  "reused_solver_checkpoint": false,
  "root_gap": 11.433374828986478,
  "sampled_belief_count": 8698600,
  "sarsop_gap": 11.433374382130019,
  "sarsop_lower_bound": 40.23107220594693,
  "sarsop_upper_bound": 51.66444658807695,
  "solver_elapsed_seconds": 502.7120270729065,
  "solver_iterations": 22,
  "solver_stop_reason": "max_time",
  "status": "ok",
  "unrestricted_upper_minus_restricted_lower": 5.303102778619014,
  "violation_count": 18,
  "violation_discounted_event_occupancy": 8.641471493883138,
  "violation_first_depth_max": 31,
  "violation_first_depth_min": 0
}