{
  "analysis_discounted_tail_bound": 9.90526314525898e-09,
  "analysis_horizon": 2292,
  "analysis_total_belief_nodes": 341125,
  "discounted_transmission_occupancy": 42.615283170446,
  "violation_count": 18,
  "violations": [
    {
      "action": 106,
      "belief": [
        0.0,
        0.0,
        0.0,
        0.0,
        0.0,
        1.0
      ],
      "common_next_receiver_action": 1,
      "discounted_event_occupancy": 3.318857996391118,
      "first_depth": 0,
      "no_reception_next_action": 21,
      "null_probability_given_belief": 0.05,
      "prescription": [
        1,
        1,
        0,
        1,
        0,
        1
      ],
      "prescription_index": 53,
      "reached_state": 0,
      "receiver_action": 0,
      "success_next_action": 21,
      "success_probability_given_belief": 0.6107142857142857
    },
    {
      "action": 106,
      "belief": [
        0.0,
        0.0,
        0.0,
        0.0,
        0.0,
        1.0
      ],
      "common_next_receiver_action": 1,
      "discounted_event_occupancy": 0.9219049989975359,
      "first_depth": 0,
      "no_reception_next_action": 21,
      "null_probability_given_belief": 0.05,
      "prescription": [
        1,
        1,
        0,
        1,
        0,
        1
      ],
      "prescription_index": 53,
      "reached_state": 1,
      "receiver_action": 0,
      "success_next_action": 21,
      "success_probability_given_belief": 0.16964285714285715
    },
    {
      "action": 106,
      "belief": [
        0.0,
        0.0,
        0.0,
        0.010752688172043013,
        0.7741935483870968,
        0.21505376344086025
      ],
      "common_next_receiver_action": 0,
      "discounted_event_occupancy": 2.474259012782107,
      "first_depth": 1,
      "no_reception_next_action": 8,
      "null_probability_given_belief": 0.5293778801843319,
      "prescription": [
        1,
        1,
        0,
        1,
        0,
        1
      ],
      "prescription_index": 53,
      "reached_state": 5,
      "receiver_action": 0,
      "success_next_action": 106,
      "success_probability_given_belief": 0.16781874039938557
    },
    {
      "action": 106,
      "belief": [
        0.016431765756308628,
        0.009319855825006733,
        0.010993246397077766,
        0.01032117865574831,
        0.7357340548538979,
        0.21719989851196067
      ],
      "common_next_receiver_action": 0,
      "discounted_event_occupancy": 1.109988188905711,
      "first_depth": 3,
      "no_reception_next_action": 8,
      "null_probability_given_belief": 0.5167089003184367,
      "prescription": [
        1,
        1,
        0,
        1,
        0,
        1
      ],
      "prescription_index": 53,
      "reached_state": 5,
      "receiver_action": 0,
      "success_next_action": 106,
      "success_probability_given_belief": 0.17355847833238663
    },
    {
      "action": 106,
      "belief": [
        0.017528683926083723,
        0.010033564416510666,
        0.011016472666739286,
        0.01028804641016402,
        0.733665274901541,
        0.2174679576789613
      ],
      "common_next_receiver_action": 0,
      "discounted_event_occupancy": 0.47121134658378483,
      "first_depth": 5,
      "no_reception_next_action": 8,
      "null_probability_given_belief": 0.5157465770235257,
      "prescription": [
        1,
        1,
        0,
        1,
        0,
        1
      ],
      "prescription_index": 53,
      "reached_state": 5,
      "receiver_action": 0,
      "success_next_action": 106,
      "success_probability_given_belief": 0.1739268426807296
    },
    {
      "action": 106,
      "belief": [
        0.01761018164852749,
        0.010089525608259296,
        0.011019285350222494,
        0.010285473589900349,
        0.7335050346108997,
        0.21749049919219066
      ],
      "common_next_receiver_action": 0,
      "discounted_event_occupancy": 0.19928180599653816,
      "first_depth": 7,
      "no_reception_next_action": 8,
      "null_probability_given_belief": 0.5156721813997222,
      "prescription": [
        1,
        1,
        0,
        1,
        0,
        1
      ],
      "prescription_index": 53,
      "reached_state": 5,
      "receiver_action": 0,
      "success_next_action": 106,
      "success_probability_given_belief": 0.1739537320417163
    },
    {
      "action": 106,
      "belief": [
        0.017616401978093933,
        0.01009389005868334,
        0.011019529685096813,
        0.010285274452822265,
        0.7334926390305909,
        0.2174922647947126
      ],
      "common_next_receiver_action": 0,
      "discounted_event_occupancy": 0.08425510672729748,
      "first_depth": 9,
      "no_reception_next_action": 8,
      "null_probability_given_belief": 0.5156664344770077,
      "prescription": [
        1,
        1,
        0,
        1,
        0,
        1
      ],
      "prescription_index": 53,
      "reached_state": 5,
      "receiver_action": 0,
      "success_next_action": 106,
      "success_probability_given_belief": 0.17395576903570742
    },
    {
      "action": 106,
      "belief": [
        0.01761688025105726,
        0.010094228724246304,
        0.011019549328486996,
        0.0102852590695832,
        0.7334916815728236,
        0.2174924010538025
      ],
      "common_next_receiver_action": 0,
      "discounted_event_occupancy": 0.03562176105260335,
      "first_depth": 11,
      "no_reception_next_action": 8,
      "null_probability_given_belief": 0.515665990933392,
      "prescription": [
        1,
        1,
        0,
        1,
        0,
        1
      ],
      "prescription_index": 53,
      "reached_state": 5,
      "receiver_action": 0,
      "success_next_action": 106,
      "success_probability_given_belief": 0.17395592514570954
    },
    {
      "action": 106,
      "belief": [
        0.017616917101758573,
        0.010094254925357569,
        0.011019550868657954,
        0.010285257882300499,
        0.73349160767593,
        0.21749241154599538
      ],
      "common_next_receiver_action": 0,
      "discounted_event_occupancy": 0.015060306623082569,
      "first_depth": 13,
      "no_reception_next_action": 8,
      "null_probability_given_belief": 0.5156659567153069,
      "prescription": [
        1,
        1,
        0,
        1,
        0,
        1
      ],
      "prescription_index": 53,
      "reached_state": 5,
      "receiver_action": 0,
      "success_next_action": 106,
      "success_probability_given_belief": 0.17395593715608368
    },
    {
      "action": 106,
      "belief": [
        0.01761691994283962,
        0.010094256949226868,
        0.011019550988286502,
        0.010285257790703365,
        0.7334916019748152,
        0.21749241235412847
      ],
      "common_next_receiver_action": 0,
      "discounted_event_occupancy": 0.00636725416445914,
      "first_depth": 15,
      "no_reception_next_action": 8,
      "null_probability_given_belief": 0.5156659540759779,
      "prescription": [
        1,
        1,
        0,
        1,
        0,
        1
      ],
      "prescription_index": 53,
      "reached_state": 5,
      "receiver_action": 0,
      "success_next_action": 106,
      "success_probability_given_belief": 0.1739559380814072
    },
    {
      "action": 106,
      "belief": [
        0.017616920161920673,
        0.010094257105431964,
        0.011019550997542201,
        0.010285257783638145,
        0.7334916015350629,
        0.21749241241640413
      ],
      "common_next_receiver_action": 0,
      "discounted_event_occupancy": 0.0026919720964179877,
      "first_depth": 17,
      "no_reception_next_action": 8,
      "null_probability_given_belief": 0.5156659538724173,
      "prescription": [
        1,
        1,
        0,
        1,
        0,
        1
      ],
      "prescription_index": 53,
      "reached_state": 5,
      "receiver_action": 0,
      "success_next_action": 106,