{
  "horizon": 95,
  "lower_objective": 2.783474909282453,
  "lower_values": [
    2.7285338151248406,
    2.7285338151248406,
    2.369232218449002,
    2.576521159567849,
    3.149014223714093,
    3.149014223714093
  ],
  "method": "deterministic_joint_state_belief_propagation",
  "objective_estimate": 2.7837099400352,
  "status": "ok",
  "tail_interval_width": 0.0004700615054940016,
  "total_belief_nodes": 56410,
  "unrestricted_upper_minus_restricted_lower": 0.06720650443296305,
  "upper_objective": 2.783944970787947,
  "upper_values": [
    2.729003876630334,
    2.729003876630334,
    2.3697022799544945,
    2.576991221073343,
    3.1494842852195886,
    3.1494842852195886
  ]
}