{
  "horizon": 95,
  "lower_objective": 1.1917306627534296,
  "lower_values": [
    1.099071664040699,
    1.099071664040699,
    1.099071664040699,
    1.7233645687224357,
    1.1677578444304086,
    0.9620465712456369
  ],
  "method": "deterministic_joint_state_belief_propagation",
  "objective_estimate": 1.1919656935061758,
  "status": "same_as_normal_no_violations",
  "tail_interval_width": 0.00047006150549222525,
  "total_belief_nodes": 59994,
  "unrestricted_upper_minus_restricted_lower": 0.010543658511965148,
  "upper_objective": 1.1922007242589219,
  "upper_values": [
    1.0995417255461908,
    1.0995417255461908,
    1.0995417255461908,
    1.7238346302279304,
    1.1682279059359004,
    0.9625166327511292
  ]
}