{
  "horizon": 95,
  "lower_objective": 1.8562058945349174,
  "lower_values": [
    1.874418566828925,
    2.2148428122548256,
    1.8635663098859363,
    1.728135892746606,
    1.728135892746606,
    1.728135892746606
  ],
  "method": "deterministic_joint_state_belief_propagation",
  "objective_estimate": 1.8564409252876812,
  "status": "ok",
  "tail_interval_width": 0.00047006150552753034,
  "total_belief_nodes": 25184,
  "upper_objective": 1.8566759560404449,
  "upper_values": [
    1.8748886283345176,
    2.2153128737603187,
    1.864036371391534,
    1.7286059542521,
    1.7286059542521,
    1.7286059542521
  ]
}