{
  "horizon": 95,
  "lower_objective": 5.5447488116521075,
  "lower_values": [
    5.313218903708883,
    5.705161892162036,
    5.705161892162036,
    5.705161892162036,
    5.705161892162036,
    5.134626397555617
  ],
  "method": "deterministic_joint_state_belief_propagation",
  "objective_estimate": 5.544983842404854,
  "status": "ok",
  "tail_interval_width": 0.00047006150549222525,
  "total_belief_nodes": 8836,
  "upper_objective": 5.5452188731576,
  "upper_values": [
    5.313688965214376,
    5.705631953667529,
    5.705631953667529,
    5.705631953667529,
    5.705631953667529,
    5.135096459061109
  ]
}