{
  "horizon": 95,
  "lower_objective": 3.085631974935451,
  "lower_values": [
    3.4401691885311387,
    2.8852982237287645,
    2.7388141637692565,
    3.124042861323641,
    3.4401691885311387,
    2.8852982237287645
  ],
  "method": "deterministic_joint_state_belief_propagation",
  "objective_estimate": 3.08586700568822,
  "status": "ok",
  "tail_interval_width": 0.0004700615055392987,
  "total_belief_nodes": 49827,
  "unrestricted_upper_minus_restricted_lower": 0.06443976039469401,
  "upper_objective": 3.08610203644099,
  "upper_values": [
    3.4406392500366327,
    2.885768285234256,
    2.7392842252750293,
    3.1245129228291337,
    3.4406392500366327,
    2.885768285234256
  ]
}