{
  "alpha_vector_count": 7,
  "analysis_discounted_tail_bound": 9.67774912024056e-09,
  "analysis_horizon": 197,
  "analysis_total_belief_nodes": 22638,
  "beta": 0.05,
  "candidate_index": 24,
  "discounted_transmission_occupancy": 1.758901245714987,
  "epsilon": 0.1,
  "epsilon_index": 9,
  "gamma": 0.9,
  "index": 249,
  "margin": -0.7600000000000003,
  "margin_region": "m<0",
  "mdp_seed": 1513036094,
  "normal_minus_restricted_lower": 0.028053676445060738,
  "normal_minus_restricted_upper": 0.028993799456155323,
  "normal_minus_restricted_value": 0.028523737950608474,
  "normal_policy_horizon": 95,
  "normal_policy_interval_width": 0.0004700615055552859,
  "normal_policy_lower_bound": 3.114155712886051,
  "normal_policy_total_belief_nodes": 49614,
  "normal_policy_upper_bound": 3.114625774391606,
  "normal_policy_value": 3.1143907436388285,
  "point_id": "seed_1513036094_e09",
  "restricted_policy_horizon": 95,
  "restricted_policy_interval_width": 0.0004700615055392987,
  "restricted_policy_lower_bound": 3.085631974935451,
  "restricted_policy_status": "ok",
  "restricted_policy_total_belief_nodes": 49827,
  "restricted_policy_upper_bound": 3.08610203644099,
  "restricted_policy_value": 3.08586700568822,
  "reused_solver_checkpoint": false,
  "root_gap": 0.035929502972296135,
  "sampled_belief_count": 5405359,
  "sarsop_gap": 0.03575158392937805,
  "sarsop_gap_within_acceptance_threshold": true,
  "sarsop_lower_bound": 3.114320151400767,
  "sarsop_upper_bound": 3.150071735330145,
  "solver_elapsed_seconds": 610.589476108551,
  "solver_iterations": 266,
  "solver_stop_reason": "max_time",
  "status": "ok",
  "violation_count": 7,
  "violation_discounted_event_occupancy": 0.5494314317144945,
  "violation_first_depth_max": 1,
  "violation_first_depth_min": 0
}