{
  "horizon": 95,
  "lower_objective": 3.8434097693827955,
  "lower_values": [
    4.37165924060554,
    3.14924764838045,
    4.37165924060554,
    4.37165924060554,
    3.543167315418638,
    3.2530659306810676
  ],
  "method": "deterministic_joint_state_belief_propagation",
  "objective_estimate": 3.843644800135543,
  "status": "ok",
  "tail_interval_width": 0.0004700615054948898,
  "total_belief_nodes": 46976,
  "upper_objective": 3.8438798308882904,
  "upper_values": [
    4.372129302111036,
    3.1497177098859437,
    4.372129302111036,
    4.372129302111036,
    3.5436373769241323,
    3.253535992186561
  ]
}