{
  "alpha_vector_count": 6,
  "analysis_discounted_tail_bound": 9.67774912024056e-09,
  "analysis_horizon": 197,
  "analysis_total_belief_nodes": 17751,
  "beta": 0.05,
  "candidate_index": 13,
  "discounted_transmission_occupancy": 1.3159785377399917,
  "epsilon": 0.1,
  "epsilon_index": 9,
  "gamma": 0.9,
  "index": 139,
  "margin": -0.7600000000000003,
  "margin_region": "m<0",
  "mdp_seed": 1823514311,
  "normal_minus_restricted_lower": 0.049254590534509646,
  "normal_minus_restricted_upper": 0.05019471354549809,
  "normal_minus_restricted_value": 0.04972465204000365,
  "normal_policy_horizon": 95,
  "normal_policy_interval_width": 0.0004700615054948898,
  "normal_policy_lower_bound": 3.8434097693827955,
  "normal_policy_total_belief_nodes": 46976,
  "normal_policy_upper_bound": 3.8438798308882904,
  "normal_policy_value": 3.843644800135543,
  "point_id": "seed_1823514311_e09",
  "restricted_policy_horizon": 95,
  "restricted_policy_interval_width": 0.0004700615054935575,
  "restricted_policy_lower_bound": 3.7936851173427923,
  "restricted_policy_status": "ok",
  "restricted_policy_total_belief_nodes": 46693,
  "restricted_policy_upper_bound": 3.794155178848286,
  "restricted_policy_value": 3.7939201480955393,
  "reused_solver_checkpoint": false,
  "root_gap": 0.03687153953920941,
  "sampled_belief_count": 6674074,
  "sarsop_gap": 0.03682819361178158,
  "sarsop_gap_within_acceptance_threshold": true,
  "sarsop_lower_bound": 3.8436083630792304,
  "sarsop_upper_bound": 3.880436556691012,
  "solver_elapsed_seconds": 600.5951170921326,
  "solver_iterations": 283,
  "solver_stop_reason": "max_time",
  "status": "ok",
  "violation_count": 41,
  "violation_discounted_event_occupancy": 0.6070077450078151,
  "violation_first_depth_max": 20,
  "violation_first_depth_min": 0
}