iteration	elapsed_seconds	root_lower	root_upper	root_gap
0.0	8.106231689453125e-6	-99.00000000000004	5.587913460823229	104.58791346082327
1.0	0.00030493736267089844	5.503497889717095	5.587913460823229	0.08441557110613385
2.0	0.006167888641357422	5.586369726289177	5.587913460823229	0.0015437345340520991
