iteration	elapsed_seconds	root_lower	root_upper	root_gap
0.0	1.0967254638671875e-5	-99.00000000000004	4.835702909804177	103.83570290980423
1.0	0.0009438991546630859	4.835702760202054	4.835702909804177	1.4960212357806313e-7
