{
  "horizon": 95,
  "lower_objective": 1.391072111577836,
  "lower_values": [
    1.4847649792591116,
    1.2973792438965608,
    1.2973792438965608,
    1.4847649792591116,
    1.2973792438965608,
    1.4847649792591116
  ],
  "method": "deterministic_joint_state_belief_propagation",
  "objective_estimate": 1.3913071423305832,
  "status": "ok",
  "tail_interval_width": 0.00047006150549422365,
  "total_belief_nodes": 23334,
  "upper_objective": 1.3915421730833302,
  "upper_values": [
    1.4852350407646058,
    1.2978493054020546,
    1.2978493054020546,
    1.4852350407646058,
    1.2978493054020546,
    1.4852350407646058
  ]
}