{
  "horizon": 95,
  "lower_objective": 3.256438688687479,
  "lower_values": [
    2.984962055155841,
    3.4736408537273062,
    2.984962055155841,
    3.4736408537273062,
    3.1477854606312747,
    3.4736408537273062
  ],
  "method": "deterministic_joint_state_belief_propagation",
  "objective_estimate": 3.2566737194402253,
  "status": "same_as_normal_no_violations",
  "tail_interval_width": 0.00047006150549266934,
  "total_belief_nodes": 47443,
  "unrestricted_upper_minus_restricted_lower": 0.011103929016539116,
  "upper_objective": 3.256908750192972,
  "upper_values": [
    2.985432116661334,
    3.474110915232798,
    2.985432116661334,
    3.474110915232798,
    3.148255522136768,
    3.474110915232798
  ]
}