{
  "horizon": 95,
  "lower_objective": 2.6742642349288674,
  "lower_values": [
    2.8592055755152677,
    3.1837643813568968,
    2.4091738871215984,
    2.8592055755152677,
    2.348699282495028,
    2.3855367075691465
  ],
  "method": "deterministic_joint_state_belief_propagation",
  "objective_estimate": 2.674499265681615,
  "status": "ok",
  "tail_interval_width": 0.0004700615054948898,
  "total_belief_nodes": 121938,
  "upper_objective": 2.6747342964343623,
  "upper_values": [
    2.859675637020762,
    3.1842344428623917,
    2.409643948627093,
    2.859675637020762,
    2.349169344000524,
    2.386006769074643
  ]
}